{"type":"FeatureCollection","name":"Obras_DER-PE","generatedAt":"2026-07-07T13:28:49.301Z","features":[{"type":"Feature","properties":{"fid":83,"CODIGO_SRE":"232BPE0015","UF":"BR","RODOVIA":"232","LOCAL_INIC":"Entr. BR-101 (Viaduto CEASA Recife)","LOCAL_FIM":"Entr. BR-408 (Viaduto de Tapacurá)","KM_INICIAL":4.91,"KM_FINAL":10.37,"EXTENSAO":5.46,"SITUACAO":"EOT","DESC_SITUA":"EM OBRA DE TRIPLICAÇÃO","TIPO_REVES":"CCP","DESC_REVES":"CONCRETO DE CIMENTO PORTLAND","IDENTIFICA":"Eixo Principal","OBSERVACAO":"1","EXTENSAO_1":5.46,"REGISTRO":"M1","STATUS_FED":"157.972.827,07","CONCT_ROD":"BR232","COD":"M1","Fase (Obra":"O","STATUS":"EM ANDAMENTO","ROD.":"BR232","DRO":"1","CUSTO OBRA":"157972827.06999999","CUSTO TOTA":"180.720.237,65"},"geometry":{"type":"LineString","coordinates":[[-34.942968459999975,-8.066927869999972],[-34.94298329999998,-8.066931669999974],[-34.94299572999995,-8.06693791999993],[-34.94300776999995,-8.066944479999961],[-34.94302061999997,-8.066949439999973],[-34.94303334999995,-8.066954239999973],[-34.943046909999964,-8.066958669999963],[-34.943059579999954,-8.066964119999966],[-34.943072309999934,-8.066969349999965],[-34.943084899999974,-8.066974419999951],[-34.943097329999944,-8.06697921999995],[-34.94310968999997,-8.066984289999937],[-34.943122279999955,-8.066989569999976],[-34.94313433999997,-8.066994739999927],[-34.943147059999944,-8.067000079999957],[-34.943159339999966,-8.067005579999943],[-34.94317147999993,-8.06700946999996],[-34.943183559999966,-8.06701475999995],[-34.94319583999993,-8.067019819999928],[-34.94320831999994,-8.067025369999953],[-34.943220459999964,-8.067031189999966],[-34.94323246999994,-8.067035989999965],[-34.94324508999995,-8.067040309999982],[-34.94325410999994,-8.067045539999981],[-34.94326808999995,-8.06705151999995],[-34.94328184999995,-8.067055359999927],[-34.94329404999996,-8.067059899999947],[-34.94330615999996,-8.06706528999996],[-34.94331890999996,-8.067069609999976],[-34.94333059999997,-8.067073769999979],[-34.94334372999998,-8.067080179999948],[-34.94335586999995,-8.06708513999996],[-34.94336815999998,-8.067090419999943],[-34.94338054999997,-8.067095379999955],[-34.94339217999993,-8.067101149999928],[-34.94340497999997,-8.067104989999962],[-34.94341687999997,-8.067109899999934],[-34.943428919999974,-8.067114859999947],[-34.943440789999954,-8.06712024999996],[-34.94345284999997,-8.067125529999942],[-34.94346551999996,-8.067130339999949],[-34.94347714999998,-8.067135719999953],[-34.94348899999994,-8.067141169999957],[-34.943501509999976,-8.067146289999926],[-34.94351434999993,-8.067151629999955],[-34.94352680999998,-8.067155999999954],[-34.943539449999946,-8.067160699999931],[-34.94355166999998,-8.067166189999966],[-34.94356399999998,-8.06717120999997],[-34.94357637999997,-8.067176119999942],[-34.943588949999935,-8.067181349999942],[-34.94360065999996,-8.067184659999953],[-34.94361385999997,-8.067191169999944],[-34.94362639999997,-8.06719671999997],[-34.943639349999955,-8.067202319999978],[-34.94365185999993,-8.067207179999969],[-34.94366450999996,-8.067211549999968],[-34.94367645999995,-8.067217149999976],[-34.94368861999993,-8.067221849999953],[-34.943701189999956,-8.067226809999966],[-34.94371367999997,-8.067231929999934],[-34.94372647999995,-8.067237109999951],[-34.94373883999998,-8.06724233999995],[-34.94375099999996,-8.06724756999995],[-34.94376385999993,-8.067252419999932],[-34.943776379999974,-8.067257709999978],[-34.94378821999993,-8.06726298999996],[-34.94380086999996,-8.06726784999995],[-34.94381327999997,-8.067272699999933],[-34.943826049999984,-8.067278139999928],[-34.94383802999994,-8.067282999999975],[-34.943849849999935,-8.067288179999935],[-34.94386294999998,-8.067294209999943],[-34.94387490999998,-8.067299119999973],[-34.94388792999996,-8.067303809999942],[-34.943900489999976,-8.067308719999971],[-34.94391313999995,-8.06731383999994],[-34.943925759999956,-8.067318649999947],[-34.94393821999995,-8.067323709999926],[-34.943951209999966,-8.06732840999996],[-34.94396297999998,-8.067333319999932],[-34.943974959999935,-8.067338819999975],[-34.943987119999974,-8.06734382999997],[-34.94399933999995,-8.067348739999943],[-34.94401131999996,-8.067354019999925],[-34.94402358999997,-8.067359249999981],[-34.94403594999994,-8.067364429999941],[-34.94404856999995,-8.067369069999927],[-34.94406110999995,-8.06737413999997],[-34.94407393999995,-8.06737979999997],[-34.94408631999994,-8.067384759999925],[-34.94409901999995,-8.067389669999955],[-34.94411219999995,-8.067394259999958],[-34.94412406999993,-8.06739958999998],[-34.944135949999975,-8.06740439999993],[-34.94414920999998,-8.067409359999942],[-34.94416206999995,-8.067414479999968],[-34.944174389999944,-8.067420349999963],[-34.94418724999997,-8.067425639999954],[-34.944200459999934,-8.067431399999975],[-34.94421328999994,-8.067436249999957],[-34.94422628999996,-8.067440469999951],[-34.944238509999934,-8.06744569999995],[-34.94425056999995,-8.067450879999967],[-34.94426323999994,-8.06745615999995],[-34.94427516999997,-8.067459889999952],[-34.94428732999995,-8.067464429999973],[-34.94429882999998,-8.067469759999938],[-34.94431043999998,-8.067475469999977],[-34.944321859999945,-8.067479479999975],[-34.944347919999984,-8.067486749999944],[-34.94467133999996,-8.067668369999978],[-34.94476821999996,-8.06771004999996],[-34.94488590999998,-8.067765379999969],[-34.94498667999994,-8.067809939999961],[-34.945092199999976,-8.067851079999969],[-34.94519768999993,-8.067893339999955],[-34.94530537999998,-8.067937419999964],[-34.94541417999994,-8.067982079999979],[-34.945523279999975,-8.068026479999958],[-34.945640829999945,-8.068078979999939],[-34.945748299999934,-8.06812236999997],[-34.945854649999944,-8.068166179999935],[-34.94595007999993,-8.068200329999968],[-34.946054989999936,-8.068247179999958],[-34.94615959999993,-8.068288959999961],[-34.94626178999994,-8.068331759999978],[-34.94634838999997,-8.068369909999944],[-34.94645972999996,-8.068413929999963],[-34.946568559999946,-8.068464089999964],[-34.94665951999997,-8.06849791999997],[-34.94675956999998,-8.068541359999926],[-34.94686177999995,-8.068586129999971],[-34.94696324999995,-8.068627909999975],[-34.94705256999998,-8.068664249999927],[-34.947166419999974,-8.068712909999931],[-34.94726595999998,-8.068753839999943],[-34.94736790999997,-8.06879534999996],[-34.947469689999934,-8.068834409999965],[-34.94756984999998,-8.068874059999928],[-34.947669609999934,-8.06891220999995],[-34.94776984999993,-8.06894828999998],[-34.94787202999993,-8.068981529999974],[-34.94797576999997,-8.069015569999976],[-34.94808107999995,-8.06904966999997],[-34.948190169999975,-8.069084139999973],[-34.94829854999995,-8.069115729999965],[-34.948408849999964,-8.069147959999952],[-34.94852108999993,-8.069181579999963],[-34.94863380999993,-8.069216479999966],[-34.94874490999996,-8.06924854999994],[-34.948857819999944,-8.069283929999926],[-34.94896301999995,-8.069313859999966],[-34.94906456999996,-8.069343799999956],[-34.950931399999945,-8.069949229999963],[-34.95100551999997,-8.06997782999997],[-34.95108288999995,-8.070007069999974],[-34.951161869999964,-8.070036579999964],[-34.95124056999998,-8.070066569999938],[-34.95132017999998,-8.070097629999964],[-34.95140011999996,-8.070130339999935],[-34.95147973999997,-8.070162509999932],[-34.95156003999995,-8.070192289999966],[-34.95164256999993,-8.07022109999997],[-34.95172689999998,-8.07024905999998],[-34.951812279999956,-8.070277129999965],[-34.95189906999997,-8.07030396999994],[-34.95198876999996,-8.070330759999933],[-34.95208027999996,-8.070358239999962],[-34.952718929999946,-8.07054814999998],[-34.95278210999993,-8.070565919999979],[-34.95284043999993,-8.070581449999963],[-34.952898009999956,-8.070598899999936],[-34.952951429999985,-8.07061441999997],[-34.95300488999993,-8.07063101999995],[-34.95305718999998,-8.070647299999962],[-34.953108069999985,-8.070663249999939],[-34.95411354999993,-8.07097546999995],[-34.954171419999966,-8.070992539999963],[-34.95423026999998,-8.07100982999998],[-34.95593440999994,-8.071545149999963],[-34.95601900999998,-8.07157288999997],[-34.95610592999998,-8.071601229999942],[-34.95619733999996,-8.071630899999946],[-34.95629213999996,-8.071659659999966],[-34.95638999999994,-8.071687249999968],[-34.956489439999984,-8.071715579999932],[-34.956590079999955,-8.071744339999952],[-34.95669388999994,-8.07177411999993],[-34.95679930999995,-8.071803629999977],[-34.956908399999975,-8.071835589999978],[-34.957021149999946,-8.071870699999977],[-34.957137829999965,-8.071907409999937],[-34.957256179999945,-8.071945189999951],[-34.95737388999993,-8.071982119999973],[-34.95749333999993,-8.072018989999947],[-34.95761460999995,-8.07205622999993],[-34.95773693999996,-8.072093269999925],[-34.957860359999984,-8.072130349999952],[-34.95798463999995,-8.07216748999997],[-34.95811077999997,-8.07220548999993],[-34.95823836999995,-8.072243739999976],[-34.95836640999994,-8.07228226999996],[-34.958494739999935,-8.07232154999997],[-34.958623229999944,-8.072360709999941],[-34.95875236999996,-8.072398539999938],[-34.95888149999996,-8.072437129999969],[-34.959010199999966,-8.072475809999958],[-34.95913877999993,-8.07251395999998],[-34.959267429999954,-8.072552009999981],[-34.95939599999997,-8.072589949999951],[-34.959523779999984,-8.072628899999927],[-34.95965159999997,-8.072667699999954],[-34.95977936999998,-8.072705419999977],[-34.95990610999996,-8.072743899999978],[-34.96003240999994,-8.072781569999961],[-34.96015825999996,-8.07282035999998],[-34.96028483999993,-8.072859259999973],[-34.96041196999994,-8.07289751999997],[-34.96054186999993,-8.07294319999994],[-34.96066862999993,-8.072980929999972],[-34.96079482999994,-8.073019029999955],[-34.96092046999996,-8.073056379999969],[-34.96104602999998,-8.073093569999969],[-34.961170969999955,-8.073131459999956],[-34.961295649999954,-8.07316960999998],[-34.962559099999964,-8.073552949999964],[-34.96268313999997,-8.073591269999952],[-34.962805999999944,-8.07363085999998],[-34.96293054999995,-8.073667519999958],[-34.96305487999996,-8.073704389999932],[-34.96317955999996,-8.073740359999931],[-34.96330433999998,-8.073777119999932],[-34.96342927999996,-8.07381350999998],[-34.96355454999997,-8.073849689999975],[-34.96367948999995,-8.073886989999949],[-34.96380469999997,-8.073925949999932],[-34.96393084999994,-8.073965809999947],[-34.96405811999995,-8.07400470999994],[-34.96418633999997,-8.07404355999995],[-34.96431504999998,-8.074082619999956],[-34.96444438999998,-8.074121779999928],[-34.96457456999997,-8.074160039999981],[-34.964705539999954,-8.074198999999965],[-34.96483667999996,-8.074238639999976],[-34.964967539999975,-8.074278719999938],[-34.96509822999997,-8.07431846999998],[-34.96522903999994,-8.074358169999925],[-34.96535923999994,-8.074397919999967],[-34.96548617999997,-8.074437039999964],[-34.96560440999997,-8.074473589999968],[-34.96571507999994,-8.074507259999962],[-34.96582104999993,-8.074539009999967],[-34.96592437999993,-8.074570119999976],[-34.96602544999996,-8.074601549999954],[-34.96612467999995,-8.074630789999958],[-34.96622202999998,-8.074659339999926],[-34.96631778999995,-8.074687729999937],[-34.966414259999965,-8.074716059999957],[-34.966512369999975,-8.074744929999952],[-34.96661206999994,-8.074774219999938],[-34.96671358999998,-8.074804369999981],[-34.96681702999996,-8.074836919999939],[-34.96692244999997,-8.074868669999944],[-34.96702812999996,-8.07489961999994],[-34.96713492999993,-8.074931689999971],[-34.967240799999956,-8.074963809999929],[-34.967346719999966,-8.074995139999942],[-34.96745324999995,-8.075026569999977],[-34.967560849999984,-8.075059059999944],[-34.967666829999985,-8.075084999999945],[-34.96778920999998,-8.075122989999954],[-34.967896759999974,-8.075155809999956],[-34.96894009999994,-8.075465779999945],[-34.96905730999998,-8.075501749999944],[-34.96917517999998,-8.075538669999958],[-34.96929296999997,-8.07557559999998],[-34.96939672999997,-8.075606759999971],[-34.96951476999993,-8.075649289999944],[-34.96962967999997,-8.075683709999964],[-34.96974418999997,-8.075717959999963],[-34.96985264999995,-8.075741389999962],[-34.969985409999936,-8.075784179999971],[-34.97010306999994,-8.07582003999994],[-34.970206969999936,-8.075853129999928],[-34.970339509999974,-8.075889949999976],[-34.97081033999996,-8.076031299999954],[-34.97092994999997,-8.076068489999955],[-34.97105179999994,-8.076105899999959],[-34.97117634999995,-8.076143569999942],[-34.97130083999997,-8.076182199999948],[-34.97142687999997,-8.076220939999928],[-34.971553179999944,-8.076258399999972],[-34.97167972999995,-8.076297199999942],[-34.971806699999945,-8.076335299999926],[-34.971934499999975,-8.07637472999994],[-34.97206111999998,-8.076412189999928],[-34.97218787999998,-8.076450019999982],[-34.97231524999995,-8.076487479999969],[-34.97244363999994,-8.076524939999956],[-34.97257210999993,-8.07655823999994],[-34.972702469999945,-8.076590949999968],[-34.972832669999946,-8.076620299999945],[-34.97296190999998,-8.076648359999979],[-34.97323441999998,-8.076704709999944],[-34.973372119999965,-8.076730489999932],[-34.973773739999956,-8.076806519999934],[-34.97390857999994,-8.076830539999946],[-34.97404176999993,-8.076855879999925],[-34.97418714999998,-8.076876909999953],[-34.974320499999976,-8.07690176999995],[-34.97445413999998,-8.076925089999975],[-34.974588349999976,-8.07694867999993],[-34.97472345999995,-8.076971249999929],[-34.97486024999995,-8.076995369999963],[-34.97499759999994,-8.07702028999995],[-34.97513550999997,-8.077045849999934],[-34.97527354999994,-8.077071089999947],[-34.97541175999993,-8.077096059999974],[-34.975968629999954,-8.077195949999975],[-34.97609730999994,-8.077217459999929],[-34.976241149999964,-8.077242749999925],[-34.97638139999998,-8.077268679999975],[-34.976518329999976,-8.077294029999962],[-34.97665135999995,-8.077318419999926],[-34.97679502999995,-8.077346589999934],[-34.97691943999996,-8.077369859999976],[-34.980790689999935,-8.078058689999978],[-34.98088748999993,-8.078077849999943],[-34.98099105999995,-8.078097749999927],[-34.98110042999997,-8.078118299999971],[-34.98121279999998,-8.078138999999965],[-34.98134259999995,-8.078164129999948],[-34.98145422999994,-8.078183499999966],[-34.98156140999998,-8.078200309999943],[-34.98165040999993,-8.078211359999955],[-34.98267056999998,-8.078393799999958],[-34.98279977999994,-8.078417539999975],[-34.98291556999993,-8.078438939999955],[-34.98304755999993,-8.078462849999937],[-34.98318002999997,-8.078485839999928],[-34.98331409999997,-8.078510279999932],[-34.98345696999996,-8.078529869999954],[-34.98359210999996,-8.078554789999941],[-34.98372593999994,-8.078579119999972],[-34.98386016999996,-8.078606329999957],[-34.98399615999995,-8.078628209999977],[-34.98412856999994,-8.078650249999953],[-34.98426533999998,-8.07867398999997],[-34.984406399999955,-8.078700089999927],[-34.984547299999974,-8.078724629999954],[-34.984689799999956,-8.07874880999998],[-34.98482359999997,-8.078776339999933],[-34.984968899999956,-8.078800409999928],[-34.985115349999944,-8.078825329999972],[-34.98526400999998,-8.078855049999959],[-34.98541240999998,-8.078883539999936],[-34.985564109999984,-8.07891294999996],[-34.98571850999997,-8.078940369999941],[-34.98587528999997,-8.078966569999977],[-34.98603432999994,-8.078991969999947],[-34.98619550999996,-8.079016939999974],[-34.98635526999993,-8.079041329999939],[-34.98651062999994,-8.079065239999977],[-34.98666558999997,-8.079092079999953],[-34.98682646999998,-8.079122279999979],[-34.986985809999965,-8.079145009999934],[-34.987147009999944,-8.07916709999995],[-34.98730967999995,-8.079190849999975],[-34.98747346999994,-8.079216669999937],[-34.987638139999945,-8.079242659999977],[-34.987802199999976,-8.079268009999964],[-34.987963959999945,-8.079292129999942],[-34.98891378999997,-8.07945135999995],[-34.989068129999964,-8.07948134999998],[-34.989219409999976,-8.079510909999954],[-34.98936705999995,-8.079538439999965],[-34.989511239999956,-8.079563409999935],[-34.98965216999994,-8.079586249999977],[-34.989786719999984,-8.079605619999938],[-34.98989119999993,-8.079618159999939],[-34.989996529999985,-8.079631499999948],[-34.99050073999996,-8.079714639999963],[-34.99053845999998,-8.079721359999951],[-34.990577179999946,-8.079728189999969],[-34.99061644999995,-8.07973555999996]]}},{"type":"Feature","properties":{"fid":6,"CODIGO_SRE":"101BPE0390","UF":"BR","RODOVIA":"101","LOCAL_INIC":"Entr. PE-035 (Igarassu Ponte sobre o Rio Igarassu)","LOCAL_FIM":"Entr. PE-015 (Viaduto P/ Paulista)","KM_INICIAL":41.48,"KM_FINAL":51.56,"EXTENSAO":10.082081558929165,"SITUACAO":"TRP","DESC_SITUA":"TRIPLICADA","TIPO_REVES":"CCP","DESC_REVES":"CONCRETO DE CIMENTO PORTLAND","IDENTIFICA":"Eixo Principal","OBSERVACAO":"5","EXTENSAO_1":10.08,"REGISTRO":"M5","STATUS_FED":"192.643.932,46","CONCT_ROD":"BR101","COD":"M5","Fase (Obra":"O","STATUS":"EM ANDAMENTO","ROD.":"PE015","DRO":"1","CUSTO OBRA":"192643932.45999998","CUSTO TOTA":"202.897.057,21"},"geometry":{"type":"LineString","coordinates":[[-34.912768159999985,-7.833677749999936],[-34.91274563999997,-7.833705219999956],[-34.91272498999996,-7.833730289999949],[-34.912706759999935,-7.833752639999943],[-34.91269235999994,-7.833770829999935],[-34.91268440999994,-7.833780649999937],[-34.91263766999998,-7.833838369999967],[-34.91261308999998,-7.833880759999943],[-34.91257415999996,-7.8339428099999395],[-34.91253273999996,-7.834014119999949],[-34.91249478999998,-7.8340910899999585],[-34.91246285999995,-7.834174929999961],[-34.912436329999935,-7.834264449999978],[-34.912417339999934,-7.834357169999976],[-34.91240500999993,-7.834444689999941],[-34.91239362999994,-7.834605139999951],[-34.91238938999993,-7.834737959999927],[-34.91238578999997,-7.834788439999954],[-34.91238354999996,-7.834837339999979],[-34.91238438999994,-7.834878469999978],[-34.91238815999998,-7.834908419999977],[-34.91239006999996,-7.8349236599999585],[-34.91239583999993,-7.834956999999974],[-34.91240276999997,-7.834996399999966],[-34.91241013999996,-7.8350390899999525],[-34.912417199999936,-7.835081829999979],[-34.91242344999995,-7.83511988999993],[-34.91242821999998,-7.835149559999934],[-34.91243197999995,-7.835172409999927],[-34.91243549999996,-7.835190739999973],[-34.91243930999997,-7.835210589999974],[-34.91244441999993,-7.8352363599999535],[-34.91244900999993,-7.835265389999961],[-34.91245354999995,-7.835292269999968],[-34.91246042999995,-7.83532890999993],[-34.912479229999974,-7.835456269999952],[-34.912490539999965,-7.835794369999974],[-34.91249590999996,-7.835922259999961],[-34.91249863999997,-7.836061839999957],[-34.91249806999997,-7.836211379999952],[-34.91249239999996,-7.836367679999967],[-34.91248032999994,-7.836533969999948],[-34.91246124999998,-7.83670503999997],[-34.912435449999975,-7.836875599999928],[-34.91232669999994,-7.837509779999948],[-34.91228364999995,-7.837669159999962],[-34.912239719999945,-7.8378274399999555],[-34.91204067999996,-7.838606739999932],[-34.911994069999935,-7.838770329999932],[-34.91195074999996,-7.838939639999978],[-34.91190769999997,-7.839106879999974],[-34.911866069999974,-7.83927185999994],[-34.911824689999946,-7.839434249999954],[-34.911783499999956,-7.83959391999997],[-34.91174404999998,-7.839751249999949],[-34.91170497999997,-7.83990584999998],[-34.911666019999984,-7.840057199999933],[-34.91162624999998,-7.840207259999943],[-34.911486199999956,-7.8406826499999625],[-34.91144885999995,-7.84083228999998],[-34.91141104999997,-7.840981109999973],[-34.91129539999997,-7.841424709999956],[-34.91125722999993,-7.841572949999943],[-34.91119472999998,-7.841853989999947],[-34.911156389999974,-7.842002149999928],[-34.91109670999998,-7.842282179999927],[-34.91106055999995,-7.842432039999949],[-34.91102287999996,-7.842582019999952],[-34.91098352999995,-7.842731559999947],[-34.910902979999946,-7.843030909999925],[-34.91086368999993,-7.843182809999973],[-34.91082518999997,-7.843336199999953],[-34.91078698999996,-7.84349119999996],[-34.91070917999997,-7.8438240499999665],[-34.91066762999998,-7.843984959999943],[-34.91057815999994,-7.844295239999951],[-34.91053499999998,-7.844463739999981],[-34.91049409999994,-7.844652519999954],[-34.910451199999954,-7.844825599999979],[-34.91040832999994,-7.844999949999931],[-34.91036329999997,-7.845174909999969],[-34.91026819999996,-7.845509339999978],[-34.91022276999996,-7.845687019999957],[-34.91017777999997,-7.845864949999964],[-34.910132519999934,-7.846041879999973],[-34.91008717999995,-7.846216929999969],[-34.910042019999935,-7.84638992999993],[-34.90999707999998,-7.846561029999975],[-34.909880629999975,-7.8470680699999775],[-34.909800179999934,-7.847385999999972],[-34.90970460999995,-7.847859789999973],[-34.90967282999998,-7.848012709999978],[-34.909563859999935,-7.848620149999931],[-34.90948823999997,-7.849064349999935],[-34.90945204999997,-7.84936442999998],[-34.90943198999997,-7.849506729999973],[-34.909409669999945,-7.849668159999965],[-34.90931038999997,-7.850336199999958],[-34.90927024999996,-7.850582239999937],[-34.909248299999945,-7.850725589999968],[-34.90923019999997,-7.850857099999928],[-34.90921227999996,-7.8509880099999805],[-34.90919342999996,-7.85111969999997],[-34.90917416999997,-7.851252839999972],[-34.90915418999998,-7.851388219999933],[-34.909134189999975,-7.851524229999939],[-34.90911422999994,-7.851661569999976],[-34.909099399999945,-7.851807249999979],[-34.90907777999996,-7.851948289999939],[-34.90905048999997,-7.852074429999959],[-34.90903027999997,-7.852221189999966],[-34.90901071999997,-7.852368169999977],[-34.90899012999995,-7.852515229999938],[-34.90896875999994,-7.852662589999966],[-34.90891130999995,-7.852972739999927],[-34.90887550999997,-7.853143169999953],[-34.90885517999993,-7.853291299999967],[-34.90883587999997,-7.853439269999967],[-34.90880532999995,-7.853722109999978],[-34.908782849999966,-7.853872689999946],[-34.90876248999996,-7.854184439999926],[-34.90873927999996,-7.854339669999945],[-34.90871690999995,-7.854495389999954],[-34.90869516999993,-7.854651899999965],[-34.90862538999994,-7.855111879999981],[-34.90857884999997,-7.855421659999934],[-34.90853213999998,-7.855704769999932],[-34.90851134999997,-7.85585795999998],[-34.90844213999998,-7.856201529999964],[-34.90838672999996,-7.856639199999961],[-34.90833078999998,-7.856960959999981],[-34.908312989999956,-7.857221059999972],[-34.908291979999944,-7.8573668499999485],[-34.908271199999945,-7.857511349999982],[-34.90825042999995,-7.85765441999996],[-34.90821828999998,-7.857807489999971],[-34.90817464999998,-7.858087659999967],[-34.90812324999996,-7.858388039999966],[-34.908097349999935,-7.8586392099999784],[-34.90805948999997,-7.859025729999928],[-34.90799241999997,-7.859321059999957],[-34.90797457999997,-7.8594468599999345],[-34.907956759999934,-7.859572059999948],[-34.90788867999993,-7.860048669999969],[-34.90788225999995,-7.860140559999934],[-34.90786829999996,-7.860247629999947],[-34.907837479999955,-7.860552779999978],[-34.90780769999998,-7.860755259999962],[-34.90778523999995,-7.860963979999951],[-34.90771419999993,-7.861352189999934],[-34.90765355999997,-7.861856089999947],[-34.90763978999996,-7.861955289999969],[-34.90762210999998,-7.862062059999971],[-34.90760923999994,-7.86215212999997],[-34.907597229999965,-7.862238859999934],[-34.90757159999998,-7.862386299999969],[-34.90749843999998,-7.86292530999998],[-34.907481099999984,-7.86303941999995],[-34.907436419999954,-7.8634009999999535],[-34.90741733999994,-7.863527839999961],[-34.90737167999998,-7.863779799999975],[-34.90725783999994,-7.864444109999965],[-34.907238339999935,-7.8645760399999745],[-34.90722019999998,-7.864709799999957],[-34.90720226999997,-7.864845789999947],[-34.90712222999997,-7.865408239999965],[-34.90707175999995,-7.865719439999964],[-34.90705053999994,-7.865866939999933],[-34.90702864999997,-7.866014969999981],[-34.90700560999994,-7.866164749999939],[-34.90698408999998,-7.866315629999974],[-34.90696372999997,-7.8664671599999565],[-34.90694294999997,-7.866618039999935],[-34.906921919999945,-7.866767129999971],[-34.906900339999936,-7.866914049999934],[-34.90687957999995,-7.867059019999942],[-34.90685963999994,-7.867203049999944],[-34.90683992999993,-7.867345579999949],[-34.90681876999997,-7.867486829999962],[-34.90680495999993,-7.867625509999925],[-34.90678531999998,-7.86776416999993],[-34.90676552999997,-7.867902009999966],[-34.90667864999995,-7.868443979999938],[-34.90666000999994,-7.868573899999944],[-34.90664125999996,-7.868701099999953],[-34.90652221999994,-7.86954832999993],[-34.906503879999946,-7.869665569999938],[-34.90648830999993,-7.8697798099999545],[-34.906470439999964,-7.869896209999979],[-34.90643595999995,-7.870128889999933],[-34.90641961999995,-7.870244869999965],[-34.906357569999955,-7.870685969999954],[-34.906342149999944,-7.870787279999945],[-34.90625426999998,-7.871421709999936],[-34.90623132999997,-7.87163333999996],[-34.906211879999944,-7.871729999999957],[-34.90620083999994,-7.871809889999952],[-34.90618915999994,-7.871891939999955],[-34.90617654999994,-7.871975929999962],[-34.90616277999993,-7.872062229999926],[-34.90614883999996,-7.8721532999999795],[-34.90604995999996,-7.872770879999962],[-34.90600918999996,-7.873100329999943],[-34.90594416999994,-7.873548629999959],[-34.90591421999994,-7.873828769999932],[-34.90581023999994,-7.874563309999928],[-34.90576127999998,-7.875004679999961],[-34.90573901999994,-7.875134189999926],[-34.905718959999945,-7.875283159999981],[-34.90557924999996,-7.87618735999996],[-34.90555784999998,-7.876339999999971],[-34.905537839999965,-7.876491889999954],[-34.905440039999974,-7.8771053199999415],[-34.90541689999998,-7.877253199999927],[-34.905387289999965,-7.8774197599999525],[-34.90536567999993,-7.877569899999969],[-34.90532952999996,-7.8778628599999365],[-34.90530249999995,-7.878033769999945],[-34.90527962999994,-7.8781883399999515],[-34.905255619999934,-7.878342479999958],[-34.90524215999994,-7.878477699999962],[-34.90519358999995,-7.878932039999938],[-34.90513729999998,-7.87936222999997],[-34.90511288999994,-7.879533579999929],[-34.905088639999974,-7.8796822699999325],[-34.905044809999936,-7.879980219999936],[-34.90502357999998,-7.8801293399999395],[-34.90495415999993,-7.880569489999971],[-34.904857249999964,-7.881301709999946],[-34.904776899999945,-7.881856419999963],[-34.90473119999996,-7.882121839999968],[-34.90468760999994,-7.882407289999946],[-34.90464849999995,-7.882686639999974],[-34.904597689999946,-7.882981309999934],[-34.90458111999993,-7.883240389999969],[-34.90456212999993,-7.883373009999957],[-34.90450687999993,-7.883772119999946],[-34.90448857999996,-7.883895269999925],[-34.90446536999997,-7.884010779999926],[-34.90444889999998,-7.884131199999956],[-34.904431959999954,-7.884248709999952],[-34.904414129999964,-7.884364069999947],[-34.90439326999996,-7.884463129999972],[-34.90437411999994,-7.884596719999934],[-34.90435206999996,-7.884708519999947],[-34.904328919999955,-7.884815979999928],[-34.904306659999975,-7.884919139999965],[-34.90429353999997,-7.885024779999981],[-34.904278889999944,-7.8851201599999285],[-34.90425971999997,-7.8852059799999665],[-34.90424700999995,-7.885291539999969],[-34.90423544999993,-7.8853686199999515],[-34.90422481999997,-7.885435229999928],[-34.904214209999964,-7.885496759999967],[-34.90419498999995,-7.885608409999975],[-34.90417789999998,-7.885752409999952],[-34.90417722999996,-7.8858017899999595],[-34.90417787999996,-7.885878199999979],[-34.90417562999994,-7.8859390599999415],[-34.90417397999994,-7.885983439999961],[-34.90415909999996,-7.886113419999958],[-34.90415634999994,-7.886133599999937],[-34.90413909999995,-7.886260299999947],[-34.904116819999956,-7.886393559999931],[-34.90410267999994,-7.8865743399999815],[-34.904075759999955,-7.88672073999993],[-34.90400562999997,-7.88704163999995],[-34.90398359999995,-7.88719483999995],[-34.90396047999997,-7.887347069999976],[-34.90393113999994,-7.887499179999963],[-34.903917029999945,-7.887649789999955],[-34.90389578999998,-7.887801689999947],[-34.90387396999995,-7.8879544099999634],[-34.90383478999996,-7.88839336999996],[-34.90381307999996,-7.888544869999976],[-34.90378998999995,-7.888679669999931],[-34.90374475999994,-7.888865219999957],[-34.90372274999993,-7.889017739999929],[-34.903700809999975,-7.889168699999971],[-34.903678999999954,-7.889316749999978],[-34.90366121999995,-7.88959116999996],[-34.90364108999995,-7.889730619999966],[-34.90362109999995,-7.889848659999927],[-34.903602569999975,-7.88998190999996],[-34.90358540999995,-7.890128089999962],[-34.903566669999975,-7.890231969999945],[-34.90351808999998,-7.890556499999946],[-34.90350398999993,-7.890657829999952],[-34.90349050999998,-7.8907581799999775],[-34.90346435999993,-7.89095655999995],[-34.90345221999996,-7.891053729999953],[-34.90344496999995,-7.891156339999952],[-34.903423499999974,-7.8912469499999816],[-34.903378069999974,-7.891556399999956],[-34.90334225999993,-7.891789139999958],[-34.903281179999965,-7.8920740399999545],[-34.903262189999964,-7.892204109999966],[-34.90324334999997,-7.89233164999996],[-34.90325061999994,-7.89244414999996],[-34.90323095999997,-7.89254662999997],[-34.903211779999936,-7.892671339999936],[-34.903179749999936,-7.892925289999937],[-34.903136149999966,-7.893237699999929],[-34.90309037999998,-7.893507759999977],[-34.903011409999976,-7.89407413999993],[-34.90299795999994,-7.894179059999942],[-34.90298304999993,-7.894281629999966],[-34.90296720999993,-7.894381769999939],[-34.90295261999995,-7.894480519999945],[-34.90293862999994,-7.8945786199999475],[-34.90292531999995,-7.8946765899999605],[-34.90291221999996,-7.894775379999942],[-34.902898479999976,-7.894875829999933],[-34.90288345999994,-7.89497855999997],[-34.90286821999996,-7.895083899999975],[-34.90285285999994,-7.895191259999933],[-34.90283710999995,-7.89529897999995],[-34.90280683999998,-7.895512439999948],[-34.90279253999995,-7.895617079999965],[-34.90277841999995,-7.895719819999954],[-34.902764669999954,-7.895820719999961],[-34.90275096999994,-7.895918989999927],[-34.90273569999994,-7.89599968999994],[-34.902720329999966,-7.896096069999942],[-34.90270644999998,-7.896201979999944],[-34.90269288999997,-7.896268569999961],[-34.902653629999975,-7.896561609999935],[-34.90264842999994,-7.896615499999939],[-34.902633219999984,-7.896676869999965],[-34.90259441999996,-7.896840979999979],[-34.902584359999935,-7.896910969999965],[-34.90255212999995,-7.897109469999975],[-34.902540889999955,-7.897174609999979],[-34.902528959999984,-7.897299109999949],[-34.90252013999998,-7.897358779999934],[-34.902511629999935,-7.8974192599999355],[-34.90250327999996,-7.897480339999959],[-34.90249565999994,-7.897536389999971],[-34.90248730999997,-7.897585959999958],[-34.902471779999985,-7.897692069999948],[-34.90246143999997,-7.897767729999941],[-34.90237295999998,-7.898390369999959],[-34.902361439999936,-7.898472509999976],[-34.902350859999956,-7.898558869999931],[-34.90233921999993,-7.898647789999927],[-34.90230172999998,-7.898889889999964],[-34.902291479999974,-7.89895176999994],[-34.902282689999936,-7.899000939999951],[-34.90226955999998,-7.8990777799999705],[-34.90224800999994,-7.899204489999931],[-34.90223926999994,-7.899262409999949],[-34.902222879999954,-7.899336139999946],[-34.90220630999994,-7.899426329999926],[-34.902185739999936,-7.899529149999978],[-34.90211827999997,-7.899844319999943],[-34.90205446999994,-7.900037629999929],[-34.90199721999994,-7.900130249999961],[-34.901954789999934,-7.900219769999978],[-34.90190923999995,-7.9003101999999785],[-34.901864039999964,-7.900399819999961],[-34.901819709999984,-7.900487099999964],[-34.90177791999997,-7.900570239999979],[-34.90173847999995,-7.9006476199999724],[-34.901667449999934,-7.900799959999972],[-34.90161448999993,-7.900940399999968],[-34.901592799999946,-7.901007339999978],[-34.90157266999995,-7.9010814299999765],[-34.901554859999976,-7.901157939999962],[-34.90153086999993,-7.901313049999942],[-34.90151800999996,-7.9020682899999315],[-34.90151555999995,-7.902136149999933],[-34.90150885999998,-7.902199129999929],[-34.901506549999965,-7.902269009999941],[-34.90150380999995,-7.9023399399999334],[-34.90149694999997,-7.902544399999954],[-34.901495109999985,-7.90261191999997],[-34.90149816999997,-7.902668199999937],[-34.90149029999998,-7.902879059999975],[-34.90148674999995,-7.9029248999999595],[-34.90146122999994,-7.903074639999943],[-34.90145986999994,-7.9031325499999525],[-34.90145894999995,-7.903192439999941],[-34.90145701999995,-7.903256179999971],[-34.90145211999993,-7.903315349999957],[-34.90145103999998,-7.903373779999981],[-34.90144263999997,-7.903536509999981],[-34.90143952999995,-7.9035869099999445],[-34.90144518999995,-7.903638489999935],[-34.901435849999984,-7.903688059999979],[-34.90143514999994,-7.903734679999957],[-34.90143436999995,-7.903781629999969],[-34.90143522999995,-7.90383036999998],[-34.90143402999996,-7.90388078999996],[-34.901432899999975,-7.903928509999957],[-34.90143200999995,-7.903973809999968],[-34.90143072999996,-7.9040196099999775],[-34.90142997999993,-7.904065369999955],[-34.901428059999944,-7.904110769999932],[-34.90142500999997,-7.904159419999928],[-34.901423439999974,-7.904201689999979],[-34.901421909999954,-7.904237059999957],[-34.90142062999996,-7.9042716499999415],[-34.901416009999934,-7.904308729999968],[-34.90141481999996,-7.90434369999997],[-34.901414269999975,-7.9043753499999525],[-34.90141387999995,-7.904406799999947],[-34.901413969999965,-7.90444193999997],[-34.90141382999997,-7.904480869999929],[-34.901404989999946,-7.9047833699999615],[-34.90140229999997,-7.904854889999967],[-34.90139912999996,-7.904926329999967],[-34.90139346999996,-7.904997519999938],[-34.90139059999996,-7.905070169999931],[-34.901386059999936,-7.905143599999974],[-34.90138406999995,-7.905216479999979],[-34.90138041999995,-7.905286959999955],[-34.90137760999994,-7.90535658999994],[-34.90137347999996,-7.905424559999972],[-34.90137159999995,-7.905494489999967],[-34.90136974999996,-7.905564279999965],[-34.90136787999995,-7.905632389999937],[-34.90136001999997,-7.905683999999951],[-34.901362809999966,-7.9058293299999605],[-34.901360129999944,-7.905888629999936],[-34.901357839999946,-7.905943329999957],[-34.901353609999944,-7.9059921799999415],[-34.901347459999954,-7.906113809999965],[-34.901345859999935,-7.906158929999947],[-34.901346269999976,-7.906210379999948],[-34.901344619999975,-7.906270359999951],[-34.90134221999995,-7.906333189999941],[-34.90133996999998,-7.90639527999997],[-34.90133614999996,-7.906514899999934],[-34.90133443999997,-7.906574839999962],[-34.90133315999998,-7.906632369999954],[-34.90133212999996,-7.90668581999995],[-34.90133113999997,-7.906735159999926],[-34.90133010999995,-7.906783789999963],[-34.901329059999966,-7.906834569999944],[-34.90133468999994,-7.9069282399999565],[-34.90132073999996,-7.9070036999999616],[-34.90131882999998,-7.90703525999993],[-34.90131765999996,-7.907059569999944],[-34.90131704999993,-7.907074229999978],[-34.90131654999993,-7.907077989999948],[-34.90131617999998,-7.907084019999957],[-34.90131537999997,-7.907100949999972],[-34.90131408999997,-7.90713151999995],[-34.901311789999966,-7.907180869999934],[-34.90130944999993,-7.907243749999964],[-34.901307919999965,-7.907308729999954],[-34.90130617999995,-7.907375739999964],[-34.90130481999995,-7.907444969999972],[-34.901302879999946,-7.907515959999955],[-34.901300049999975,-7.907590049999953],[-34.90129915999995,-7.907664009999962],[-34.90129598999994,-7.907739929999934],[-34.901294209999946,-7.907814089999931],[-34.90128986999997,-7.90788686999997],[-34.901284869999984,-7.907954489999952],[-34.90128026999997,-7.908009899999968],[-34.90127557999995,-7.9080845399999475],[-34.901271409999936,-7.908173279999971],[-34.901276149999944,-7.908611159999964],[-34.90127462999993,-7.908694629999957],[-34.90127267999998,-7.908777619999967],[-34.90124298999996,-7.908973059999937],[-34.90124111999995,-7.909049359999926],[-34.901238759999956,-7.909126489999949],[-34.90123645999995,-7.909280879999926],[-34.90123407999994,-7.909355399999981],[-34.90123140999998,-7.909427209999933],[-34.90122711999993,-7.909491189999926],[-34.90122422999997,-7.909549239999933],[-34.90121882999995,-7.909637809999936],[-34.90121543999993,-7.909707179999941],[-34.901212329999964,-7.9098017799999525],[-34.90120853999997,-7.909869819999926],[-34.901203599999974,-7.909956479999948],[-34.90119770999996,-7.91005483999993],[-34.90119249999998,-7.910154429999977],[-34.90118557999995,-7.910258659999954],[-34.90118002999998,-7.910359329999949],[-34.90117078999998,-7.910460229999956],[-34.901155839999944,-7.910560759999953],[-34.90115099999997,-7.9106601899999305],[-34.901130689999945,-7.910760429999925],[-34.90110613999997,-7.910859809999977],[-34.90107385999994,-7.910956939999949],[-34.90104022999998,-7.911050799999941],[-34.90100671999994,-7.911142629999972],[-34.90096311999997,-7.911234069999978],[-34.90091497999998,-7.911325229999932],[-34.90086142999996,-7.911415459999944],[-34.90080483999998,-7.911504939999929],[-34.90074602999994,-7.911594339999965],[-34.90068500999996,-7.911683819999951],[-34.90062230999996,-7.911772169999949],[-34.90056028999993,-7.91186050999994],[-34.90049882999995,-7.911946759999978],[-34.90043941999994,-7.912031919999947],[-34.900380849999976,-7.912112519999937],[-34.90032517999998,-7.912190579999958],[-34.90027298999996,-7.912265359999935],[-34.900223109999956,-7.912336749999952],[-34.900174009999944,-7.912405829999955],[-34.90012529999996,-7.912474329999952],[-34.90007670999995,-7.912543659999926],[-34.900004069999966,-7.912672609999959],[-34.89994905999998,-7.912742919999971],[-34.89987221999996,-7.912835949999931],[-34.89983909999995,-7.912895719999938],[-34.899781849999954,-7.912975759999938],[-34.89972760999996,-7.913062469999943],[-34.89966875999994,-7.913145679999957],[-34.89960489999993,-7.913225189999935],[-34.899545229999944,-7.913308919999963],[-34.89948545999994,-7.913393689999964],[-34.89942665999996,-7.9134774399999515],[-34.89936815999994,-7.913560089999976],[-34.89931028999996,-7.91364214999993],[-34.899253149999936,-7.913723469999979],[-34.89919692999996,-7.91380369999996],[-34.89914145999995,-7.913882919999935],[-34.89908639999993,-7.913960459999942],[-34.89903253999995,-7.914036439999961],[-34.898979279999935,-7.914110819999962],[-34.89892749999996,-7.914183649999927],[-34.89887603999995,-7.914255229999981],[-34.89882498999998,-7.914327329999935],[-34.89877359999997,-7.914399759999981],[-34.89872202999993,-7.914472069999931],[-34.898673059999965,-7.914543099999946],[-34.89862490999997,-7.914611709999974],[-34.89857606999993,-7.914681859999973],[-34.89850557999995,-7.91476844999994],[-34.89845726999994,-7.914835739999944],[-34.898409339999944,-7.9149000499999715],[-34.89836167999994,-7.914960019999967],[-34.89831596999994,-7.915015129999972],[-34.89822812999995,-7.915151449999939],[-34.897955449999984,-7.915538359999971],[-34.89791385999996,-7.915583939999976],[-34.897876459999964,-7.915636179999979],[-34.897844619999944,-7.915694369999926],[-34.89780264999996,-7.915739749999943],[-34.89776889999996,-7.9157875899999794],[-34.89773498999995,-7.915835509999965],[-34.897701919999975,-7.915882119999935],[-34.89767040999993,-7.915925929999958],[-34.89761024999996,-7.91600606999998],[-34.89755967999997,-7.916062409999938],[-34.89666734999997,-7.9173128699999324],[-34.89663117999993,-7.917376889999957],[-34.89660802999998,-7.917409649999968],[-34.89658431999993,-7.91744314999994],[-34.89655951999998,-7.917477559999952],[-34.89653446999995,-7.917512599999952],[-34.89650913999998,-7.917548659999966],[-34.89648277999993,-7.917585949999932],[-34.89645631999997,-7.917623769999977],[-34.89642908999997,-7.917661109999926],[-34.896406009999964,-7.917707259999929],[-34.89637973999993,-7.9177362999999445],[-34.89635961999994,-7.917766689999951],[-34.896332679999944,-7.917800069999942],[-34.89630175999997,-7.917830289999927],[-34.89627147999994,-7.917883529999926],[-34.89625387999996,-7.9179101799999785],[-34.896210089999954,-7.917966419999971],[-34.89617112999997,-7.918029519999948],[-34.89615396999994,-7.918056399999955],[-34.89613439999994,-7.918081819999941],[-34.89612379999994,-7.91810264999998],[-34.89611310999993,-7.918119519999948],[-34.896108519999984,-7.91812613999997],[-34.896097219999945,-7.918142449999948],[-34.89608356999997,-7.918161829999974],[-34.89606485999997,-7.918187079999939],[-34.89604581999998,-7.918212679999954],[-34.89602949999994,-7.918238009999925],[-34.89601662999996,-7.9182559999999285],[-34.89597571999997,-7.918313219999959],[-34.89595250999997,-7.918346629999974],[-34.89592246999996,-7.9183890399999655],[-34.89588804999994,-7.918437909999966],[-34.89585374999996,-7.918485569999973],[-34.895815099999936,-7.918544319999967],[-34.895775009999966,-7.918603799999971],[-34.89573041999995,-7.918669629999954],[-34.89567883999996,-7.918750409999973],[-34.89562158999996,-7.918841569999927],[-34.89555722999995,-7.918941089999976],[-34.895486339999934,-7.9190472699999646],[-34.89541101999998,-7.919160559999966],[-34.89533556999993,-7.919269019999945],[-34.89525966999997,-7.919374399999981],[-34.895181599999944,-7.919486229999961],[-34.895100739999975,-7.919598569999948],[-34.895016829999975,-7.919710479999935],[-34.894930199999976,-7.919820569999956],[-34.89484073999995,-7.9199275299999385],[-34.89474918999997,-7.9200319199999285],[-34.89465690999998,-7.920133009999972],[-34.89456415999996,-7.920231919999935],[-34.89447059999998,-7.920331739999938],[-34.893466839999974,-7.921058279999954]]}},{"type":"Feature","properties":{"fid":5,"CODIGO_SRE":"009APE0052","UF":"APE","RODOVIA":"009","LOCAL_INIC":"Entr. PE-009 (Nossa Senhora do Ó)","LOCAL_FIM":"Muro Alto","KM_INICIAL":0,"KM_FINAL":3.5,"EXTENSAO":3.5,"SITUACAO":"PAV","DESC_SITUA":"PAVIMENTADA","TIPO_REVES":"CBUQ","DESC_REVES":"CONCRETO BETUMINOSO USINADO QUENTE","IDENTIFICA":"Acesso","OBSERVACAO":"53","EXTENSAO_1":3.5,"REGISTRO":"M52","STATUS_FED":"14.116.477,46","CONCT_ROD":"APE009","COD":"M52","Fase (Obra":"O","STATUS":"EM ANDAMENTO","ROD.":"APE009","DRO":"1","CUSTO OBRA":"14116477.460000001","CUSTO TOTA":"15.395.880,00"},"geometry":{"type":"LineString","coordinates":[[-34.99475182865863,-8.448604004592339],[-34.994209048771154,-8.448963461471463],[-34.99393226697425,-8.449229459562012],[-34.99337151424282,-8.44977583401828],[-34.99285030176809,-8.45035815416246],[-34.992084658615546,-8.451127391883785],[-34.99115007072982,-8.451817549091702],[-34.99025142853201,-8.4522704647594],[-34.98949656908585,-8.452565219400281],[-34.989036464280574,-8.452601165088193],[-34.98879203360277,-8.452471760611708],[-34.98871295308936,-8.452277653896981],[-34.988770466190026,-8.451997277531264],[-34.98877765532761,-8.451609064101811],[-34.98875608791486,-8.451163337571698],[-34.98875608791486,-8.450904528618729],[-34.98861949430079,-8.45044442381345],[-34.98847571154914,-8.45018561486048],[-34.9882456591465,-8.45007058865916],[-34.98791495881771,-8.450056210383995],[-34.987634582451996,-8.44994837332026],[-34.98747642142518,-8.4497255100552],[-34.987426097462105,-8.449491863083772],[-34.987260747297725,-8.448650733986623],[-34.98713134282124,-8.447967765916287],[-34.987037884032674,-8.447313554396281],[-34.986879723005856,-8.446386155648142],[-34.98675031852937,-8.445566593963738],[-34.98661013034651,-8.44487284218703],[-34.986534644401885,-8.44454933099582],[-34.98635491596232,-8.444085631621748],[-34.985786974093315,-8.442593885573384],[-34.98565038047925,-8.442371022308327],[-34.9853412475632,-8.442025943704367],[-34.98519387024275,-8.441839026127223],[-34.98506446576627,-8.441637730274913],[-34.98487754818913,-8.441037437286775],[-34.98473376543748,-8.440562954206332],[-34.98456841527309,-8.440074092850724],[-34.98453965872276,-8.439915931823906],[-34.98452887501639,-8.439610393476652],[-34.98448933475968,-8.439299463276216],[-34.98446417277814,-8.439094572855115],[-34.98440306510869,-8.438868115021267],[-34.984298822613745,-8.438591333224341],[-34.98414425615572,-8.438163579538182],[-34.98402204081682,-8.437796933521476],[-34.98387466349638,-8.43743028750477],[-34.98371650246956,-8.437056452350483],[-34.9835763142867,-8.43673294115927],[-34.98341815325988,-8.43646694306872],[-34.98303353439922,-8.435949325162781],[-34.98285021139087,-8.435640192246735],[-34.98255905131879,-8.435280735367611],[-34.982382917448014,-8.434978791589147],[-34.98228226952186,-8.434723577204968],[-34.98221936456801,-8.43435513390387],[-34.98217622974252,-8.434184391886285],[-34.9820594062568,-8.433772813759688],[-34.98199829858735,-8.433478059118807],[-34.98193359634911,-8.433150953358803],[-34.98191562350515,-8.432953252075286],[-34.98184732669812,-8.432762739929348],[-34.98179880001944,-8.432660294718799],[-34.98171612493724,-8.432581214205392],[-34.981633449855046,-8.432491349985611],[-34.98156155847922,-8.432250513876598],[-34.981584923176364,-8.432139082244069],[-34.98167119282735,-8.432009677767585],[-34.98169635480889,-8.431860503162747],[-34.98165501726779,-8.431540586540331],[-34.98164423356142,-8.43135187167879],[-34.98168377381812,-8.431107441000986],[-34.981739489634386,-8.43064194434252],[-34.98175925976275,-8.430316635866912],[-34.981753867909575,-8.430257325481858]]}},{"type":"Feature","properties":{"fid":45,"CODIGO_SRE":"009EPE0230","UF":"PE","RODOVIA":"009","LOCAL_INIC":"Entr. PE-061 (Barra do Sirinhaém )","LOCAL_FIM":"Guadalupe (Margem do Rio Formoso).","KM_INICIAL":78.35000000000002,"KM_FINAL":87.29,"EXTENSAO":8.94,"SITUACAO":"PAV","DESC_SITUA":"PAVIMENTADA","TIPO_REVES":"TSD","DESC_REVES":"TRATAMENTO SUPERFICIAL DUPLO","IDENTIFICA":"Eixo Principal","OBSERVACAO":"15","EXTENSAO_1":8.94,"REGISTRO":"M15","STATUS_FED":"18.595.754,43","CONCT_ROD":"PE009","COD":"M15","Fase (Obra":"O","STATUS":"EM ANDAMENTO","ROD.":"PE009","DRO":"1","CUSTO OBRA":"18931436.23","CUSTO TOTA":"21.545.792,29"},"geometry":{"type":"LineString","coordinates":[[-35.06064973425972,-8.622368468372366],[-35.06074585786084,-8.622535839971283],[-35.06119480121135,-8.623203066505983],[-35.06170279317002,-8.623960442332649],[-35.06186231391602,-8.624194891700473],[-35.06219711984113,-8.624878854508864],[-35.062754388478986,-8.62609041946387],[-35.06305710303779,-8.62697701644086],[-35.06428338482209,-8.629037157090583],[-35.06528003638702,-8.630683043587599],[-35.06598960635908,-8.632248378412555],[-35.06675080750904,-8.634041086977058],[-35.06690630954762,-8.634663515720602],[-35.067216323188575,-8.63600387603115],[-35.06743600611216,-8.63680008115236],[-35.06759967358922,-8.637213660656606],[-35.06816852577267,-8.638467138557337],[-35.0684034876698,-8.638947115817732],[-35.06865570062112,-8.639498904943821],[-35.06916210929774,-8.640411478493565],[-35.06958529160879,-8.641251562802845],[-35.069866443791895,-8.641905132210375],[-35.07038107563468,-8.643181934100673],[-35.07091147414547,-8.644673802848038],[-35.07134331393591,-8.64583633413328],[-35.07156689553987,-8.646835548114542],[-35.07169383630778,-8.647320386993027],[-35.07206563563784,-8.64848827231387],[-35.07251801215769,-8.649406264310256],[-35.0735106357526,-8.651446117880756],[-35.07404463757694,-8.652591793799452],[-35.07431992428348,-8.653233367300595],[-35.07443097863874,-8.6535150786517],[-35.07466099637799,-8.654472575185501],[-35.07513679702466,-8.6566026363659],[-35.07524741835921,-8.656926130800896],[-35.07551646134482,-8.657591519801377],[-35.07636305185857,-8.659253796352393],[-35.07701406717868,-8.660108168701438],[-35.07739281726865,-8.660607537204028],[-35.07748643653466,-8.660835343978354],[-35.07750263528753,-8.66100862885369],[-35.0774287873906,-8.661766009303554],[-35.07728146042206,-8.663244955922545],[-35.077302665696585,-8.663513805847813],[-35.07734879370916,-8.663693367967783],[-35.07825409203814,-8.664786752638173],[-35.07917505294393,-8.665874328731851],[-35.07976153601951,-8.666589545603918],[-35.07999613724947,-8.6668749160925],[-35.08009501533456,-8.66705860240468],[-35.08013998198699,-8.667234571226794],[-35.08014094232517,-8.667488886827194],[-35.080098416532124,-8.667771409722485],[-35.079930579364216,-8.668683036285438],[-35.07973713793284,-8.66963379866611],[-35.07970956491169,-8.66986274844098],[-35.079739577082734,-8.670092290168277],[-35.079802315605036,-8.670289932410784],[-35.079887020470764,-8.670451982787501],[-35.08003294704045,-8.670611080749092],[-35.080200988771146,-8.67072026124711],[-35.08037307584284,-8.67078650203657],[-35.08122431360836,-8.670963594352717],[-35.08438532093547,-8.671594225293157],[-35.0855564795713,-8.671813994493176],[-35.08601623911123,-8.67190825920446],[-35.08627808423514,-8.671996910156171],[-35.08655759107465,-8.67211797843439],[-35.08685798762591,-8.67230731514911],[-35.087340121618055,-8.672674025094281],[-35.08788603910273,-8.67313809802265],[-35.08806788819852,-8.67330472702818],[-35.08825367064326,-8.673439160143705],[-35.088754397299745,-8.673748751389141],[-35.08942335781374,-8.67414961346585],[-35.089856110791395,-8.674419106785605],[-35.09062032274552,-8.675007199183465],[-35.09144512998077,-8.675653221552135],[-35.09217368936678,-8.676208710910098],[-35.09262377584878,-8.676542853445824],[-35.092976870188714,-8.676858092247484],[-35.093204994182464,-8.677075340494987],[-35.093389927945815,-8.677292145926097],[-35.093535233504255,-8.677512126914683],[-35.09370784963339,-8.677875660926864],[-35.09387746006844,-8.678181854966228],[-35.09411809104243,-8.678581904634814],[-35.09427731216629,-8.67884859215169],[-35.094390892979746,-8.679003775136609],[-35.09457631017342,-8.679174021857538],[-35.094765808794605,-8.679297746610283],[-35.09500217177665,-8.679414788039228],[-35.095260389902656,-8.67950698057251],[-35.09542918334412,-8.6795445289547],[-35.095591112017324,-8.67954977042101],[-35.09579997912453,-8.679541165531155],[-35.09598420760363,-8.67947858050734],[-35.09640064062372,-8.679239282938234],[-35.09723036977865,-8.678691973273217],[-35.09745865901773,-8.67856957266093],[-35.09764667150686,-8.678489116052551],[-35.097877800716034,-8.678416264588964],[-35.09817360506232,-8.678354820805911],[-35.098425885181335,-8.678325167665696],[-35.09866714539006,-8.678316892577797],[-35.09909181886865,-8.67832482260944],[-35.099415602645955,-8.678342464874554],[-35.09972829262043,-8.678388648113218],[-35.10000821930469,-8.678470314274449],[-35.1004382410789,-8.67865739028024],[-35.10077802294471,-8.678868615412398],[-35.10113910468953,-8.679108713228622],[-35.1015069413281,-8.679391862308998],[-35.101781234649245,-8.67967047221067],[-35.10202985231629,-8.679995383534555],[-35.102125404118034,-8.680153963089948],[-35.10230166665352,-8.680513952697687],[-35.1027268164389,-8.68152122417333],[-35.10278644983407,-8.681672272582633]]}},{"type":"Feature","properties":{"fid":156,"CODIGO_SRE":"064EPE0010","UF":"PE","RODOVIA":"064","LOCAL_INIC":"Entr. PE-060 (Sirinhaém ) / Ibiratinga (km 25)","LOCAL_FIM":"Ibiratinga","KM_INICIAL":0,"KM_FINAL":24.44,"EXTENSAO":24.442168434951896,"SITUACAO":"PAV","DESC_SITUA":"PAVIMENTADA","TIPO_REVES":"TSD","DESC_REVES":"TRATAMENTO SUPERFICIAL DUPLO","IDENTIFICA":"Eixo Principal","OBSERVACAO":"28","EXTENSAO_1":24.44,"REGISTRO":"M28","STATUS_FED":"17.164.405,99","CONCT_ROD":"PE064","COD":"M28","Fase (Obra":"O","STATUS":"EM ANDAMENTO","ROD.":"PE064","DRO":"4","CUSTO OBRA":"17164405.990000002","CUSTO TOTA":"28.205.154,85"},"geometry":{"type":"LineString","coordinates":[[-35.10709558942679,-8.578438980985522],[-35.107368871412675,-8.57848149151666],[-35.10834357716234,-8.57913736828279],[-35.10879145597253,-8.579392431469616],[-35.10925148064879,-8.579586765326251],[-35.110314243927235,-8.579820573247508],[-35.11098833949243,-8.579917740175823],[-35.11132842374153,-8.579847901446096],[-35.114002032503436,-8.578715299437922],[-35.11427531448933,-8.578517929114781],[-35.11506783224841,-8.577704156090133],[-35.11527583020433,-8.577540186898599],[-35.11566601615085,-8.577464275235855],[-35.11617917899101,-8.57755233276464],[-35.1166179484017,-8.577758812487307],[-35.11708556424421,-8.57817177193265],[-35.11736643739638,-8.578338777590693],[-35.117768769208936,-8.578419243953205],[-35.11808304349271,-8.578373696955556],[-35.118969691713595,-8.578109524369196],[-35.11940997935751,-8.578062459138293],[-35.120885702081345,-8.578045758572491],[-35.12160230817767,-8.57804575857249],[-35.1221974556136,-8.577960737510214],[-35.12320556249488,-8.57757206979695],[-35.12394038739028,-8.57708775338863],[-35.124918129606456,-8.576582181714736],[-35.1256104439707,-8.576243615698889],[-35.12644850872742,-8.575660614128994],[-35.12709831256054,-8.575372149810555],[-35.12773597052761,-8.575217290018553],[-35.12804113541185,-8.575244618217143],[-35.128372110261424,-8.57534178514546],[-35.12862717344826,-8.575669723528526],[-35.128725858609826,-8.576061427708296],[-35.128665129279625,-8.576419730756461],[-35.12851330595413,-8.576952630628936],[-35.12847686835601,-8.577426319404475],[-35.128671202212644,-8.577948591644173],[-35.12967820028863,-8.578836899802994],[-35.12972109974892,-8.578777399757124],[-35.129760499947025,-8.578716500366134],[-35.12979339984546,-8.57866079995587],[-35.12990999964673,-8.578438000113566],[-35.130136000176186,-8.578009599962995],[-35.13029560016175,-8.577713300328497],[-35.13035660027685,-8.57760520001994],[-35.13040419959407,-8.57752030042151],[-35.13048340018874,-8.577381099757908],[-35.13054099996711,-8.577289600034979],[-35.13089169959223,-8.576787600267451],[-35.13105600033414,-8.576568199862473],[-35.13198809997074,-8.575277900254822],[-35.13232600044449,-8.574793799694048],[-35.132530219658626,-8.574499133162629],[-35.1326412002311,-8.57433899994482],[-35.133153499934025,-8.573459499855975],[-35.1334540003018,-8.572882100028849],[-35.13353420004324,-8.572191700386576],[-35.13353689980807,-8.571684900038038],[-35.13361439978464,-8.57141359975776],[-35.133876099802144,-8.57111100037227],[-35.1345626998087,-8.57062720018509],[-35.13488270017643,-8.570380699609478],[-35.13518860007375,-8.570111099947297],[-35.13551819980496,-8.569307699590643],[-35.13580099971627,-8.568758300155372],[-35.136914200330004,-8.567929600070958],[-35.13784050023881,-8.566888499904266],[-35.13874179989408,-8.565488099895813],[-35.14167370038093,-8.563303099858091],[-35.14183380038948,-8.563183800292103],[-35.14329080013028,-8.562347800410613],[-35.14481690017974,-8.561651399592414],[-35.145159100312156,-8.561371900192942],[-35.14560289955413,-8.560690500066471],[-35.148358899843274,-8.556814899587907],[-35.14852669984722,-8.556686499782034],[-35.14910859988192,-8.556241400120431],[-35.149890799620664,-8.555815599909945],[-35.15096760017454,-8.555431399639343],[-35.15327999997197,-8.555041399640855],[-35.15485899994287,-8.554637300071281],[-35.15521350010284,-8.554462700293358],[-35.15536309962729,-8.554369300302936],[-35.15546950021723,-8.554239299703854],[-35.15587240009113,-8.5533125995967],[-35.15596299959265,-8.553150799869442],[-35.15610289992883,-8.552970799662631],[-35.15652389955828,-8.552718899557526],[-35.156938700160794,-8.55252190036536],[-35.15743049981766,-8.552291299803565],[-35.15777450039286,-8.552182599647178],[-35.158081199787475,-8.552215200071338],[-35.161530500032455,-8.553381100057667],[-35.16182960015587,-8.553360900385215],[-35.16205130012735,-8.553279900247114],[-35.16224830021882,-8.553125799615955],[-35.162666899557685,-8.552601199885439],[-35.16334159973499,-8.551809300059107],[-35.16378029982093,-8.551544199704969],[-35.165048299839064,-8.551448199774523],[-35.165546599795654,-8.551255799715351],[-35.16595859990942,-8.551014599743919],[-35.166364400096924,-8.55072390018781],[-35.16673330020161,-8.550415000152071],[-35.16698110029745,-8.55014250017617],[-35.167196100319714,-8.549666499809058],[-35.167355099558144,-8.549453999902147],[-35.16765910008732,-8.549161499903267],[-35.17078139964183,-8.546847400387119],[-35.170964800185295,-8.54684469972309],[-35.17112349994951,-8.546890700045717],[-35.17142240042338,-8.546982799616435],[-35.17237889956651,-8.54735610010388],[-35.176077199603014,-8.548903300047183],[-35.17876199966647,-8.549462600118812],[-35.179035300039004,-8.549477900284865],[-35.17993769956513,-8.549362600003905],[-35.18253509991489,-8.549189100096816],[-35.18322920026733,-8.549056100258753],[-35.185409700097466,-8.54843110021501],[-35.185604100248995,-8.548402999998395],[-35.18588259960218,-8.548388799703277],[-35.18679370006911,-8.54862999967466],[-35.187470900361745,-8.54882899985838],[-35.187889300051076,-8.548959600305214],[-35.187993900198315,-8.548984800208276],[-35.18808179993504,-8.549002700314325],[-35.188207199602516,-8.549014600143567],[-35.188362699578846,-8.549026599797697],[-35.18855180002549,-8.54903849962695],[-35.18873619971579,-8.54905179970076],[-35.18890120013025,-8.54906700004196],[-35.18903260007436,-8.549088900332409],[-35.1891619999263,-8.54911680000028],[-35.18927070008267,-8.549142599751109],[-35.18936050008699,-8.549170500318251],[-35.18944970024337,-8.549198999833953],[-35.18955769982793,-8.549246699875255],[-35.18964220012733,-8.54929709968134],[-35.18976549987782,-8.549376699574951],[-35.189974799997,-8.549541100141603],[-35.19020539965942,-8.549708199573706],[-35.19044010023038,-8.549888599978848],[-35.190568900234474,-8.549999999899994],[-35.19067620014647,-8.55010879988114],[-35.19074989958812,-8.550183000245234],[-35.190827699938374,-8.55027979967297],[-35.190920199707435,-8.550411099792319],[-35.19099540011757,-8.550526999921058],[-35.19135210001932,-8.551076900278668],[-35.1915854003459,-8.551405800337374],[-35.191931400113916,-8.551924299966384],[-35.192364599946295,-8.552572800194525],[-35.1926261003142,-8.55296800007311],[-35.1927279997973,-8.553116599551435],[-35.192831300424146,-8.553241199721475],[-35.19301770020662,-8.553450800214206],[-35.19322429966167,-8.553693500254777],[-35.19334760031149,-8.55384989955322],[-35.19347910008035,-8.55404889973685],[-35.19365069971995,-8.554324700224672],[-35.1938384997469,-8.554627099960676],[-35.194125500391465,-8.555085899894317],[-35.194525099753456,-8.555746399776437],[-35.194847000388684,-8.55627160025409],[-35.19504949983447,-8.5566003995887],[-35.195218500433356,-8.556847099813748],[-35.195336499579724,-8.557007600020622],[-35.19554169968967,-8.557250300061206],[-35.195909099725135,-8.557681300151838],[-35.19620690032815,-8.558030100408736],[-35.196468200147244,-8.558345099646559],[-35.19658639984242,-8.558494200047196],[-35.19671650026621,-8.558640099760725],[-35.19688280020099,-8.558808499612518],[-35.197020900094394,-8.558913300308486],[-35.19710409997414,-8.558973000003904],[-35.1972099996417,-8.559034000118926],[-35.19733340011631,-8.55908830028479],[-35.19751040018476,-8.559145400040071],[-35.19782290020661,-8.559248799592343],[-35.19804279973538,-8.559321800260827],[-35.19815149989176,-8.559366799638024],[-35.19824940008967,-8.559421199628623],[-35.19837410008459,-8.559515400015657],[-35.1984572001396,-8.559592300144484],[-35.19856180028683,-8.559716900314637],[-35.19871210038306,-8.559886700410807],[-35.19885419956158,-8.560002099617183],[-35.198953500003974,-8.560045800373356],[-35.19910370027549,-8.560121400082465],[-35.19922299984152,-8.560153299934827],[-35.19936249997932,-8.560173200132992],[-35.19950200011713,-8.560179800257503],[-35.19966289962305,-8.560177099593398],[-35.19986000043857,-8.560170500368285],[-35.19999529984315,-8.560173799980822],[-35.20020600020671,-8.56020900034499],[-35.20036829995698,-8.560252700201854],[-35.20055199997479,-8.560350899874042],[-35.20072239991878,-8.56048350041316],[-35.20096640037904,-8.560759300001635],[-35.20120649958022,-8.561025900424873],[-35.20137009975021,-8.561167799953951],[-35.201557899777164,-8.56127390017029],[-35.20174969998864,-8.561340199990195],[-35.20200310016287,-8.561373300437433],[-35.20297409997467,-8.56147679981435],[-35.20325789993211,-8.561520100372231],[-35.20364959964925,-8.561632100141244],[-35.203926300358404,-8.56178970003454],[-35.2042455003295,-8.562031099655485],[-35.20450289978896,-8.562283099585313],[-35.204639700161934,-8.562436899842979],[-35.20493210033612,-8.562625199892988],[-35.20513059959742,-8.562699500081767],[-35.20531059980429,-8.56273490009551],[-35.20557529996004,-8.562729999689687],[-35.20599960010139,-8.562665000289474],[-35.20651730023318,-8.562551000428293],[-35.20727899992586,-8.56242890037335],[-35.20752040044607,-8.562407699755505],[-35.20772430013629,-8.562413000359658],[-35.207968400421265,-8.562484599884357],[-35.20825540016649,-8.562619900188194],[-35.20849939972748,-8.562728700169318],[-35.208687199754436,-8.56275249982799],[-35.20891120019165,-8.56274319993867],[-35.209220899724706,-8.562703500266268],[-35.209308099788885,-8.562720699800392],[-35.209385900139104,-8.562765799901658],[-35.20947439972373,-8.562826800016769],[-35.209537399931044,-8.562858600044278],[-35.209631299944434,-8.562871900118061],[-35.20968360001807,-8.562853300339496],[-35.209765399653406,-8.562776400210645],[-35.20985929966687,-8.562670299994293],[-35.2099559003445,-8.562597400049905],[-35.21021599956865,-8.562497899958064],[-35.2112292998922,-8.562142200102434],[-35.21202390038264,-8.56185599985447],[-35.2133595995658,-8.561362700128447],[-35.214032799673916,-8.56113730034607],[-35.21459609992999,-8.56096219964576],[-35.21485899964306,-8.560845500019756],[-35.21509499973435,-8.560663800094218],[-35.21515270023691,-8.560585600445036],[-35.21520229964634,-8.560508700316209],[-35.21528009999656,-8.560368100307514],[-35.21554289988489,-8.559878700041882],[-35.21561129962169,-8.559785899899326],[-35.2156931001564,-8.559695699696755],[-35.21584059976385,-8.559580400315129],[-35.215976800289056,-8.559502799614428],[-35.21607199982287,-8.559466299729877],[-35.21614239965192,-8.559450399716136],[-35.2162329002281,-8.559438499886806],[-35.216340200140024,-8.559438499886806],[-35.2164635997153,-8.559474899946581],[-35.21654269958588,-8.55951139983117],[-35.21662989965008,-8.559566399669547],[-35.216714999797325,-8.55962739978462],[-35.216787500442734,-8.559687800051913],[-35.216861199884384,-8.55977929977479],[-35.21700470020669,-8.560012699926117],[-35.21709050002654,-8.560135399828738],[-35.21717439957878,-8.560244099985164],[-35.21723140040873,-8.560314999837296],[-35.217325199698166,-8.560413200408831],[-35.21742850032501,-8.560476799564553],[-35.217571999747975,-8.560529900034771],[-35.2176847000888,-8.56055910012227],[-35.21781209984843,-8.560564399827115],[-35.219200100004585,-8.560452999905944],[-35.21943879986066,-8.560443700016712],[-35.21959570008146,-8.560484799933516],[-35.21974190016852,-8.56056830018684],[-35.22009459988582,-8.560829600006002],[-35.22028909986206,-8.560955600420558],[-35.22042719975542,-8.561006000226605],[-35.220590799925404,-8.561027199945244],[-35.22075979962499,-8.561040500019026],[-35.221289500310114,-8.56106429967766],[-35.22185009990212,-8.561092200244753],[-35.22204729964309,-8.5611200000879],[-35.222208200048314,-8.561177099843196],[-35.222355699655765,-8.561264600281058],[-35.22273529989408,-8.561551000178456],[-35.223019599874576,-8.561751299882507],[-35.2232300996893,-8.561881199757469],[-35.22335219974415,-8.561940900352248],[-35.22351310014944,-8.56199259967864],[-35.22366729970604,-8.562003299812336],[-35.22384570001898,-8.56198999973868],[-35.22400930018896,-8.561927700103226],[-35.22415949956121,-8.56185869961923],[-35.22420370034048,-8.561829299882245],[-35.224298999699045,-8.561765900375931],[-35.22453640003474,-8.561594799860071],[-35.224797900402706,-8.561410499994485],[-35.224941399825695,-8.561329599681196],[-35.22506740024025,-8.561299100073365],[-35.225221699621635,-8.561305700197837],[-35.22536379969956,-8.561349499879439],[-35.22561590035344,-8.561411800414202],[-35.22574599987792,-8.561426400008303],[-35.225878800066546,-8.561410499994485],[-35.22606250008426,-8.561358699943984],[-35.22632000026777,-8.561263299861343],[-35.22648360043776,-8.561212900055244],[-35.22662449992071,-8.561211499810817],[-35.226733100252325,-8.561240699898315],[-35.22683370021504,-8.561313699667416],[-35.22696240039443,-8.561421100303496],[-35.227096500103336,-8.561528500040192],[-35.227242700190395,-8.561622599703156],[-35.227410299645534,-8.561667699804422],[-35.22753239970048,-8.561670399569232],[-35.227688000400825,-8.561645199666195],[-35.22800449970789,-8.561536399685034],[-35.22831160020011,-8.561414400354224],[-35.228595900180565,-8.561338799745768],[-35.22872870036915,-8.561321600211567],[-35.22886280007806,-8.561322899731975],[-35.22903579996216,-8.561332199621296],[-35.22958160031056,-8.561405200289665],[-35.22987930018952,-8.561410499994485],[-35.23015829956577,-8.561378600142227],[-35.23055260012229,-8.561280500294774],[-35.23118559963569,-8.561078900171058],[-35.23177430034363,-8.56084149983528],[-35.23195800036138,-8.560773899595711],[-35.232086800365444,-8.560743399987855],[-35.232293299995746,-8.560739399803419],[-35.23312350014931,-8.560820300116669],[-35.23335280029148,-8.560842900079683],[-35.23350029989886,-8.560865400218024],[-35.233649199750715,-8.5609091998996],[-35.23382619981924,-8.56098740044813],[-35.23402999968468,-8.561124000272338],[-35.234217799711665,-8.561306999718246],[-35.23439879996458,-8.561499299952667],[-35.23460400007452,-8.561773800020823],[-35.23469389990349,-8.561925000338455],[-35.23474219979268,-8.562057599978225],[-35.2347595998756,-8.562212799581022],[-35.2347595998756,-8.56240509981547],[-35.23476500030446,-8.563042999734575],[-35.23477699995849,-8.563302900208566],[-35.234751600405986,-8.56348460013409],[-35.234712700230865,-8.56364370009659],[-35.234632200115875,-8.563871799643776],[-35.234491399558415,-8.56425239992826],[-35.234455200047414,-8.56439559987699],[-35.23445920023184,-8.564524300056316],[-35.23448740027326,-8.564643599622368],[-35.234546400296075,-8.564781499866253],[-35.23464560001438,-8.56493270018391],[-35.23480519999991,-8.565122399579039],[-35.23564069985839,-8.565988300119876],[-35.2361301999487,-8.566559900219154],[-35.23632999962972,-8.566837100052057],[-35.236516400311565,-8.567057200129602],[-35.23665989973452,-8.56721100038728],[-35.23677129965569,-8.567314499764288],[-35.23698579965484,-8.56748689980052],[-35.237153499834065,-8.567596900376609],[-35.23735330041441,-8.567720299951807],[-35.23754780039065,-8.567818399799235],[-35.23769129981361,-8.567864800320217],[-35.23788440044468,-8.567896700172525],[-35.238096299604436,-8.567900599632893],[-35.239272399701434,-8.567806499969967],[-35.23961440018436,-8.567770699757906],[-35.23990540011407,-8.567729599841115],[-35.240141500030134,-8.567654000131954],[-35.240298400250936,-8.56755190010004],[-35.24034129971115,-8.567492200404647],[-35.240416400296574,-8.56738340042351],[-35.2405411002915,-8.56718319964485],[-35.240896499773626,-8.566569200108436],[-35.24104799956547,-8.566350399551212],[-35.241189499795546,-8.566151500091575],[-35.24123650016427,-8.566104399898116],[-35.24129479961527,-8.566057299704553],[-35.24158580044428,-8.565833800189683],[-35.24219400025288,-8.565390199697886],[-35.24236769980941,-8.565229800215068],[-35.242567500389754,-8.565012300077534],[-35.24270360019094,-8.56485849981983],[-35.242849800278,-8.564697999612905],[-35.2428833000242,-8.564671500189561],[-35.242917500342315,-8.564652900410984],[-35.2430066995994,-8.564603800125179],[-35.243178399963114,-8.564528300240806],[-35.243302400285486,-8.564464600360923],[-35.243368100257555,-8.564420199932197],[-35.24342980004518,-8.564370399973916],[-35.243482100118776,-8.56432529987261],[-35.24351700010942,-8.56427759983127],[-35.243542500386006,-8.564225899605544],[-35.24356189966188,-8.564183500168319],[-35.24357199994775,-8.564146299711895],[-35.243628300205806,-8.563871799643776],[-35.24374370031146,-8.563266400324068],[-35.24376380015922,-8.563187500102996],[-35.24379860032505,-8.563088000011156],[-35.243822800182045,-8.56303700035719],[-35.243885800389315,-8.562919600159363],[-35.24409840012097,-8.562601400234353],[-35.24424789982063,-8.562369299603485],[-35.244273400097285,-8.562319499645088],[-35.244306899843515,-8.56222670040188],[-35.244315000037176,-8.562195500222124],[-35.24432909960817,-8.562097400374647],[-35.24433579955742,-8.562029800135077],[-35.24433840039684,-8.561907100232366],[-35.244325700170855,-8.56174469975801],[-35.24427940037402,-8.561414400354224],[-35.24427469961768,-8.561351400146972],[-35.244276099862056,-8.561190999764744],[-35.24428210013878,-8.561145899663465],[-35.24431230027235,-8.561017300208183],[-35.244343100253815,-8.560950299816417],[-35.244375299580355,-8.560880700383924],[-35.24443569984762,-8.560760600421288],[-35.24447929987975,-8.560676399596089],[-35.244518100230096,-8.560580899688711],[-35.24455910032215,-8.560454300325647],[-35.24458859988389,-8.560285899574572],[-35.24461470000832,-8.560097899898079],[-35.2446355004279,-8.559833699765326],[-35.24464890032644,-8.559596300328947],[-35.24464619966234,-8.559368199882478],[-35.24463820019273,-8.559045899948243],[-35.24462869975463,-8.558815900133613],[-35.24461140039575,-8.558633499636226],[-35.244563099607305,-8.558370900296772],[-35.244522800087076,-8.55805530031181],[-35.2445094001886,-8.557711799759682],[-35.2445094001886,-8.55742799980228],[-35.24452950003636,-8.557230399863002],[-35.24454830036366,-8.55698109969792],[-35.24460060043726,-8.556668099653045],[-35.24462879957941,-8.556479799603022],[-35.2447004000034,-8.55615150029139],[-35.24476960013688,-8.555844499623875],[-35.24482729974004,-8.555607200012233],[-35.244881000058044,-8.555344599773406],[-35.24492340039454,-8.555179799907833],[-35.244972099582654,-8.555036900332658],[-35.24510689986352,-8.554674200154162],[-35.245205499733956,-8.554456000344073],[-35.245292599973446,-8.554272999998883],[-35.24534630029149,-8.55414570006392],[-35.24536640013925,-8.5540236998338],[-35.24536370037441,-8.553911600240077],[-35.24534959990402,-8.553812799820802],[-35.24529870007486,-8.553686800305542],[-35.24515989960965,-8.553442799845268],[-35.24505790030179,-8.553261099919743],[-35.24500429980856,-8.553125799615955],[-35.24499490009452,-8.55295479982405],[-35.245021699891495,-8.552795600036866],[-35.24511020037536,-8.552595400157514],[-35.24530339993187,-8.552311600200113],[-35.24552070041994,-8.552046300196528],[-35.24580360015595,-8.551746600225398],[-35.24599810013212,-8.551592799967706],[-35.246192500283605,-8.551440300129668],[-35.246452700231885,-8.551221399747732],[-35.24663170039259,-8.551063000357107],[-35.246720199977155,-8.550980699799403],[-35.246777899580316,-8.550912399887268],[-35.2468396002673,-8.55082560002138],[-35.2468891996768,-8.550574899611858],[-35.246904599667516,-8.550424399866115],[-35.24691849958898,-8.550247899820674],[-35.24695160003624,-8.54992040000637],[-35.24701999977311,-8.549576900353548],[-35.247109799777334,-8.549293100396161],[-35.24723990020116,-8.549031900401813],[-35.24737399991007,-8.548811699600172],[-35.24750010014944,-8.548649899872927],[-35.247797800028394,-8.548387299634113],[-35.24812100018394,-8.548106200340806],[-35.2486910003893,-8.54764069955857],[-35.24893370042987,-8.547443099619304],[-35.249175100050714,-8.547258699928994],[-35.249437999763785,-8.547085000372382],[-35.24960760021051,-8.54698820004534],[-35.249743799836416,-8.546927899602819],[-35.24988730015871,-8.546887400433166],[-35.24997240030595,-8.546871500419297],[-35.25003979999671,-8.546843300377995],[-35.2501353997289,-8.54677730003229],[-35.250233299926855,-8.546681800124949],[-35.25030169966366,-8.54658499979788],[-35.25037139982018,-8.546431200439471],[-35.250415700424135,-8.546262799688384],[-35.25045189993517,-8.546018700302705],[-35.25050420000877,-8.545790599856273],[-35.25060479997145,-8.545517400207782],[-35.25081729987845,-8.545193799853871],[-35.25089980008565,-8.545077799900534],[-35.25103060018199,-8.544945200260726],[-35.25113780026924,-8.54487750019642],[-35.25130079969209,-8.544801899587886],[-35.251410800268154,-8.54477139998012],[-35.251683700442314,-8.5447230002662],[-35.251874100409346,-8.544707100252408],[-35.25200350026132,-8.544677300317105],[-35.252108100408414,-8.54463149964394],[-35.25218990004376,-8.544559900119202],[-35.252271699679135,-8.544453799902902],[-35.25233479971119,-8.544337100276861],[-35.252369599877085,-8.54420449973782],[-35.252389800448896,-8.54396570005691],[-35.252442700370295,-8.543728400445255],[-35.25249239960451,-8.543445900008237],[-35.25251379987186,-8.543357699897884],[-35.25252120039304,-8.543209800092137],[-35.252511799779725,-8.54309180004652],[-35.25249839988125,-8.542999599751704],[-35.252476899789016,-8.542939900056298],[-35.252428699724625,-8.542801300139821],[-35.252336100130854,-8.542559899619581],[-35.252283800057285,-8.542343799726524],[-35.252270400158814,-8.542219099731609],[-35.252291900250945,-8.542105099870415],[-35.25234680026456,-8.541951199788013],[-35.25244469956318,-8.541750999908686],[-35.25253329987186,-8.541471100310922],[-35.25260839955795,-8.541201899947673],[-35.25274779987104,-8.540514899742762],[-35.25280879998607,-8.540343399927906],[-35.252864500396356,-8.540199299757827],[-35.252965100359035,-8.539956599717268],[-35.25303619986067,-8.539751000308309],[-35.25323329977688,-8.539363700074668],[-35.253509600287764,-8.538746999874085],[-35.2536719000381,-8.53843270030879],[-35.253757699857964,-8.538301099815808],[-35.25382410040182,-8.538241699594687],[-35.253938100263106,-8.538165099839443],[-35.25405710035482,-8.538100499738201],[-35.25444300034413,-8.53793739959124],[-35.25454830016385,-8.537877699895859],[-35.254621399757724,-8.537831300274274],[-35.254691099914254,-8.537780199896211],[-35.25484199985833,-8.537635599703066],[-35.25499349965026,-8.537464599911313],[-35.25537268299992,-8.536641529999939],[-35.255369816999945,-8.536153465999995],[-35.2552941019999,-8.535629670999963],[-35.25520946599992,-8.535133043999954],[-35.25500727399998,-8.534718447999925],[-35.25493145399995,-8.53417657599993],[-35.254955667999965,-8.533661238999985],[-35.25507110299996,-8.533217678999941],[-35.25523140499992,-8.532683471999992],[-35.255364361999945,-8.53213134799994],[-35.255442840999905,-8.531579539999942],[-35.255494187999936,-8.53104596799996],[-35.255554879999956,-8.530557533999984],[-35.25551580399993,-8.530087756999892],[-35.25533156199996,-8.529636900999924],[-35.25525616899993,-8.529167335999947],[-35.255189960999914,-8.528715793999904],[-35.25520520299995,-8.528218584999886],[-35.255266001999985,-8.52774822699992],[-35.25533534999992,-8.527187434999961],[-35.25540517499992,-8.52670798599995],[-35.25536588899995,-8.526202055999898],[-35.25523607399999,-8.52574184499998],[-35.2551890537084,-8.525586065760239],[-35.255097179999936,-8.525281685999955],[-35.25496757699996,-8.524857627999936],[-35.254819392999934,-8.524361368999923],[-35.254689632999934,-8.52391019599997],[-35.25455976699991,-8.523440944999964],[-35.2544936159999,-8.522998440999938],[-35.25467260599991,-8.52255451199993],[-35.254997500999934,-8.522218198999974],[-35.25533152699994,-8.521890870999947],[-35.25572969099992,-8.521662593999958],[-35.25619183299995,-8.521506252999886],[-35.25648214206947,-8.521411320354124]]}},{"type":"Feature","properties":{"fid":82,"CODIGO_SRE":"035EPE0010","UF":"PE","RODOVIA":"035","LOCAL_INIC":"Entr. BR-101","LOCAL_FIM":"Igarassu","KM_INICIAL":0,"KM_FINAL":8.300000000000002,"EXTENSAO":0.40680747321894,"SITUACAO":"DUP","DESC_SITUA":"DUPLICADA","TIPO_REVES":"CBUQ","DESC_REVES":"CONCRETO BETUMINOSO USINADO QUENTE","IDENTIFICA":"Eixo Principal","OBSERVACAO":"6","EXTENSAO_1":8.29,"REGISTRO":"M6","STATUS_FED":"7.472.245,33","CONCT_ROD":"PE035","COD":"M6","Fase (Obra":"-","STATUS":"FINALIZADA","ROD.":"PE035","DRO":"1","CUSTO OBRA":"7472245.3300000001","CUSTO TOTA":"8.155.889,01"},"geometry":{"type":"LineString","coordinates":[[-34.91240009998461,-7.834772200176857],[-34.912272200201826,-7.834435600122758],[-34.911999999700186,-7.833732699904169],[-34.911808200388045,-7.833319500094798],[-34.911489000416985,-7.8326991000833734],[-34.911399200412696,-7.832479900227125],[-34.91134960010386,-7.832352299918644],[-34.911310799753515,-7.832109000030306],[-34.91127889990126,-7.831894800404643],[-34.91121994794559,-7.831322059206529],[-34.91117140033976,-7.8308503997260805],[-34.910980405851895,-7.830617499512429],[-34.91087879961684,-7.83049359999963],[-34.91050059962292,-7.830048500337963],[-34.910319600269275,-7.829838600371061],[-34.91002989985992,-7.829498500155591],[-34.909799200372724,-7.829224799584787],[-34.909694600225556,-7.829069400332491],[-34.909608800405756,-7.8289099001717],[-34.90955519991253,-7.828775099890892],[-34.90953040020773,-7.828654800278757],[-34.909528400115484,-7.828490500436201],[-34.90953639958509,-7.828305400173992],[-34.90957600033211,-7.828087499838139],[-34.909666699658416,-7.827663599895186],[-34.9097785996026,-7.827141199906388],[-34.90989670037233,-7.826589400180616],[-34.91010110008567,-7.825720500400745],[-34.91010870025628,-7.825593400115243],[-34.910269800310935,-7.824940000380662],[-34.91040099970631,-7.824293100046485],[-34.91042890027345,-7.824186200332818],[-34.91122929959242,-7.820646600060513],[-34.911257200159625,-7.820503900134799],[-34.911299800145585,-7.820286700370897],[-34.911318099550606,-7.820099299642862],[-34.91132819983654,-7.819813299943783],[-34.911322900131665,-7.819642200327217],[-34.91125570009047,-7.817417300068337],[-34.91124979963845,-7.817252199829119],[-34.911218399809286,-7.816217900335784],[-34.911207400201285,-7.815913899806572],[-34.91116320032138,-7.815644099595494],[-34.9110899001787,-7.81535480028375],[-34.9103778997202,-7.813922299874219],[-34.91020570023284,-7.813689899769013],[-34.910009399813895,-7.813491399608399],[-34.9093616999824,-7.813100299738975],[-34.909131999641964,-7.812925000288449],[-34.90898629957803,-7.8127240998372605],[-34.90853690025766,-7.812020999969186],[-34.90826569980216,-7.81138390044664],[-34.908088500084126,-7.810623500274273],[-34.90806170028715,-7.810492200154809],[-34.90792270017243,-7.809664900314797],[-34.90793379960514,-7.809355100057748],[-34.908012900374985,-7.809142500326024],[-34.90817010007003,-7.808940300354553],[-34.908200700401906,-7.808899999935027],[-34.90829229994963,-7.808769100013931],[-34.908494999944246,-7.808491699632246],[-34.90864150040489,-7.808179300334408],[-34.90922929999215,-7.806726999551333],[-34.909463999663735,-7.806075900282489],[-34.90947879980671,-7.8060045004072895],[-34.9094975003093,-7.805727400399161],[-34.9094975003093,-7.80534120003629],[-34.9094144002543,-7.804304799726614],[-34.90934660036527,-7.803965099709526],[-34.909213300153624,-7.803621699881455],[-34.908443299718414,-7.80161980001371],[-34.907338999695014,-7.79874159984491],[-34.90712510044297,-7.798203399667119],[-34.90708349960381,-7.7981063996905515],[-34.90658430032517,-7.796786800170651],[-34.90648270031625,-7.796513300148654],[-34.90641560009978,-7.7962435997622626],[-34.90638139978169,-7.795969200418176],[-34.90636869955577,-7.7956204001612655],[-34.90634678062333,-7.794688688844825],[-34.906346749650574,-7.794687372279735],[-34.90633379956513,-7.794136900097819],[-34.90630770034001,-7.793010000111362],[-34.906291699602185,-7.792464000113453],[-34.90627619978675,-7.791913999931106],[-34.906268099593056,-7.791625000093622],[-34.906264100307936,-7.791043000234242],[-34.90628489982818,-7.790693500304767],[-34.90634420022459,-7.790140099785723],[-34.90636820043205,-7.7899604997771785],[-34.906404700316564,-7.789554099741855],[-34.90640709970785,-7.789248500217999],[-34.9063839997217,-7.788562400234538],[-34.906343499652735,-7.787724900283871],[-34.90630370015562,-7.787510599934188],[-34.90624329988829,-7.787373699736399],[-34.90618899972252,-7.787294599865881],[-34.90607160042398,-7.7871746995526925],[-34.90599649983855,-7.787121900355326],[-34.9058147000883,-7.787021300392678],[-34.905713799751965,-7.786967199876289],[-34.90476589992631,-7.786481699970396],[-34.90399230040428,-7.78608419962605],[-34.90326940016258,-7.785698199812061],[-34.90306420005277,-7.785540699743489],[-34.90291130001643,-7.785361999956292],[-34.90277449964338,-7.785092299569888],[-34.90239109976934,-7.783965500307552],[-34.90184630036638,-7.782463699939726],[-34.901764999854784,-7.782237700309519],[-34.90144419998978,-7.78134440012394],[-34.90124500015657,-7.780789100236761],[-34.9011479003553,-7.78050859989191],[-34.90081309984461,-7.779523399784995],[-34.90067380025561,-7.779154999703449],[-34.90040149992922,-7.778386100038449],[-34.900105200294725,-7.777545799598914],[-34.90000019994922,-7.777244899932138],[-34.899590100102984,-7.776078499922791],[-34.89947589969292,-7.775753699873309],[-34.89945589966995,-7.7756956000718676],[-34.89913409975885,-7.774771699554273],[-34.89912069986037,-7.774735199669671],[-34.89892379959362,-7.774256999560842],[-34.89888400009644,-7.774176000322125],[-34.89881510033651,-7.774088599709049],[-34.89874480033218,-7.774026999746199],[-34.898656000374,-7.773969599617221],[-34.89849479959522,-7.773897699719081],[-34.8983374002508,-7.773848399783751],[-34.89826750044478,-7.773833900014399],[-34.8979798001276,-7.773773599571905],[-34.89786969972679,-7.77375220020382],[-34.89712020023698,-7.773579899992339],[-34.89705610015888,-7.77356719976641],[-34.89684529997053,-7.773527900292288],[-34.896109300203975,-7.773389300375875],[-34.89593449987723,-7.773358000371421],[-34.89584090023732,-7.773339799891828],[-34.8954001002344,-7.773288099666064],[-34.89525709993516,-7.773308999910364],[-34.89508899955759,-7.773336299730382],[-34.89487040044854,-7.77335760017309],[-34.89462029988687,-7.77335619992865],[-34.8939938995987,-7.773376199951553],[-34.893557599803316,-7.773401200205129],[-34.893414999702415,-7.773418499564003],[-34.89328619969828,-7.7734466996054685],[-34.89303500016506,-7.773548199789528],[-34.89264879980216,-7.773718999931896],[-34.892419999683185,-7.773807200042173],[-34.89219070044043,-7.7738614003833115],[-34.891793299920806,-7.773898299566783],[-34.89167699959379,-7.773920900429207],[-34.891557000355206,-7.7739524000831475],[-34.89127469956766,-7.774079100170256],[-34.89114800037986,-7.774099299842759],[-34.89082530024732,-7.774090599801307],[-34.890350238910756,-7.774066373411149]]}},{"type":"Feature","properties":{"fid":7,"CODIGO_SRE":"009APE0086","UF":"APE","RODOVIA":"009","LOCAL_INIC":"Entr. PE-009","LOCAL_FIM":"Praia de A Ver o Mar","KM_INICIAL":6.17,"KM_FINAL":7.99,"EXTENSAO":1.82,"SITUACAO":"PAV","DESC_SITUA":"PAVIMENTADA","TIPO_REVES":"TSD","DESC_REVES":"TRATAMENTO SUPERFICIAL DUPLO","IDENTIFICA":"Acesso","OBSERVACAO":"15","EXTENSAO_1":1.82,"REGISTRO":"M15","STATUS_FED":"18.595.754,43","CONCT_ROD":"APE009","COD":"M15","Fase (Obra":"O","STATUS":"EM ANDAMENTO","ROD.":"PE009","DRO":"1","CUSTO OBRA":"18931436.23","CUSTO TOTA":"21.545.792,29"},"geometry":{"type":"LineString","coordinates":[[-35.07639364807074,-8.659335931366154],[-35.07592157560594,-8.659639406522087],[-35.07554102739454,-8.659938064612046],[-35.075280905832315,-8.660231905636037],[-35.07516529624911,-8.660756965826447],[-35.075117125589436,-8.661744464349693],[-35.075006333072196,-8.662664523949402],[-35.07503041840204,-8.662977633237267],[-35.07527127170039,-8.66412409493743],[-35.075781880692894,-8.66644110366759],[-35.07610944117866,-8.667944028249316],[-35.07618410570114,-8.66833661912563],[-35.07620819103098,-8.668616008951721],[-35.07624431902573,-8.668933935305546],[-35.076268404355574,-8.670297164974228],[-35.07627322142154,-8.672127650041718],[-35.07628044702049,-8.672450393461512],[-35.076306940883335,-8.672564798778225],[-35.07638883100474,-8.672696063825832],[-35.076489989390055,-8.672821307540977],[-35.07662546937041,-8.672964013120247],[-35.076844645871915,-8.673190415220699],[-35.07805794436236,-8.674415756376074]]}},{"type":"Feature","properties":{"fid":177,"CODIGO_SRE":"075EPE0010","UF":"PE","RODOVIA":"075","LOCAL_INIC":"Entr. PE-062 (Goiana) / Cariçé","LOCAL_FIM":"Entr. PE-004 (P/ Condado)","KM_INICIAL":0,"KM_FINAL":12.34,"EXTENSAO":12.34,"SITUACAO":"PAV","DESC_SITUA":"PAVIMENTADA","TIPO_REVES":"CBUQ","DESC_REVES":"CONCRETO BETUMINOSO USINADO QUENTE","IDENTIFICA":"Eixo Principal","OBSERVACAO":"2","EXTENSAO_1":38.73,"REGISTRO":"M19","STATUS_FED":"45.012.750,99","CONCT_ROD":"PE075","COD":"M19","Fase (Obra":"O","STATUS":"EM ANDAMENTO","ROD.":"PE075","DRO":"1","CUSTO OBRA":"45012750.989999995","CUSTO TOTA":"64.327.039,04"},"geometry":{"type":"MultiLineString","coordinates":[[[-35.09812443895277,-7.5056387110487846],[-35.09819457040574,-7.505389228494715]],[[-35.09785080007427,-7.510037300281128],[-35.09790483473325,-7.509688528992331],[-35.097704011017385,-7.508632924632572],[-35.097617505180594,-7.5075937496378025],[-35.09784832778244,-7.506616338423248],[-35.09812443895277,-7.5056387110487846],[-35.09840943385495,-7.504624881796013],[-35.098694428037085,-7.503611052680214],[-35.099024796875774,-7.502615086781208],[-35.099554651239956,-7.5016633676627125],[-35.10014920826833,-7.500982535971034],[-35.10074376351693,-7.500301703967516],[-35.10145532918133,-7.499466634467117],[-35.10200363786545,-7.498587145568513],[-35.10222508958277,-7.497546501327275],[-35.10235574810091,-7.4964610918120425],[-35.10249533415594,-7.495348520098288],[-35.102625775993666,-7.494217912435612],[-35.10273918708068,-7.493313383091918],[-35.1028787733532,-7.4922008116570735],[-35.103009432295,-7.491115402594321],[-35.10335781708323,-7.490101272382011],[-35.103834219096704,-7.489339646931444],[-35.10432869114071,-7.488568895167984],[-35.104832219066104,-7.48779810001449],[-35.10532668805927,-7.487027348050914],[-35.10593807678135,-7.486084279653866],[-35.106495379585276,-7.4851957088636185],[-35.10685315915462,-7.484253853046301],[-35.10698385444593,-7.483177485481321],[-35.10712334674188,-7.482046836827075],[-35.107244768025986,-7.480925314526363],[-35.10734907286407,-7.480011790747041],[-35.10744440735172,-7.479116389615144],[-35.10758403018871,-7.478012860245239],[-35.107705452029705,-7.476891338265872],[-35.107835931175295,-7.475769773087711],[-35.107749126559064,-7.4746673259985705],[-35.10716487673994,-7.473711892620319],[-35.10671722257169,-7.472909483143562],[-35.1063689814547,-7.472061398893319],[-35.10606585408353,-7.471176939225879],[-35.10574465760504,-7.470301605057017],[-35.10544157686015,-7.469426183865749],[-35.105192839746486,-7.468550502962388],[-35.10507995879959,-7.467674173896597],[-35.10545524615154,-7.466605680034767],[-35.1059042426137,-7.465798990947757],[-35.106306698182436,-7.464730367735881],[-35.10639198819057,-7.463627097652974],[-35.10626953295761,-7.462642336303268],[-35.10608407017695,-7.461739233847247],[-35.10601582859176,-7.460727094045313],[-35.106056010287695,-7.459660198271427],[-35.10611452225628,-7.458638414503366],[-35.10618174555689,-7.457544270324012],[-35.106222577069104,-7.4566129695042225],[-35.10619996864717,-7.4556729309889755],[-35.10615032039202,-7.454760140785872],[-35.106109772768534,-7.453856347023662],[-35.10606827546583,-7.452753680576412],[-35.105999911536806,-7.451714420995374],[-35.10553383413545,-7.45083977159352],[-35.10489594214157,-7.450020177671141],[-35.104303594568464,-7.44925460489035],[-35.10364742180898,-7.448398935223274],[-35.10306413548767,-7.447633316476083],[-35.10246260894474,-7.446840663325644],[-35.10184292855279,-7.446039055018847],[-35.101223207525976,-7.445228405492154],[-35.10064885767642,-7.444435619042542],[-35.100427197852255,-7.443532679968055],[-35.10044066409577,-7.4425563064207605],[-35.10048099917763,-7.44151652612952],[-35.10051232131875,-7.440485828476031],[-35.100561541809164,-7.43940984645514],[-35.10060179239249,-7.43835198677233],[-35.100714881539005,-7.437375141061659],[-35.101172800604935,-7.436541299675545],[-35.10192082235367,-7.435769362341025],[-35.102695967458295,-7.434988255923466],[-35.103471152862724,-7.434216188578365],[-35.10444738198294,-7.433822841860374],[-35.105360171852865,-7.433420754739193],[-35.10610852518564,-7.432721131138935],[-35.106829578110876,-7.43199451695639],[-35.10735109014392,-7.431205571059955],[-35.10761794946588,-7.43019183808186],[-35.10782188900302,-7.4292778426602935],[-35.10803505674067,-7.42839996297893],[-35.10825702166564,-7.427467802417335],[-35.10846988696696,-7.4265266453259775],[-35.1087007779063,-7.425567323003315],[-35.108931409849745,-7.424553762852981],[-35.1091620844474,-7.423549242494569],[-35.1093748189005,-7.422580966916443],[-35.10958781151573,-7.421666929394088],[-35.109809687399895,-7.420716690353827],[-35.110031304364746,-7.419712213509226],[-35.11025313635528,-7.418752935060565],[-35.110786774896845,-7.416397071029433],[-35.11092716881348,-7.415766581636205],[-35.11115771040486,-7.414734943488374],[-35.11135276052883,-7.4138571515069644],[-35.11158321517796,-7.412807434320267],[-35.11182272520012,-7.411757674278038],[-35.11205343742354,-7.410762195252551],[-35.11252007259678,-7.4098650344790755],[-35.113341560271905,-7.409318742272576],[-35.11423583629857,-7.408844421944586],[-35.115121097459394,-7.408379183023656],[-35.11597936187058,-7.407950230534389],[-35.116873631220756,-7.407475906452243],[-35.11778596644763,-7.406992455306676],[-35.11858976107031,-7.406536638948647],[-35.1194026525905,-7.406089818082494],[-35.120445105794616,-7.405604412596018],[-35.12114615271949,-7.405195612329186],[-35.125362785266205,-7.402893460415072],[-35.12846218300013,-7.401201276744017],[-35.13127057912699,-7.3995516530410255],[-35.13322987304627,-7.3983490302418895],[-35.13546185885755,-7.397362048379074],[-35.138783997565625,-7.39710204363982],[-35.14144569763808,-7.396971744906484],[-35.14307386557976,-7.396593291121272],[-35.144174262695415,-7.396146544361014],[-35.144527127162455,-7.39600328593135],[-35.14805366682069,-7.394571553688204],[-35.149769741561066,-7.393650277403344],[-35.15155002568195,-7.3929004396360485],[-35.15380200225994,-7.39232007110717],[-35.15611818905581,-7.3919111348736894],[-35.157276542874406,-7.391760899015701],[-35.1595929380971,-7.39139714333671],[-35.16129437212952,-7.391199069661466],[-35.16175774339258,-7.391171117667335],[-35.16259795153971,-7.391120433697238],[-35.164084347293766,-7.391393449770868],[-35.1744430887892,-7.3944350191396415],[-35.17541063844358,-7.394719113332943],[-35.17977108854482,-7.395710232167742],[-35.18374151204049,-7.396567622370593],[-35.184828785471396,-7.396697884785883],[-35.19288572086434,-7.395271918168811],[-35.1962284077626,-7.394680307266064],[-35.19716802009183,-7.3942508267184595],[-35.1984555832312,-7.392771063531894],[-35.19955370206957,-7.391436863061433],[-35.20131433862642,-7.39040673003257],[-35.20395269762838,-7.389254745302403],[-35.20549841905865,-7.388713785877404],[-35.20796041486111,-7.388520821225456],[-35.209916373203455,-7.388538254232026],[-35.21113732306857,-7.3882429472882],[-35.21259919394389,-7.387232339970464],[-35.213817121539094,-7.3863314112228595],[-35.215814508002524,-7.385580278693409],[-35.23027910677523,-7.380970563984104],[-35.23290085980199,-7.380152977348356],[-35.23334260750512,-7.380022642627983]],[[-35.012636947357045,-7.563462995547202],[-35.013876399875905,-7.562816600105928],[-35.01436833877162,-7.5625571467472525],[-35.01438437078318,-7.562548691305772],[-35.01601610016282,-7.561688100225597],[-35.01644920017042,-7.561450100042015],[-35.016745599629665,-7.561299899770481],[-35.016885099767435,-7.561221499572504],[-35.01736520014379,-7.560982199868591],[-35.018046500445635,-7.560625900165106],[-35.01883509976001,-7.560215099746976],[-35.018916090802705,-7.560177304305053],[-35.019487467770986,-7.55986944227907],[-35.02045471910813,-7.559412948621849],[-35.02135029227544,-7.5591285510976105],[-35.02227304186385,-7.558844026078115],[-35.02318677253429,-7.558568581522135],[-35.02409140014793,-7.558284137287634],[-35.02503234763205,-7.558017603496087],[-35.026010247201725,-7.557904581086776],[-35.02700672814698,-7.557890913267617],[-35.02800329280459,-7.557895323323482],[-35.02869795441378,-7.5578920942328995],[-35.02898169609,-7.5578907752776745],[-35.02995103948813,-7.557886267183666],[-35.03092948381858,-7.557890754829507],[-35.03193506312171,-7.55788607368045],[-35.03296781957646,-7.5578812636057515],[-35.03402775312922,-7.557876324412963],[-35.035078711393005,-7.557889504954161],[-35.03610227950619,-7.5578576096432],[-35.03708029635351,-7.557771683318043],[-35.03805835462974,-7.557694794913338],[-35.03904547119989,-7.557617862077901],[-35.04000540917327,-7.557541054147236],[-35.04096538870211,-7.557473284188574],[-35.04194344329611,-7.557396387431364],[-35.04292149695845,-7.5573194885726735],[-35.04382711869197,-7.557251967006363],[-35.044759747049106,-7.557148156405375],[-35.04561853938112,-7.556755404630249],[-35.045674203942816,-7.5567248773801925],[-35.04644985437273,-7.556299499250622],[-35.04736414739659,-7.556150568943492],[-35.04835253135716,-7.556344815025543],[-35.04934100087601,-7.556557138524402],[-35.05029323421535,-7.556769629753502],[-35.05122722166491,-7.556955083997172],[-35.052187319590864,-7.556914409942252],[-35.05313741808053,-7.556674898063905],[-35.05390496565282,-7.556146959544013],[-35.054363177464346,-7.555340232373688],[-35.05478476701104,-7.554452316447249],[-35.05522447331021,-7.553564315259758],[-35.055636744688464,-7.552622202534898],[-35.05594906652577,-7.551617279600216],[-35.05623438149057,-7.550648644371797],[-35.0566558365437,-7.549733608987014],[-35.0574319568472,-7.549106186955958],[-35.058390322506526,-7.548703908078869],[-35.059348685923,-7.548301627569341],[-35.06030713270724,-7.54791742520545],[-35.061238400655526,-7.5475333493876],[-35.06216966651146,-7.547149272021493],[-35.06309191427051,-7.546774275747901],[-35.06401415999758,-7.5463992779505045],[-35.0649364036925,-7.5460242786296226],[-35.065776472369265,-7.545514065259853],[-35.0665433816764,-7.544859555758704],[-35.067310202717806,-7.544186965817223],[-35.06806800548059,-7.5435234578510375],[-35.068825805849144,-7.542859949178299],[-35.06913445724332,-7.54258922321135],[-35.069592619587276,-7.542187357085617],[-35.07038656402386,-7.541505595773398],[-35.071171361198836,-7.540805796915803],[-35.07196525744643,-7.54011499422607],[-35.072759194094274,-7.539433230579883],[-35.07354402649057,-7.538742469269281],[-35.07434710266149,-7.5380787407434475],[-35.07531447966147,-7.537676392420346],[-35.0763639416901,-7.53739117296765],[-35.07720535605472,-7.537170219094972],[-35.07824579901821,-7.536894078582484],[-35.07919470556011,-7.536419491114145],[-35.080097756011185,-7.5358276002887585],[-35.081018920753216,-7.535235622108509],[-35.08192200885499,-7.534652768603977],[-35.08279804836731,-7.534097162486721],[-35.08361986416842,-7.5335689332008],[-35.08431438398997,-7.53294186939292],[-35.08474534269372,-7.532135260857921],[-35.084948629585476,-7.531076617545436],[-35.0850977387193,-7.530054392144796],[-35.0852379190751,-7.529059329225598],[-35.08536942995727,-7.5281456672942735],[-35.085509912713086,-7.527213882813688],[-35.08579576038141,-7.526371806022774],[-35.08661660810021,-7.5256447014885905],[-35.08749309970625,-7.525188529520684],[-35.08844214169628,-7.524750090440147],[-35.08938207981734,-7.524302653270528],[-35.09034008874692,-7.523846088477619],[-35.091279848880994,-7.523362489404354],[-35.09205556264725,-7.522671753578214],[-35.092758418527495,-7.5219000055443015],[-35.09346122864876,-7.521119217332772],[-35.09413699197193,-7.520365677554679],[-35.09481275303271,-7.51961213735314],[-35.09550641118632,-7.518813311680559],[-35.09618199413153,-7.518023611853822],[-35.0965402825833,-7.5171811887722315],[-35.096390756215406,-7.51622367385027],[-35.09612312999448,-7.515194403628108],[-35.095864476963676,-7.514147010194188],[-35.096022796007965,-7.513160904498524],[-35.0965708669263,-7.512227176953358],[-35.097101080143574,-7.511347774022153],[-35.09720680622764,-7.511164599228627],[-35.097281760354804,-7.511034738070507],[-35.09785080007426,-7.510037300281126]]]}},{"type":"Feature","properties":{"fid":50,"CODIGO_SRE":"015EPE0010","UF":"PE","RODOVIA":"015","LOCAL_INIC":"Entr. PE-001 (Complexo Salgadinho / Av. Pres. Kennedy)","LOCAL_FIM":"Entr. Av. Joaquim Nabuco","KM_INICIAL":0,"KM_FINAL":2.29,"EXTENSAO":13.241745593463635,"SITUACAO":"DUP","DESC_SITUA":"DUPLICADA","TIPO_REVES":"CBUQ","DESC_REVES":"CONCRETO BETUMINOSO USINADO QUENTE","IDENTIFICA":"Eixo Principal","OBSERVACAO":"5","EXTENSAO_1":13.24,"REGISTRO":"M5","STATUS_FED":"192.643.932,46","CONCT_ROD":"PE015","COD":"M5","Fase (Obra":"O","STATUS":"EM ANDAMENTO","ROD.":"PE015","DRO":"1","CUSTO OBRA":"192643932.45999998","CUSTO TOTA":"202.897.057,21"},"geometry":{"type":"MultiLineString","coordinates":[[[-34.877047389522374,-7.94996114959771],[-34.877181292416566,-7.948843425595811],[-34.87724274435537,-7.948086063023906],[-34.87731914060768,-7.9476302476523815],[-34.877419152338376,-7.947207492425321],[-34.87755330944211,-7.946662726216857],[-34.87758482008251,-7.9465048794027044],[-34.877584481346005,-7.946239286855986],[-34.877577589923675,-7.946030328031509],[-34.87752622108842,-7.94577914933142],[-34.877424657317974,-7.945458836665633],[-34.87728229515438,-7.945027705356519],[-34.87723314399775,-7.944854136614933],[-34.877211973352416,-7.944576400670261],[-34.877227344555884,-7.944236360593896],[-34.877244486093026,-7.944018688112556],[-34.87732537448825,-7.943712124298233],[-34.877554027355,-7.942696800504374],[-34.87781918948296,-7.9416221554592425],[-34.87795256568608,-7.941154968015849],[-34.878014123456325,-7.940985482520453],[-34.878148376245434,-7.94073017818249],[-34.87827616616575,-7.940522555988152],[-34.87870125754175,-7.939918007707102],[-34.87994389814029,-7.938074191192244],[-34.88045128140106,-7.937321246727561],[-34.88076985612982,-7.9368917023226615],[-34.88100876855186,-7.936646385602755],[-34.881229246919695,-7.936448632457726],[-34.8816034360598,-7.936144972790333],[-34.88208347822321,-7.935731947429202],[-34.88284385517306,-7.935121759339233],[-34.88319978717802,-7.934847757829454],[-34.88349858543951,-7.934600047388287],[-34.88370394836501,-7.934417062898694],[-34.88386414956596,-7.9342604884843135],[-34.88403988016697,-7.934047368463838],[-34.8841311545226,-7.933899063732259],[-34.88446486536772,-7.9334517580265675],[-34.8846858160727,-7.933206259209373],[-34.884965415207645,-7.932782290197455],[-34.88523004902624,-7.932358172571773],[-34.88562350435679,-7.931621990729358],[-34.88591632022208,-7.931072815292486],[-34.88616355821475,-7.930591824458785],[-34.886645288143654,-7.929707304120386],[-34.88752647704155,-7.9280836702410635],[-34.888166589394544,-7.926923181496044],[-34.88837334036972,-7.926599948548307],[-34.888651979672694,-7.926271457410077],[-34.88893364104714,-7.925940011531053],[-34.88925992832339,-7.925635863882863],[-34.88982828548534,-7.925068513878699],[-34.89060815900264,-7.924300325866582],[-34.89233152750728,-7.922562630099836],[-34.89242857352809,-7.9224352671117275]],[[-34.857915008991235,-8.007663149172696],[-34.85768572395055,-8.00731707829611],[-34.85749432715578,-8.007060910633566],[-34.85730329296964,-8.006768937805116],[-34.85718678552385,-8.00656723661418],[-34.85708921676592,-8.006269042062838],[-34.85703522340305,-8.005924734295089],[-34.856870960116616,-8.005117383836629],[-34.85657150018073,-8.003825255210076],[-34.85632701207512,-8.002780760695599],[-34.856134085018205,-8.001965961288509],[-34.855843118575045,-8.000899515060379],[-34.85560403856673,-7.99979390289114],[-34.85539653671352,-7.998871196955152],[-34.85520050024997,-7.998018506387139],[-34.855073624856246,-7.997539781103263],[-34.854981672872675,-7.997159880980786],[-34.854913335115896,-7.996813042935508],[-34.85488013195682,-7.996544143652445],[-34.85485246262265,-7.996320060929608],[-34.854820255228994,-7.995952697647227],[-34.854809423047385,-7.995543772327369],[-34.854812374148445,-7.994955941808725],[-34.8548429817945,-7.994001349536963],[-34.85485690917922,-7.993512103288813],[-34.854878481807695,-7.99285881040037],[-34.85492402266742,-7.991907351980018],[-34.8550022541539,-7.991275516459753],[-34.85520364347603,-7.990009312046605],[-34.85532462195435,-7.989294351449789],[-34.855502491640074,-7.988281555245795],[-34.85579734600605,-7.986652230991743],[-34.85594712640425,-7.985752546036919],[-34.85594896430571,-7.985570536416207],[-34.855944635000114,-7.985406369312139],[-34.85589619107014,-7.985164173842939],[-34.85574811765979,-7.984709110058772],[-34.85567279528545,-7.984460676847173],[-34.85561222797881,-7.984233280166948],[-34.85557273347581,-7.983994158676274],[-34.85556338165255,-7.983734451165168],[-34.85557192859388,-7.983480891358943],[-34.8556809974285,-7.9830552641717745],[-34.85587205618114,-7.98251408067139],[-34.855989079550675,-7.982189991169789],[-34.85623208683776,-7.981840308432871],[-34.856555246816086,-7.981557078615882],[-34.85719800039871,-7.981047279143085],[-34.85826631021706,-7.9801926063341],[-34.85887870716737,-7.979724274941608],[-34.8596875234767,-7.979072896574001],[-34.8607255016544,-7.978256701426711],[-34.86168795588784,-7.977508379581619],[-34.86284634449523,-7.976624746144632],[-34.86310897250818,-7.976406551133057],[-34.863202571535076,-7.976326917103875],[-34.86328434809948,-7.976232244281935],[-34.863323769827545,-7.97618190909099],[-34.863421443311424,-7.975994888325493],[-34.86359562758495,-7.975641523555851],[-34.86387095800884,-7.975053426669201],[-34.864140000732576,-7.974495107285342],[-34.864659884069326,-7.973402157673348],[-34.86527459141747,-7.972107234888408],[-34.866002228961555,-7.970595597968156],[-34.86638129544564,-7.969811581311632],[-34.866916337377404,-7.968697885411184],[-34.86723430749214,-7.968035604536388],[-34.867433146745036,-7.967610862278218],[-34.867497500903404,-7.967462299308982],[-34.86754706930012,-7.967295684028497],[-34.867591280869206,-7.967066348925118],[-34.867701824283486,-7.9664915191215675],[-34.86798038040923,-7.964984339072925],[-34.86811313122186,-7.964284397465025],[-34.86817652812857,-7.963932904779771],[-34.86823513429921,-7.963760411002713],[-34.868299546822136,-7.9636058798028335],[-34.868438865586114,-7.9633696597611925],[-34.868934704783996,-7.962580831592269],[-34.86930584932227,-7.961987710049709],[-34.86962248848997,-7.961456710613052],[-34.87040733253828,-7.960205236894768],[-34.87148456011019,-7.958452355508604],[-34.87183420559121,-7.957912727999176],[-34.872102050618594,-7.957470761161605],[-34.872639382835196,-7.95642271531746],[-34.873109250274915,-7.955535138806783],[-34.87325548686316,-7.955279959361638],[-34.87346451732699,-7.955031373115893],[-34.87368806447076,-7.954827693128868],[-34.873926188154854,-7.954662951730717],[-34.87417915737512,-7.954510294382173],[-34.87444993532323,-7.954372734682389],[-34.87488269587147,-7.954200976816162],[-34.87557734427597,-7.953882616655097],[-34.87593830118741,-7.95370715875467],[-34.87613134896362,-7.953559871798125],[-34.87628548708382,-7.953412197703676],[-34.87647338454593,-7.9531813032110374],[-34.8765585630616,-7.953044879669629],[-34.87664700323772,-7.952881631217836],[-34.876732629402326,-7.952700449862197],[-34.876788534057944,-7.952498083908417],[-34.87685117095194,-7.952221181230244],[-34.87690800069961,-7.9519263158905975],[-34.87696685987123,-7.951428548781632],[-34.876990637931996,-7.950846876774409],[-34.877047389522374,-7.949961149597728]],[[-34.86469156689684,-8.026976218284155],[-34.86442308168263,-8.026383677441023],[-34.86354004214801,-8.02524680351869],[-34.862650294036705,-8.024063310803857],[-34.86221774040628,-8.02349675500817],[-34.86170692042355,-8.022499703287366],[-34.86148532726703,-8.021677446461823],[-34.86063377342315,-8.018261292670108],[-34.85996283679879,-8.015456668093227],[-34.85965088077412,-8.014097564307427],[-34.859097703148656,-8.011962562157063],[-34.85791500899124,-8.007663149172693]]]}},{"type":"Feature","properties":{"fid":2,"CODIGO_SRE":"045EPE0010","UF":"PE","RODOVIA":"045","LOCAL_INIC":"Entr. BR-101 (Escada)","LOCAL_FIM":"Entr. BR-232 (Antiga) (Vitória de Santo Antão)","KM_INICIAL":0,"KM_FINAL":34.41,"EXTENSAO":34.410000000000004,"SITUACAO":"PAV","DESC_SITUA":"PAVIMENTADA","TIPO_REVES":"CCP","DESC_REVES":"CONCRETO DE CIMENTO PORTLAND","IDENTIFICA":"Eixo Principal","OBSERVACAO":"20","EXTENSAO_1":34.41,"REGISTRO":"M20","STATUS_FED":"112.883.974,93","CONCT_ROD":"PE045","COD":"M20","Fase (Obra":"O","STATUS":"EM ANDAMENTO","ROD.":"PE045","DRO":"1","CUSTO OBRA":"112883974.93000001","CUSTO TOTA":"132.843.311,60"},"geometry":{"type":"LineString","coordinates":[[-35.215297259999936,-8.362626699999925],[-35.21611678299997,-8.361288680999968],[-35.21636845299993,-8.360853405999933],[-35.21662358093346,-8.360716416140335],[-35.21679373799993,-8.360625050999893],[-35.21728372599991,-8.360604226999964],[-35.21778273999996,-8.360574311999903],[-35.21824509199995,-8.360481330999965],[-35.218248229999965,-8.360478897999904],[-35.21859751299996,-8.36020818899993],[-35.21884902599994,-8.359745797999933],[-35.21888783434132,-8.359649380591332],[-35.219045930999954,-8.359256596999959],[-35.219215762,-8.358794663999964],[-35.219394770999905,-8.358350757999947],[-35.21954660299997,-8.35791604199993],[-35.219743711999925,-8.357462994999922],[-35.22001393599994,-8.357099925999902],[-35.22044793199997,-8.356808248999915],[-35.22091919999994,-8.356688098999951],[-35.221427077999955,-8.35662197599992],[-35.221925879999965,-8.356555903999928],[-35.22247908499993,-8.356480485999928],[-35.22296880999995,-8.356414462999968],[-35.22345848399989,-8.356339401999941],[-35.223920828999965,-8.356246414999964],[-35.22434671699995,-8.356126516999979],[-35.22484495299995,-8.355961016999935],[-35.22532498599998,-8.355786580999958],[-35.225823067999954,-8.355593964999938],[-35.22634832399997,-8.355392156999901],[-35.226792052999954,-8.355217922999914],[-35.227032488795274,-8.355124269238848],[-35.22726295699989,-8.355034497999963],[-35.22774293599993,-8.354851020999929],[-35.228250089999975,-8.35465835099997],[-35.22875719199993,-8.354456642999905],[-35.229273419999956,-8.354263920999925],[-35.229789595999925,-8.354062159999973],[-35.23033294699997,-8.35385120699994],[-35.23086722099998,-8.353640304999908],[-35.23140154599994,-8.353438439999914],[-35.23191771999997,-8.353236676999956],[-35.232442915999926,-8.35302582399988],[-35.23294057799997,-8.352760892999987],[-35.23341075399998,-8.352450923999983],[-35.23385349799997,-8.352104952999982],[-35.23423255899995,-8.351732225999942],[-35.234557114999944,-8.351350766999943],[-35.23481814199992,-8.350969666999978],[-35.235043021999935,-8.35061588699995],[-35.23529497199997,-8.350234837999938],[-35.23558301899993,-8.349817429999941],[-35.23588003699997,-8.349381894000002],[-35.23615890399997,-8.34894646099996],[-35.236446999999906,-8.348538090999929],[-35.23662558415649,-8.348273319445324],[-35.236752988999925,-8.348084426999932],[-35.23706795,-8.347612634999956],[-35.237355992999895,-8.347195226999895],[-35.23765295599995,-8.346750651999946],[-35.23797714499995,-8.346305922999942],[-35.23835598999995,-8.345897040999894],[-35.238762266999984,-8.345524157999906],[-35.239196128999886,-8.345214389999942],[-35.239621120999985,-8.344940825999943],[-35.24007364799995,-8.344721338999948],[-35.24049920499993,-8.344547196999937],[-35.24098844399996,-8.344399810999924],[-35.24153233899996,-8.34428826999992],[-35.2419855849999,-8.344195318999915],[-35.242493178999915,-8.344083981999988],[-35.24302773999992,-8.343927298999947],[-35.24348949299993,-8.343734871999926],[-35.24395995799997,-8.343479124999927],[-35.24443924099991,-8.343178133999935],[-35.24480992999993,-8.342931989999935],[-35.24531622999991,-8.342594690999961],[-35.24584062699991,-8.342248249999955],[-35.24622930899994,-8.341974886999905],[-35.24673565799997,-8.341646624999946],[-35.247097164999964,-8.341382453999968],[-35.24748486399992,-8.340937361999963],[-35.247745045999956,-8.340411643999984],[-35.247868893999964,-8.339850544999923],[-35.24782918299995,-8.339254218999935],[-35.24775394799997,-8.338793673999906],[-35.24765071299994,-8.338197706999926],[-35.24756640299995,-8.337737213999905],[-35.247463220999954,-8.337150284999955],[-35.24736926899995,-8.3365904209999],[-35.24728449599998,-8.336048580999913],[-35.24719080299996,-8.335533907999913],[-35.24710603099992,-8.334992068999929],[-35.247102829999974,-8.33443168999997],[-35.247163515999915,-8.333934218999941],[-35.2472968019999,-8.33343633799994],[-35.247493714999955,-8.332956172999962],[-35.24773615699995,-8.33250286599995],[-35.248023972999924,-8.33204930299992],[-35.24838454299992,-8.33162244299995],[-35.248827043999924,-8.331240310999938],[-35.24926980199996,-8.330903371999977],[-35.24969446199997,-8.33057557299999],[-35.25012814399994,-8.330238683999953],[-35.25055269899993,-8.329892808999906],[-35.250931671999936,-8.329511035999888],[-35.251201333,-8.32905757499994],[-35.25133440599991,-8.328523539999907],[-35.251322126999966,-8.327963213999947],[-35.251155783999934,-8.32743991599997],[-35.25088075099995,-8.326953387999914],[-35.250660115999956,-8.32645751399999],[-35.250566320999944,-8.32592476499997],[-35.25060864799992,-8.325391244999919],[-35.250778330999914,-8.324911234999934],[-35.250975650999976,-8.324503376999871],[-35.25120003999993,-8.324068249999927],[-35.25140627899997,-8.323633225999993],[-35.25163066699993,-8.323198099999976],[-35.25184608299998,-8.322781100999947],[-35.25207047099994,-8.322345974000001],[-35.252331052999935,-8.32189256499992],[-35.25260107099992,-8.321502371999916],[-35.25290748999994,-8.321130049999967],[-35.25325041399997,-8.32079367599995],[-35.253536006336496,-8.320513742497],[-35.25358431399992,-8.320466391999943],[-35.25395425399996,-8.320093708999902],[-35.254260515999945,-8.31969427199992],[-35.25448510599994,-8.319295297999897],[-35.25466390999996,-8.318824274999928],[-35.254724432999936,-8.318299691999906],[-35.25469400499994,-8.317739468999944],[-35.25458247499996,-8.317279131999975],[-35.25443443999991,-8.316782846999946],[-35.25428619899995,-8.316250408999942],[-35.254128935999944,-8.315727059999947],[-35.25398090299993,-8.31523077499998],[-35.253842151999905,-8.314770590999958],[-35.253684890999956,-8.314247241999976],[-35.25355536899994,-8.313814121999917],[-35.25342574599992,-8.313362923999914],[-35.25328689299993,-8.312884662999952],[-35.25313886299995,-8.312388376999932],[-35.25298170699992,-8.311883103999909],[-35.25283352399997,-8.311359701999901],[-35.252676265999966,-8.31083635099995],[-35.25260072999994,-8.310321576999986],[-35.25269771099992,-8.309823901999955],[-35.25289497299994,-8.309407007999885],[-35.253118994999966,-8.308908613999924],[-35.25321633599996,-8.308474207999957],[-35.25324087599994,-8.308004059999968],[-35.253201740999906,-8.307507155999904],[-35.25316250399994,-8.30699217599993],[-35.2531233179999,-8.306486234000001],[-35.253093206999935,-8.30598023999991],[-35.25305431691928,-8.305503141780804],[-35.25305417599993,-8.305501412999963],[-35.25301488799989,-8.304977394999984],[-35.252975703999915,-8.304471452999966],[-35.25294543899992,-8.303938343999956],[-35.252906460999974,-8.303468554999926],[-35.25286732799993,-8.302971650999924],[-35.25282840299994,-8.302510900999915],[-35.252770761999926,-8.301950830999926],[-35.252731732999976,-8.301472002999937],[-35.25267455699997,-8.300993278999924],[-35.25262645499997,-8.300514502999954],[-35.25257835299994,-8.300035726999958],[-35.25253014899992,-8.299538873999936],[-35.252472715999914,-8.299014956999972],[-35.25241523199999,-8.298482001999941],[-35.25235769599993,-8.297940007999975],[-35.252291035999924,-8.297389027999923],[-35.2522061249999,-8.296820072999951],[-35.252075688999945,-8.296224258999894],[-35.25195509999994,-8.295763968999921],[-35.25184358599996,-8.295303627999969],[-35.25172304999991,-8.29485237699993],[-35.25161158799993,-8.294401073999971],[-35.25149094999994,-8.293931744999963],[-35.25137031199993,-8.293462416999947],[-35.25124962299994,-8.292984049999959],[-35.25112898499999,-8.292514720999964],[-35.2510083999999,-8.292054429999961],[-35.25089688899988,-8.291594087999966],[-35.250776252999955,-8.29112475899992],[-35.25068151921372,-8.290763142999921],[-35.25065566899996,-8.29066446799993],[-35.25053508599996,-8.29020417699994],[-35.2504235759999,-8.289743834999934],[-35.250302941999976,-8.289274504999959],[-35.25018230799998,-8.288805174999883],[-35.25006172599998,-8.288344883999981],[-35.249950166999916,-8.287875501999961],[-35.249856807999905,-8.287415056999993],[-35.24979061899992,-8.286945419999942],[-35.24974257799989,-8.286475679999956],[-35.249721758999925,-8.286005786999972],[-35.249709961999905,-8.285526803999987],[-35.24968904099993,-8.28503883299992],[-35.24966822199997,-8.284568939999923],[-35.24960203499991,-8.284099301999957],[-35.24950872899996,-8.28364789499992],[-35.24936103199998,-8.283205832999975],[-35.24917698999996,-8.282754935999934],[-35.24898387399996,-8.282304090999926],[-35.24878178699995,-8.281871372999944],[-35.2486159969999,-8.281438450999923],[-35.24851284999992,-8.28085151799997],[-35.24857379999996,-8.280399240999897],[-35.24874373799995,-8.27996442699999],[-35.249022867999955,-8.279583229999966],[-35.249374842999934,-8.279246815999931],[-35.24976290699993,-8.278874043999979],[-35.250096785,-8.278546770999986],[-35.250421690999914,-8.278237624999957],[-35.25082784899994,-8.277855710999983],[-35.25123395499997,-8.277464759999894],[-35.25157690399992,-8.2771374339999],[-35.251937896999955,-8.276791929999954],[-35.25231698499989,-8.276437283999948],[-35.25270509499993,-8.276073548999971],[-35.25304793899989,-8.275728145999976],[-35.25336335599993,-8.275346743999945],[-35.25361489799994,-8.274902430999918],[-35.25377539599995,-8.274404398999902],[-35.25385397399998,-8.273861636999921],[-35.25389625799993,-8.273319079999933],[-35.25393854299992,-8.272776521999992],[-35.25398995199998,-8.272242951999942],[-35.25405950799994,-8.271709278999944],[-35.254319864999935,-8.27121972399991],[-35.25467126299998,-8.27078388599993],[-35.25482273699998,-8.270294944999918],[-35.25480150699996,-8.26975274599996],[-35.25478027699994,-8.269210546999924],[-35.25477653115083,-8.26914153058075],[-35.25474987099991,-8.26865032299997],[-35.25471039199993,-8.268090148999928],[-35.25471710199995,-8.267674333999915],[-35.25486821599997,-8.26712212399998],[-35.25510196599996,-8.266741182999953],[-35.25545413199992,-8.266440920999939],[-35.25590707999993,-8.266311824999931],[-35.25639683499998,-8.266272907],[-35.25689581799993,-8.266261051999939],[-35.25738567599991,-8.266240209999951],[-35.257875532999925,-8.266219366999987],[-35.258365235999975,-8.266171407999908],[-35.258845453999996,-8.26605119299998],[-35.25928896599992,-8.265858876999967],[-35.25968680199994,-8.265612585999984],[-35.26012010699994,-8.265221476999926],[-35.26045345099995,-8.264803815999882],[-35.260704876999974,-8.264341425999941],[-35.26087433499997,-8.263825266999925],[-35.26096192699994,-8.263273416999914],[-35.2609860059999,-8.262721925999925],[-35.26091924999994,-8.262152870999918],[-35.26085244299995,-8.26157477699999],[-35.26088621399996,-8.261131693999934],[-35.26110980099997,-8.260560997999939],[-35.26137998899997,-8.260206965999947],[-35.26183133099991,-8.25979767699995],[-35.26230112699994,-8.259442516],[-35.262671632999954,-8.259178301999915],[-35.26315947099991,-8.258804960999926],[-35.26352971799994,-8.25849555399998],[-35.26387264199997,-8.258168224999922],[-35.26418829399991,-8.257832011999962],[-35.26452167999998,-8.25742338899995],[-35.26480062699995,-8.257015073999966],[-35.26505225099989,-8.256588836999976],[-35.26524036299995,-8.256162958999928],[-35.26539202799996,-8.255710170999944],[-35.26554369299994,-8.255257383999899],[-35.26565906599994,-8.254804801999963],[-35.26572902099992,-8.254343437999953],[-35.26579882299997,-8.253854959999968],[-35.265859756999895,-8.253402685999921],[-35.265938424999895,-8.252878002999939],[-35.26599915299993,-8.252389575999944],[-35.26608673899995,-8.251837725999971],[-35.26615669499989,-8.251376362999967],[-35.26619937999993,-8.25090611499998],[-35.26617850299992,-8.250427187999907],[-35.26607977064073,-8.250093352971756],[-35.26603427308167,-8.249948232628842],[-35.26579223799994,-8.24951647599992],[-35.265463449999935,-8.249138714999974],[-35.26508940199996,-8.248779285999932],[-35.264697104999996,-8.248401882999898],[-35.26438610499995,-8.247960748999962],[-35.264147276999964,-8.247446898999963],[-35.26401696399991,-8.246869164999945],[-35.26398706999996,-8.246399325999928],[-35.263966248999935,-8.245929436999974],[-35.26394553099993,-8.245477623999918],[-35.26392393899993,-8.244872159999876],[-35.26393946099992,-8.244411103999909],[-35.26404571199997,-8.243949534999945],[-35.26410944408346,-8.243808693039966],[-35.2642876419999,-8.243414891999954],[-35.26453941699997,-8.243015770999898],[-35.26476412699998,-8.242643919999997],[-35.26498852799993,-8.242217837999936],[-35.26518570999994,-8.241791910999908],[-35.26523752299991,-8.241330649999949],[-35.26524325199995,-8.24074310899997],[-35.26531274699993,-8.24020040099993],[-35.26551833199996,-8.239656923999934],[-35.265779227999886,-8.239266790999936],[-35.2661306439999,-8.238839991999928],[-35.266454995999936,-8.238440461999966],[-35.266752282999924,-8.23806819999991],[-35.26704926199993,-8.237641708999943],[-35.267309639999965,-8.237161191999938],[-35.267506715999914,-8.23671718799992],[-35.26767631599995,-8.236228146999988],[-35.267782612999945,-8.235775616999957],[-35.267861641999936,-8.235314202999975],[-35.26789494699993,-8.234789776999957],[-35.267892219999965,-8.234310747999965],[-35.26786196599994,-8.23377764199992],[-35.26782289699999,-8.233289779999941],[-35.26779279899994,-8.232783788999942],[-35.26776269999994,-8.232277798999958],[-35.267732652999904,-8.231780846999943],[-35.26770276099995,-8.231311008999942],[-35.26767281799991,-8.230832133999915],[-35.2676428739999,-8.230353257999948],[-35.26763831791151,-8.230274195277367],[-35.26761267399996,-8.229829190999949],[-35.267573504999966,-8.229323250999876],[-35.26754361399995,-8.228853413999932],[-35.26750423899993,-8.228311320999973],[-35.26747429699998,-8.227832444999928],[-35.267435128999985,-8.227326505999924],[-35.26738673399995,-8.226793501999936],[-35.26728385399993,-8.226251767999921],[-35.2671355099999,-8.2256922129999],[-35.26695092899994,-8.225141899999924],[-35.26674835699998,-8.224618805000006],[-35.26652779599992,-8.224122926999925],[-35.266361771999975,-8.223644817999954],[-35.26632270999993,-8.22315695399993],[-35.26648354599995,-8.222722194999983],[-35.26680763199995,-8.222277475999924],[-35.26715898499997,-8.221841641999962],[-35.26751940999996,-8.221405756999959],[-35.26781679099995,-8.221051573999874],[-35.268141387999954,-8.22069723799992],[-35.26851170499999,-8.220405913999963],[-35.26888217599998,-8.220141704999927],[-35.269297903999984,-8.219859161999949],[-35.26972260199994,-8.219558491999996],[-35.27015636999989,-8.219257769999908],[-35.27058106599995,-8.218957098999939],[-35.27071622109014,-8.218874755900012],[-35.27106024599991,-8.218665158999935],[-35.27157622799991,-8.218463395999937],[-35.27211983699994,-8.218333784999961],[-35.27257323899994,-8.21829506799994],[-35.27304483599994,-8.218265286999955],[-35.27354364999997,-8.218235350999961],[-35.27402395799994,-8.21814224999996],[-35.27444911299997,-8.217922919999982],[-35.27478287599994,-8.217586605999971],[-35.274961845999904,-8.217151743999947],[-35.274968084999934,-8.216654588999935],[-35.274838087999974,-8.216131087999923],[-35.27478304305511,-8.215916903999904],[-35.27469891699997,-8.215589562999995],[-35.27456917899992,-8.215111253999991],[-35.27445773999993,-8.21465995599993],[-35.27432805399995,-8.21419068499993],[-35.274153265999985,-8.213766860999922],[-35.27390584999993,-8.213334408999945],[-35.27363163099991,-8.212974416999918],[-35.273266435,-8.21256974499994],[-35.27291964099991,-8.212210161999984],[-35.2725546519999,-8.211841642999929],[-35.272171519999944,-8.21147322499999],[-35.27173421299996,-8.211150305999974],[-35.27123401999993,-8.210936202999942],[-35.27070671399993,-8.210740329999963],[-35.270279610999985,-8.210616198999956],[-35.26971668599995,-8.210538026999933],[-35.26928061399996,-8.210432022999928],[-35.26877114499995,-8.210181814999963],[-35.26831559499989,-8.209840915999903],[-35.26785138499993,-8.209572373999947],[-35.267441913999924,-8.209357754999893],[-35.26702301299998,-8.209079917999944],[-35.26665833999993,-8.208765620999918],[-35.26630227699994,-8.208369926999938],[-35.2659911649999,-8.207901670999949],[-35.26573407599989,-8.207360801999895],[-35.26556755299998,-8.20679230699992],[-35.26545571799989,-8.206268696999945],[-35.26535310999994,-8.205772150999948],[-35.265383865325916,-8.205741493009883],[-35.26524290033954,-8.20511370043684],[-35.26512889957898,-8.204739300078588],[-35.26489419990733,-8.20400130021975],[-35.2644973003101,-8.202809300109022],[-35.26430409985424,-8.20221469984845],[-35.264178100338995,-8.201811100301981],[-35.264123099601264,-8.201461999671466],[-35.26411240036689,-8.201154099681911],[-35.264149900297646,-8.200842099683056],[-35.2642625997391,-8.200393499860072],[-35.26448789969671,-8.199695300397755],[-35.26456829998694,-8.199303699605956],[-35.26458439965028,-8.199001000395832],[-35.26458710031438,-8.198633399811486],[-35.26456429980252,-8.198342700255315],[-35.26447449979827,-8.197814299989899],[-35.264395300102976,-8.197117499872613],[-35.26437920043967,-8.196745800178478],[-35.26440469981702,-8.196214799973001],[-35.264463597049506,-8.195898801476307],[-35.26452269986266,-8.195581699735573],[-35.26473800025845,-8.194988300069943],[-35.26481030035499,-8.194857300324099],[-35.26495729993939,-8.194582099684105],[-35.265579500393564,-8.193613099964487],[-35.2658316999729,-8.193230799961356],[-35.265977800235206,-8.192966699653416],[-35.26609049967673,-8.192713099829636],[-35.26627090008188,-8.192202099647163],[-35.26638690003531,-8.1917559999394],[-35.26647269985517,-8.191274199844427],[-35.26651029961057,-8.190777700330552],[-35.266537100306884,-8.190363600299872],[-35.26653439964279,-8.189964000038533],[-35.26648070022405,-8.18943170031266],[-35.266368099708004,-8.189107799585218],[-35.26607039982904,-8.188529100237748],[-35.26594429958967,-8.188215799819266],[-35.26585710042477,-8.18788260010185],[-35.26582759996369,-8.187563999978586],[-35.26582230025885,-8.187036999957522],[-35.26582490019893,-8.186405200139822],[-35.26578869978863,-8.185914000330753],[-35.26571500034698,-8.185477300337071],[-35.26556339983096,-8.184890599721381],[-35.26540649961019,-8.184412699986044],[-35.265051100128126,-8.183553799767996],[-35.26496130012381,-8.183271099681466],[-35.26493980003168,-8.183044100005201],[-35.26496130012381,-8.182818399849218],[-35.26503499956552,-8.182574199739431],[-35.26514500014159,-8.182356499952462],[-35.26530190036235,-8.182078999745977],[-35.265515199766625,-8.181666200134988],[-35.26558759968788,-8.181342300306893],[-35.265584899923155,-8.181005100404976],[-35.2654856003801,-8.180715700369186],[-35.265289799984274,-8.180386499936924],[-35.26482310040569,-8.1800255003765],[-35.26434300002937,-8.179690900414657],[-35.263667100156525,-8.179167899678745],[-35.263068999734465,-8.178570599653455],[-35.26239309986165,-8.177789999808583],[-35.261698200011864,-8.176882500227132],[-35.26155349999396,-8.17669349960531],[-35.2611538997326,-8.176259399551652],[-35.260661699877524,-8.175817399853074],[-35.26004880021189,-8.1752625001642],[-35.259643800420996,-8.174769999935505],[-35.259527099895706,-8.174613400088292],[-35.259453399554694,-8.174501900342335],[-35.25931650025627,-8.174223099716249],[-35.25917569969871,-8.17386470009577],[-35.25901620043725,-8.173374799807071],[-35.25893029989341,-8.172949999642695],[-35.258919599759636,-8.17244959976917],[-35.258950399741096,-8.172052700171898],[-35.25905909989747,-8.171597299675543],[-35.25925350004889,-8.17110080016177],[-35.25944930044479,-8.170731800232383],[-35.25974300013927,-8.170338899920214],[-35.2601024996306,-8.1699657999816],[-35.26048180039477,-8.16963999988601],[-35.260649600398715,-8.169518499678999],[-35.26161519978158,-8.168708699746679],[-35.26195050031529,-8.16831440008948],[-35.26214360004708,-8.167922800197015],[-35.26233269959435,-8.167359999963978],[-35.26239839956646,-8.166959100182243],[-35.26239839956646,-8.16659659965327],[-35.262367599585,-8.1661930999315],[-35.26220660025432,-8.165181500226016],[-35.26217580027292,-8.164708900195539],[-35.26222679992683,-8.164281500091127],[-35.26233669977881,-8.16383810014816],[-35.262443999690745,-8.163553999817152],[-35.262763199661876,-8.163038899625455],[-35.263443099719204,-8.161994200372016],[-35.26471049988958,-8.160001499669407],[-35.26504580042328,-8.159422699597842],[-35.265166500233725,-8.159024499580903],[-35.2651906002659,-8.158612899665473],[-35.265150399671114,-8.158259799749839],[-35.26504309975918,-8.157898700364639],[-35.26486339992586,-8.157519100126228],[-35.26450400025938,-8.156871199746018],[-35.26424650007587,-8.15629510033857],[-35.264007700395005,-8.155628600179629],[-35.263887100409285,-8.154925100113235],[-35.26379590016062,-8.1540620998859],[-35.263752899976254,-8.153244400308738],[-35.26380119986544,-8.152424000067485],[-35.26388899977745,-8.151913699557541],[-35.2639273001048,-8.151691100264019],[-35.264249100015846,-8.150783099760178],[-35.264579099945436,-8.150095399882714],[-35.264841899833726,-8.1497289998934],[-35.26508869988353,-8.149529899884906],[-35.265525899900275,-8.149251100158063],[-35.26607840019792,-8.149025400002168],[-35.26696344207887,-8.148700050860544],[-35.26698318500058,-8.148692793189724],[-35.2669379752935,-8.148709412680315],[-35.26696344207887,-8.148700050860544],[-35.26765289996127,-8.148446599930551],[-35.268279200424715,-8.148194299627129],[-35.268466899727585,-8.148058900397888],[-35.26865869993899,-8.147888999577598],[-35.26876599985099,-8.14773239973045],[-35.268945699684245,-8.147392500063761],[-35.26905029983141,-8.146999499926919],[-35.269055700260274,-8.146638399642322],[-35.26904390025568,-8.146535799587392],[-35.26901539984077,-8.146288000390909],[-35.268902800224,-8.145982599617206],[-35.26880890021057,-8.145825999770032],[-35.26872039972664,-8.145695900245522],[-35.268555400211476,-8.145563100056945],[-35.268351600346044,-8.145443599942112],[-35.2681785995627,-8.145365299568846],[-35.267967999923165,-8.145301599689015],[-35.267440999902206,-8.145220599551013],[-35.26702260021277,-8.145147599781824],[-35.26678119969256,-8.14510110033549],[-35.26658399995156,-8.145037399556312],[-35.26648339998888,-8.144996199814734],[-35.26633989966658,-8.144907300031802],[-35.26617900016066,-8.14476660019837],[-35.2660689995846,-8.144584699724088],[-35.26599659966327,-8.144369599877079],[-35.265960400152345,-8.144190400066853],[-35.265975099571136,-8.143869100178765],[-35.265991200133676,-8.143770899607256],[-35.26607039982904,-8.143600899861589],[-35.26619910000842,-8.14341109974244],[-35.26633319971733,-8.143296900231684],[-35.266446999929045,-8.143223299715485],[-35.26682410005215,-8.143056599582355],[-35.26736049978719,-8.142878700191819],[-35.267849999877555,-8.142688900072606],[-35.26834219973265,-8.142426000359595],[-35.26869490034928,-8.142202999968422],[-35.2694231002958,-8.14175829960579],[-35.27037999963717,-8.141154199806362],[-35.27064710008357,-8.140992099705624],[-35.27088760038242,-8.140838199623108],[-35.271429399647,-8.140481100422397],[-35.27209589980586,-8.139936800143188],[-35.27271760023698,-8.139409100449594],[-35.27300789959484,-8.139121699606715],[-35.27334449964886,-8.13887069972296],[-35.27359799964789,-8.138703499566786],[-35.27373610044065,-8.138641100106607],[-35.27397330022754,-8.138570700277567],[-35.27446030020265,-8.138496400088727],[-35.27474600042751,-8.138433999729278],[-35.27501870005291,-8.138360900135416],[-35.27521000024126,-8.138265400227935],[-35.27537699984863,-8.138147900205396],[-35.27550500035542,-8.138030400182783],[-35.27559369958953,-8.137943499592788],[-35.27563380035953,-8.137880399560709],[-35.27573700026232,-8.137747600271492],[-35.27601200035344,-8.137203299992283],[-35.27653240024996,-8.136192599608762],[-35.27676170039213,-8.135809299559456],[-35.277025799800704,-8.13551319957442],[-35.27729939964749,-8.135243699736911],[-35.27748580032933,-8.13508109961298],[-35.277678999885886,-8.1349344004022],[-35.277971200410505,-8.134749599614265],[-35.278337499675835,-8.13453740008078],[-35.27862710026044,-8.134363499975464],[-35.279054199991236,-8.134117799796552],[-35.27944389961623,-8.133905500438471],[-35.28007730022717,-8.133521499817343],[-35.28035309981567,-8.133316000233133],[-35.280541300040916,-8.133152900086197],[-35.28075549966652,-8.132909799847308],[-35.28086679976297,-8.132791600152204],[-35.28097769966105,-8.132656200023579],[-35.281132300315356,-8.132455699770569],[-35.28128320025946,-8.132250399836034],[-35.28151720025849,-8.131876399676036],[-35.28174250021613,-8.131528399815725],[-35.281992500053754,-8.131142099628143],[-35.282006899998365,-8.131119899863394],[-35.282227042999935,-8.130702377999986],[-35.282378473999955,-8.130213446999981],[-35.28237586699999,-8.129752495999998],[-35.28224622699996,-8.12928322099997],[-35.28197136499991,-8.128796682999958],[-35.281733294999974,-8.128400323999886],[-35.28163405334756,-8.128145632828396],[-35.28154001299998,-8.127904289999945],[-35.28151901199991,-8.127398249999938],[-35.281652610999934,-8.126963649999913],[-35.28181357199997,-8.12655601299993],[-35.282083424999925,-8.126156801999999],[-35.282253352999916,-8.125731036999971],[-35.28233232599995,-8.125260589999943],[-35.282320650999935,-8.124799690999966],[-35.28229083499997,-8.124338892999905],[-35.28226081599994,-8.123841941999968],[-35.28223089899997,-8.123363067999946],[-35.28221015399999,-8.122902218999958],[-35.28217111599997,-8.12241435699998],[-35.282141301999935,-8.12195355899997],[-35.28212045599996,-8.121474633999956],[-35.28211054215916,-8.12137939117124],[-35.282072501999906,-8.121013936999935],[-35.282066571645004,-8.1208821818542],[-35.28205175899992,-8.120553087999971],[-35.28202168999992,-8.120047098999967],[-35.28198275599993,-8.119577313999965],[-35.28195284099992,-8.119098438999977],[-35.281932097999935,-8.118637589999924],[-35.28189285799991,-8.118113574999908],[-35.281863045999934,-8.117652775999893],[-35.281833335999956,-8.117210054999884],[-35.28180342199992,-8.11673117999992],[-35.28177345699991,-8.116243266999954],[-35.281743390999964,-8.11573727699992],[-35.28171327399999,-8.115222248999931],[-35.281638113999925,-8.114761704999944],[-35.281490804999976,-8.114373872999927]]}},{"type":"Feature","properties":{"fid":205,"CODIGO_SRE":"087EPE0010","UF":"PE","RODOVIA":"087","LOCAL_INIC":"Entr. BR-232 (Gravatá)","LOCAL_FIM":"Mandacarú *","KM_INICIAL":0,"KM_FINAL":15.64,"EXTENSAO":15.64,"SITUACAO":"EOP","DESC_SITUA":"EM OBRA DE PAVIMENTAÇÃO","TIPO_REVES":"RP","DESC_REVES":"REVESTIMENTO POLIÉDRICO","IDENTIFICA":"Eixo Principal","OBSERVACAO":"4","EXTENSAO_1":15.59,"REGISTRO":"M4","STATUS_FED":"30.198.560,50","CONCT_ROD":"PE087","COD":"M4","Fase (Obra":"-","STATUS":"FINALIZADA","ROD.":"PE087","DRO":"3","CUSTO OBRA":"30198560.5","CUSTO TOTA":"32.230.280,56"},"geometry":{"type":"LineString","coordinates":[[-35.54539342632978,-8.193251574347673],[-35.545492541165835,-8.1934079583078],[-35.54638725939988,-8.193825082329786],[-35.54809855343871,-8.194507316596441],[-35.550641726524226,-8.195118973909985],[-35.5512834617888,-8.195283650718345],[-35.554301994329535,-8.196154084144393],[-35.55679763146948,-8.19660106273109],[-35.55974486009191,-8.197377392766974],[-35.56076688292071,-8.197753794663146],[-35.564736134371906,-8.200270973186106],[-35.56685148394766,-8.201941241728404],[-35.567266948111545,-8.202785155963518],[-35.567048282762165,-8.203330931173346],[-35.56698173243843,-8.205081170756081],[-35.5681796382656,-8.205052941146562],[-35.56885464869204,-8.205655172381427],[-35.56919690749979,-8.2064267798171],[-35.56978635322425,-8.20756536853979],[-35.570185655166675,-8.207612417590337],[-35.57050889959626,-8.207753564708572],[-35.57128440644456,-8.208124193074882],[-35.57134678522988,-8.208149098808837],[-35.57167989980748,-8.208282100138783],[-35.57258319955496,-8.208671699938966],[-35.5727507999094,-8.208724800409145],[-35.57288560019027,-8.20874929974036],[-35.573007200222065,-8.208747199823405],[-35.5731309999956,-8.208741400095517],[-35.57322890019351,-8.208739999851076],[-35.573305300299324,-8.208753999597375],[-35.57338850017904,-8.208777899980042],[-35.573556800206106,-8.208866799763037],[-35.57378210016368,-8.208973599651852],[-35.57385590032944,-8.209005500403444],[-35.57393829981266,-8.20903399991907],[-35.5740824998075,-8.20904999975761],[-35.574336599654266,-8.209062600158765],[-35.574517699732034,-8.20909580043079],[-35.57510850035697,-8.209286200397768],[-35.5752130996048,-8.209334000263883],[-35.57542429999142,-8.209474700097301],[-35.575530900230795,-8.209559700419803],[-35.57570590020704,-8.209707000377682],[-35.575791100179075,-8.209805899722397],[-35.57583270011893,-8.209854400160348],[-35.5760015999938,-8.210123099601322],[-35.576132400090174,-8.210352799941719],[-35.57619879973477,-8.21047020013957],[-35.57628129994196,-8.210612900065247],[-35.576447500052,-8.210889000027292],[-35.57653200035147,-8.211060300192637],[-35.5766203002866,-8.211250799984365],[-35.57672920009248,-8.211697399715195],[-35.576734300147756,-8.211729099917955],[-35.57685309969073,-8.212063900428618],[-35.57690169995346,-8.212136400174689],[-35.57708659966678,-8.212359700040022],[-35.57720390003993,-8.21244730030266],[-35.57738030026059,-8.212548900311418],[-35.57749559964216,-8.212615299956097],[-35.577781299867034,-8.212769899711052],[-35.5781414001055,-8.212976300415868],[-35.57834519997094,-8.21308249955766],[-35.57847259973066,-8.213152799561975],[-35.57855750022834,-8.213204899986122],[-35.57879450036586,-8.213338700220758],[-35.57897279995474,-8.213432899708483],[-35.57903249965011,-8.213470700012762],[-35.5791157004292,-8.213537800229226],[-35.5793718003682,-8.21378859956415],[-35.57949789970824,-8.213948599748022],[-35.579607900284266,-8.214091900420849],[-35.57963329983687,-8.214133700010192],[-35.57965279983679,-8.214204099839257],[-35.57966149987829,-8.214255200217295],[-35.57966690030719,-8.214369999575727],[-35.57965139959235,-8.21454189958894],[-35.57961520008139,-8.214689200446127],[-35.57954549992486,-8.214892299739777],[-35.579303399732034,-8.215405300014494],[-35.57912240037842,-8.21579560038664],[-35.5789922999546,-8.216006000376545],[-35.57894330039293,-8.216077000053453],[-35.57871469992339,-8.216407500006072],[-35.57852360028387,-8.216693499705139],[-35.578420299657026,-8.216848800032057],[-35.57833580025689,-8.216959699930149],[-35.57825999999898,-8.217038000303415],[-35.57805689980602,-8.217156100173845],[-35.57787519988049,-8.217252299753815],[-35.57773369965047,-8.217332000371458],[-35.57764310014891,-8.21741560044957],[-35.577417200343476,-8.217635900176626],[-35.577091300423156,-8.217927300304583],[-35.57665470025412,-8.218398500090595],[-35.576598399996065,-8.218468800095014],[-35.57653339969658,-8.218578299748664],[-35.576481700370145,-8.218683200269433],[-35.576442200347216,-8.218831899572494],[-35.5763946001306,-8.21915370038297],[-35.57636309957731,-8.219289800184058],[-35.576242999614706,-8.219777599656418],[-35.57621350005293,-8.219888399729797],[-35.57619269963332,-8.21998400036131],[-35.57619269963332,-8.220073599816704],[-35.576208800195914,-8.220185099562599],[-35.576231599808445,-8.220272000152658],[-35.576261100269484,-8.22036430027221],[-35.576292000075675,-8.220454499575448],[-35.576327499914115,-8.22053220010091],[-35.57637650037515,-8.220651600391031],[-35.57642340001985,-8.220781699915465],[-35.576481099622946,-8.220941000426782],[-35.57651329984882,-8.221031199730021],[-35.57654750016694,-8.221134100158595],[-35.57659100037429,-8.221255600365609],[-35.57662319970086,-8.22134049996404],[-35.57666750030482,-8.221434099603961],[-35.57672920009248,-8.221545600249227],[-35.576788899787815,-8.221647100433287],[-35.576854599759955,-8.221738699980927],[-35.57691359978274,-8.221810400229746],[-35.57698870036816,-8.221895299828152],[-35.577051000003586,-8.22196240004464],[-35.57712010031235,-8.222012799850779],[-35.577155699975535,-8.222038700325701],[-35.577211299661705,-8.222071899698342],[-35.577320599665846,-8.222119599739656],[-35.57742989967009,-8.22216939969794],[-35.57748619992818,-8.222188000375837],[-35.5775338001447,-8.222203900389655],[-35.577584100126096,-8.222227200025172],[-35.57767130019033,-8.22226829994204],[-35.57771090003795,-8.22229420041699],[-35.57775240015306,-8.222329399881874],[-35.57779330042036,-8.22236920027827],[-35.57784699983914,-8.222424299941435],[-35.577900600332356,-8.222485300056546],[-35.577935500323065,-8.222528499890304],[-35.577975700018456,-8.222577600176072],[-35.57801799963096,-8.222633299687017],[-35.57807770022567,-8.222720300101697],[-35.578115899828845,-8.22277270000004],[-35.57816009970875,-8.222830399603215],[-35.578208399597926,-8.222904099944202],[-35.57825129995741,-8.222969100243775],[-35.57830899956064,-8.223069999680684],[-35.57841359970781,-8.223250499910602],[-35.57850749972126,-8.223425700435635],[-35.578594699785505,-8.223598300121402],[-35.578652299563956,-8.223711100287],[-35.578701899872684,-8.223825199972982],[-35.57876559975255,-8.223952699557417],[-35.57880390007984,-8.224009700387361],[-35.57884609986754,-8.224054199741515],[-35.578891699991914,-8.224092000045706],[-35.5789547001992,-8.224144499768746],[-35.57906269978368,-8.224215500344975],[-35.579167299930916,-8.224283200409294],[-35.57932820033613,-8.224382699601813],[-35.57946699990205,-8.224466299679912],[-35.57968629958296,-8.22459969971632],[-35.58008730008877,-8.224863200176493],[-35.58014299959972,-8.224900399733572],[-35.58022749989913,-8.224961399848668],[-35.5802629997376,-8.224989300415773],[-35.580293799719,-8.225019200175876],[-35.58031799957597,-8.225044999926704],[-35.580338100323026,-8.225073600166489],[-35.580360200262994,-8.225116700175498],[-35.58039040039656,-8.225178399963086],[-35.58043329985681,-8.225285900423902],[-35.580467500174926,-8.225385500340492],[-35.580502400165564,-8.225470499763736],[-35.580517800156315,-8.225521600141697],[-35.5805358999118,-8.225555400261399],[-35.58055260032217,-8.225588599634127],[-35.58057139975021,-8.22562239975392],[-35.58059690002687,-8.225657600118087],[-35.580634499782335,-8.225709300343903],[-35.58071089988801,-8.22579960037116],[-35.58078739981855,-8.225866000015863],[-35.58087719982284,-8.22592369961895],[-35.58093149998868,-8.225960200402872],[-35.58097180040825,-8.225989399591075],[-35.581005999826964,-8.226021900190498],[-35.581060600366364,-8.226069399683006],[-35.5810945003109,-8.226099900190157],[-35.58111930001563,-8.226121500107048],[-35.58115210008928,-8.22614739968269],[-35.58118840032435,-8.2261652997887],[-35.581238599581624,-8.22618720007915],[-35.58128490027786,-8.22620980004215],[-35.58133249959511,-8.226225000383366],[-35.581378099719466,-8.226238299557814],[-35.58143380012969,-8.226244299834546],[-35.58154110004168,-8.22625290005125],[-35.58163759999519,-8.226251599631533],[-35.58170399963985,-8.226251599631533],[-35.58176499975492,-8.226258900327956],[-35.58183209997139,-8.22627680043393],[-35.581923300220055,-8.226308599562168],[-35.58202390018273,-8.226356400327541],[-35.58214319974883,-8.226433400281142],[-35.58222899956863,-8.226503800110258],[-35.58256969963189,-8.226771899703326],[-35.58275479989408,-8.226916499896497],[-35.58293449972734,-8.227062500334057],[-35.58303769963007,-8.227148800176991],[-35.58323350002596,-8.227350599950142],[-35.58348430026019,-8.227568199912453],[-35.583609000255144,-8.227673100433183],[-35.5836840999412,-8.227735499893374],[-35.58373509959511,-8.227780599994654],[-35.583800799567186,-8.22783109962554],[-35.58387730039701,-8.227890099648317],[-35.58400329991227,-8.227988999892418],[-35.58428499995268,-8.228214600223474],[-35.58451830027929,-8.228405799687856],[-35.58474360023686,-8.228575699608813],[-35.58502259961324,-8.228796000235151],[-35.585292100350124,-8.229015000441864],[-35.58560730013673,-8.229265899601575],[-35.58578699996999,-8.229425100288106],[-35.58587549955462,-8.229507399946513],[-35.5859425997711,-8.22959240026895],[-35.5860069003981,-8.22969720006565],[-35.58604989968306,-8.229804699627133],[-35.586149100300666,-8.230054300165733],[-35.5862322003557,-8.23026399958388],[-35.58633149989869,-8.23051350029778],[-35.586465599607735,-8.230794899964607],[-35.586534000243866,-8.230974099774821],[-35.58655949962113,-8.231086899940317],[-35.58655949962113,-8.23117719996779],[-35.58654609972268,-8.231291299653734],[-35.58651390039611,-8.231450600165024],[-35.58647629974137,-8.231717400237724],[-35.586453500128854,-8.232224400235848],[-35.58647100003657,-8.23243010036875],[-35.58651660016088,-8.232607999759338],[-35.58660370040043,-8.232775199915523],[-35.58670430036308,-8.232942499896382],[-35.58677940004924,-8.233072499596142],[-35.5868706002979,-8.233221199798486],[-35.586961799647256,-8.233364499571941],[-35.58709860002033,-8.233566300244439],[-35.58718709960489,-8.233704300313162],[-35.587299799945725,-8.233890100247862],[-35.587398999664025,-8.23403879955091],[-35.58754119956664,-8.23426179994206],[-35.58766450021645,-8.234466199655296],[-35.58778260008684,-8.234633399811495],[-35.58793810006323,-8.234872300216423],[-35.588082999730574,-8.235098000372394],[-35.588187599877806,-8.235287799592209],[-35.58831630005715,-8.235626200089042],[-35.58836729971107,-8.23579879977472],[-35.58846119972452,-8.236080099616796],[-35.588512099553675,-8.236239400128204],[-35.58855769967803,-8.236406600284287],[-35.58861809994529,-8.23661769994686],[-35.58867309978369,-8.236798200176752],[-35.58872129984808,-8.236922999996391],[-35.5888044997278,-8.237066299769884],[-35.58891179963977,-8.237224200036737],[-35.58907539980982,-8.23744459958858],[-35.58923630021497,-8.237614500408807],[-35.589830500277294,-8.238055699710747],[-35.59002490042875,-8.238175900397442],[-35.59017240003613,-8.238250199686938],[-35.59025149990675,-8.238325900120143],[-35.590403100422705,-8.238603299602557],[-35.590554600214574,-8.238843500427114],[-35.590640499859155,-8.238940399679688],[-35.59086439957231,-8.239150099997065],[-35.591016000088274,-8.239309399609011],[-35.5910829995807,-8.239406899608722],[-35.59113869999096,-8.23949850005567],[-35.59119900043346,-8.239637900368708],[-35.59139279983781,-8.240141599854871],[-35.591560500016975,-8.240570300379012],[-35.591614099610965,-8.240722900041737],[-35.5916852000119,-8.24088619983817],[-35.59175220040366,-8.241003000188243],[-35.59182999985452,-8.241119799639021],[-35.59195069966499,-8.241272400201067],[-35.59215720019456,-8.24152190001557],[-35.592234999645484,-8.241616200227392],[-35.592318200424565,-8.24175289987635],[-35.59243490005048,-8.24197190008306],[-35.59262389977307,-8.24238800020601],[-35.59267690041856,-8.242485500205632],[-35.59272589998023,-8.242557199555067],[-35.59278349975861,-8.242610899873062],[-35.59286669963842,-8.24266999972064],[-35.59302559995143,-8.242752300278369],[-35.59365789979221,-8.243012400401934],[-35.59376659994859,-8.243076100281765],[-35.593843000054406,-8.24312659991259],[-35.593949000445946,-8.243206199806238],[-35.59408310015492,-8.24335220024376],[-35.59427080035706,-8.243604399823099],[-35.594435799872215,-8.243828699734681],[-35.594596700277435,-8.24401849985379],[-35.59484350032717,-8.244284600254039],[-35.5949897004143,-8.244408700401138],[-35.59514590006319,-8.244512900350033],[-35.59527930009954,-8.244591799671731],[-35.59545639999282,-8.244676799994282],[-35.59640319994772,-8.245003299762375],[-35.5965258998503,-8.245059000172654],[-35.59661640042648,-8.245108800130911],[-35.59666869960074,-8.245145300015485],[-35.59676060042132,-8.2452263001536],[-35.59684070033797,-8.245315199936506],[-35.59695299958123,-8.245470500263323],[-35.597158199691144,-8.245807600340402],[-35.59737679969943,-8.246209799642468],[-35.59763300036262,-8.246683600267863],[-35.597962799743335,-8.247144199744993],[-35.59827670000962,-8.247514400269308],[-35.59846309979214,-8.24772680035151],[-35.598681699800586,-8.247977599686395],[-35.598788999712454,-8.248087799911984],[-35.598909700422226,-8.248192599708632],[-35.59907479976211,-8.248316299657452],[-35.599313999641296,-8.248482599592238],[-35.59948300024025,-8.24860940040343],[-35.599614500009075,-8.248716899964913],[-35.59984709976381,-8.248933200406777],[-35.60009789999803,-8.24919739964022],[-35.60045199995977,-8.249554399915555],[-35.60064380017118,-8.24972960044064],[-35.60091999995794,-8.24993789961432],[-35.60100720002218,-8.249984399960027],[-35.601210999887684,-8.250061399913628],[-35.60163749977068,-8.250221999945252],[-35.60187089992205,-8.250345400419848],[-35.60197009964032,-8.250418400188899],[-35.602302700409254,-8.250740899772682],[-35.602660799656114,-8.251095300107954],[-35.6027781000292,-8.25121669959096],[-35.60293569992258,-8.251387899931647],[-35.603005400079084,-8.251453000055802],[-35.6031409000325,-8.251554500239951],[-35.603337999948685,-8.251689900368538],[-35.60345609981904,-8.25176890041442],[-35.603590200427355,-8.2518644003218],[-35.603788599863925,-8.252018400228952],[-35.604203000268214,-8.252376700024628],[-35.604347200262985,-8.252500800171727],[-35.604610099976064,-8.25272450023543],[-35.60481320016902,-8.252889700299384],[-35.60497280015455,-8.253026399948366],[-35.605043899656216,-8.253091400247824],[-35.60511769982192,-8.253166400109246],[-35.605179399609504,-8.25323870020583],[-35.60524509958161,-8.253333000417562],[-35.60534030001479,-8.253528700089348],[-35.60542549998675,-8.253729800190074],[-35.60549179980663,-8.253898399691352],[-35.6056146004334,-8.254082900105693],[-35.60575740018383,-8.254252700201913],[-35.60588749970826,-8.254386799910849],[-35.606055100062704,-8.254555299587352],[-35.606367600084646,-8.25485260016733],[-35.60675380044747,-8.255038400102029],[-35.60724200011812,-8.255311800299276],[-35.607593400315125,-8.25553479979113],[-35.60803590003675,-8.25584800038485],[-35.60825319962543,-8.256049800158102],[-35.60832830021079,-8.256161299904022],[-35.60844630025647,-8.25634709983876],[-35.60889690017178,-8.257100899886503],[-35.60927820012879,-8.25774289981491],[-35.60990270014943,-8.258611299571788],[-35.61015620014849,-8.25892049998102],[-35.61023000031419,-8.258997499934646],[-35.610280900143344,-8.259035900086678],[-35.61046870017033,-8.259101000210936],[-35.610917999665915,-8.25918060010456],[-35.61150129994503,-8.259317299753505],[-35.611762900137684,-8.259383700297493],[-35.61195869963417,-8.259435500347942],[-35.612080699864336,-8.25948320038937],[-35.6122053998592,-8.259556200158434],[-35.61231669995565,-8.259634499632378],[-35.61259699975169,-8.259861500208029],[-35.61288400039628,-8.260095100008803],[-35.61311870006787,-8.260239700201975],[-35.613421800375725,-8.260394999629407],[-35.613558599849405,-8.260482599892045],[-35.61363640019966,-8.260554300140788],[-35.61391259998642,-8.260851599821393],[-35.61420769992534,-8.261181999949315],[-35.614570499928575,-8.261547700266101],[-35.61462880027884,-8.26162000036261],[-35.614773600121524,-8.261795199988438],[-35.61491710044375,-8.262006199826185],[-35.614990899710214,-8.262137599770387],[-35.615108899755825,-8.262355299557408],[-35.61521080013829,-8.26249600029016],[-35.615318100050224,-8.262594199962349],[-35.61548439998498,-8.262688400349344],[-35.61585720044937,-8.262866199915143],[-35.616388299580294,-8.263105100320072],[-35.61653849985181,-8.263191400162954],[-35.61664309999898,-8.263260399747555],[-35.61671690016474,-8.26334139988563],[-35.61677590018756,-8.263424999963705],[-35.61686839995665,-8.263613499663201],[-35.617093699914285,-8.264504000259349],[-35.617134000333756,-8.264691099714378],[-35.617202400070624,-8.264900800031834],[-35.61725470014423,-8.265042800284931],[-35.61732710006555,-8.265180800353603],[-35.6174773003371,-8.265415800398845],[-35.61754570007394,-8.265532500024797],[-35.61759259971864,-8.265630800421055],[-35.617612800290416,-8.26572370038841],[-35.61761409981081,-8.265829799705415],[-35.61759130019825,-8.265921400152415],[-35.61753759988027,-8.266116499976395],[-35.6173942002821,-8.266615499605518],[-35.61736329957655,-8.266773499697182],[-35.6173395997427,-8.266940199830287],[-35.61731229992267,-8.26725260002741],[-35.617333800014805,-8.267439700381786],[-35.617349899678075,-8.267520599795741],[-35.61738739960876,-8.267624199896858],[-35.61742429969161,-8.267675800297937],[-35.61747060038785,-8.267738299582776],[-35.61754029964504,-8.267828599610134],[-35.61762620018896,-8.267920100232397],[-35.617783100409724,-8.268047499992058],[-35.61815050044518,-8.268259900074284],[-35.61889220011489,-8.268590300202142],[-35.619670000370135,-8.268936700168515],[-35.61985640015265,-8.268997800108373],[-35.62015279961196,-8.269057499803742],[-35.62048540038082,-8.269099999964936],[-35.62094409959047,-8.26913709969734],[-35.62102719964547,-8.26913449975728],[-35.621143900170814,-8.269110600273947],[-35.62132219975966,-8.269046900394052],[-35.62155690033059,-8.268943400117813],[-35.62165550020116,-8.268910900417675],[-35.62173660016391,-8.26889960043616],[-35.62184929960544,-8.268898899864235],[-35.622118900166996,-8.268928799624314],[-35.622285200101885,-8.268955299947104],[-35.62245679974148,-8.268959300131542],[-35.62263920023884,-8.268943400117813],[-35.622963799739495,-8.268959300131542],[-35.623246700374885,-8.268951299762628],[-35.62343849968699,-8.26893410022844],[-35.62367990020719,-8.268895600251698],[-35.62398299961569,-8.268830599952164],[-35.624536900157715,-8.268753599998613],[-35.62504519967619,-8.268688599699091],[-35.62517930028443,-8.268687200353984],[-35.62527309957384,-8.268701799948035],[-35.625388499679424,-8.268741600344534],[-35.62551319967435,-8.26881860029811],[-35.62569529979823,-8.268985000057697],[-35.62617740026679,-8.269612799690895],[-35.62653269992406,-8.269763499985523],[-35.62754779979106,-8.269512400276978],[-35.628182200448094,-8.269411900139067],[-35.62909580013105,-8.26931149982579],[-35.63021240018204,-8.269411900139067],[-35.63105579968538,-8.268863400025833],[-35.63110060031242,-8.268834299763057],[-35.6319888004427,-8.268658500289527],[-35.63310539959442,-8.26863340021124],[-35.634526500197815,-8.26958769961257],[-35.634702799694416,-8.269695299898098],[-35.63510089988659,-8.270338000398302],[-35.63511980003868,-8.270471600084283],[-35.63512590014006,-8.270514899742793],[-35.635360800360615,-8.270740099875606],[-35.635801200165204,-8.270870899972003],[-35.636436699793805,-8.271232500279591],[-35.6368115003504,-8.270970999911698],[-35.636869799801396,-8.271096299754406],[-35.63695930033137,-8.271401800352757],[-35.63736969965186,-8.271523600034081],[-35.63776610012534,-8.271836000231177],[-35.63816249969952,-8.272155600400575],[-35.63861220029271,-8.272421500251966]]}},{"type":"Feature","properties":{"fid":291,"CODIGO_SRE":"132EPE0010","UF":"PE","RODOVIA":"132","LOCAL_INIC":"Entr. PE-123 (Vila do Entroncamento)","LOCAL_FIM":"Lagoa dos Gatos","KM_INICIAL":0,"KM_FINAL":4.24,"EXTENSAO":4.24,"SITUACAO":"PAV","DESC_SITUA":"PAVIMENTADA","TIPO_REVES":"TSD","DESC_REVES":"TRATAMENTO SUPERFICIAL DUPLO","IDENTIFICA":"Eixo Principal","OBSERVACAO":"8","EXTENSAO_1":4.24,"REGISTRO":"M8","STATUS_FED":"7.206.538,88","CONCT_ROD":"PE132","COD":"M8","Fase (Obra":"-","STATUS":"FINALIZADA","ROD.":"PE132","DRO":"3","CUSTO OBRA":"7206538.8799999999","CUSTO TOTA":"8.598.660,23"},"geometry":{"type":"LineString","coordinates":[[-35.9091809000784,-8.622853100390225],[-35.90898719959956,-8.623404099719352],[-35.908982499742535,-8.623543900230699],[-35.90885840180873,-8.623799517527441],[-35.908724999559006,-8.624074299689092],[-35.90824619960233,-8.625123099851129],[-35.90820930041882,-8.625229200067492],[-35.908181100377405,-8.62532400030235],[-35.90815629977336,-8.625544100379857],[-35.908151000068486,-8.625685300236364],[-35.908153500183815,-8.625756100263736],[-35.908159000437415,-8.625914700203229],[-35.9081805107444,-8.626270537085118],[-35.908188499999234,-8.626402700224366],[-35.90821000009138,-8.626696999766693],[-35.9082018998977,-8.626860099913669],[-35.90818719957954,-8.626971499834738],[-35.908096699902714,-8.627305599773576],[-35.90773790008394,-8.628456499967466],[-35.90765739996894,-8.628717699961774],[-35.90764340022272,-8.62883109997518],[-35.90763530002902,-8.62894249989638],[-35.90764540031491,-8.629168600250619],[-35.907802299636344,-8.630708000373845],[-35.90784353473875,-8.631069440371927],[-35.90794040042905,-8.631918500438424],[-35.90801879972774,-8.632756100213749],[-35.90803559996288,-8.632935499673518],[-35.908102700179384,-8.633506999948041],[-35.90811739959825,-8.633633899684673],[-35.90812880030383,-8.633761499993152],[-35.908131500068635,-8.633847000338736],[-35.90811950041456,-8.633931200264557],[-35.90809529965833,-8.634028700264196],[-35.90794649963118,-8.634376700124552],[-35.9076655001626,-8.635019799923791],[-35.907617499747715,-8.635156999595798],[-35.90758640029202,-8.635280999918175],[-35.90756960005694,-8.635418900162039],[-35.907550199881726,-8.63564029975989],[-35.90754280025995,-8.635999700325835],[-35.907550199881726,-8.636149500398927],[-35.90756559987248,-8.636268799965071],[-35.9075896999047,-8.636360299688002],[-35.90762319965093,-8.636455799595417],[-35.90767220011186,-8.636565099599641],[-35.90774600027762,-8.636714299825012],[-35.907824399576306,-8.636856800101212],[-35.90784019976537,-8.636884699769015],[-35.90835079974954,-8.637820099917588],[-35.90840040005834,-8.637931499838839],[-35.90842519976306,-8.638008999815451],[-35.908439300233454,-8.638093199741274],[-35.90844199999823,-8.638172799634953],[-35.90843260028424,-8.638251000183477],[-35.9084117998646,-8.638347799611175],[-35.90837360026142,-8.638476399965851],[-35.90794780005086,-8.639466200105],[-35.907484400084954,-8.64051629978735],[-35.90741670002059,-8.640625699616315],[-35.907336899578155,-8.640711899634384],[-35.907230999910645,-8.640793399795502],[-35.907193199606354,-8.640813600367276],[-35.9070673997406,-8.640880900233283],[-35.90662749995908,-8.641108999780371],[-35.90648999991351,-8.6411733004074],[-35.90633509978496,-8.641235600042833],[-35.90615609962425,-8.641277399632253],[-35.90600590025203,-8.641305200374585],[-35.9056021999815,-8.641371500194479],[-35.905395700351235,-8.641414600203568],[-35.905308500286985,-8.641439100434047],[-35.90520590023209,-8.641484900207931],[-35.905118700167854,-8.641539900046302],[-35.90482370005366,-8.641808399837702],[-35.90478140044121,-8.641838199773058],[-35.90472379976355,-8.64187530040475],[-35.90462390037263,-8.641927700303052],[-35.9044710003363,-8.641994000122919],[-35.90394529983569,-8.642192899582597],[-35.90378700026975,-8.642260499822134],[-35.90363010004903,-8.642347299688064],[-35.90326799971834,-8.642593300240522],[-35.90315800004159,-8.64269140008797],[-35.90306889970987,-8.642790199607957],[-35.90299580011602,-8.642882999750615],[-35.90291660042063,-8.643006300400312],[-35.902879800162594,-8.643083199629928],[-35.90286230025491,-8.64316209985098],[-35.90286230025491,-8.643295999910404],[-35.9028710002964,-8.64341879963783],[-35.90290890042535,-8.643648499978227],[-35.90292900027312,-8.6437301997888],[-35.90296690040205,-8.643848900406372],[-35.903017200383374,-8.643953600378298],[-35.903247899870586,-8.644371300395115],[-35.90329619975976,-8.644455500321046],[-35.90332370012864,-8.644529699785751],[-35.90334849983339,-8.644637800094337],[-35.90335790044665,-8.644735200269142],[-35.90332299955667,-8.644890999719765],[-35.903275400239444,-8.644973199553426],[-35.903217000064394,-8.64504680006969],[-35.903092300069545,-8.645181399801647],[-35.90263100002059,-8.645621599956819],[-35.90257400008998,-8.64569449990122],[-35.90252639987339,-8.645792599748585],[-35.90249550006724,-8.645914599978756],[-35.90247540021948,-8.646146599885665],[-35.90250630002567,-8.646569599607215],[-35.90254250043603,-8.647074700237106],[-35.902555275292606,-8.647224113689136],[-35.90255860009926,-8.647263000287191],[-35.902588099660996,-8.647434000078936],[-35.902633699785355,-8.647542800060101],[-35.90268189984975,-8.647614399584805],[-35.90281000018133,-8.647748900391308],[-35.903040699668445,-8.647965699956988],[-35.90335919996703,-8.648242799965185],[-35.90405729960463,-8.648844700022797],[-35.90412299957668,-8.64887130017027],[-35.90417800031438,-8.648906399810473],[-35.904659800409384,-8.649319300145455],[-35.9048317004226,-8.649466600103475],[-35.90507109995122,-8.649676699719839],[-35.90534939965505,-8.649949199695714],[-35.90540569991306,-8.65007649963068],[-35.905436599719245,-8.650166600008548],[-35.90545940023107,-8.650263400335675],[-35.90546879994515,-8.65035359963885],[-35.90546610018031,-8.650431099615457],[-35.90543659971923,-8.650536500159332],[-35.905392999687116,-8.650621399757727],[-35.90498659965176,-8.651315500110147],[-35.90489209979045,-8.651476600164907],[-35.90480219996154,-8.651642300251874],[-35.90472779994793,-8.65175899987783],[-35.904664100068075,-8.651833200241875],[-35.904599699616384,-8.65195850008464],[-35.90448440023475,-8.652177899590338],[-35.90437610027673,-8.652399700285908],[-35.90434830043365,-8.65245770026258],[-35.90421729978851,-8.652729800040161],[-35.904202100346595,-8.652761299694186],[-35.90394860034753,-8.653265099904374],[-35.90381649983155,-8.653511700304707],[-35.90369780011328,-8.653759700050003],[-35.90366500003966,-8.653847199588517],[-35.90362409977236,-8.65400890039037],[-35.90359620010452,-8.654223699863815],[-35.90359138384688,-8.655401325765826]]}},{"type":"Feature","properties":{"fid":363,"CODIGO_SRE":"233EPE0010","UF":"PE","RODOVIA":"233","LOCAL_INIC":"Entr. BR-423","LOCAL_FIM":"Iati","KM_INICIAL":0,"KM_FINAL":5.16,"EXTENSAO":5.16,"SITUACAO":"PAV","DESC_SITUA":"PAVIMENTADA","TIPO_REVES":"TSD","DESC_REVES":"TRATAMENTO SUPERFICIAL DUPLO","IDENTIFICA":"Eixo Principal","OBSERVACAO":"10","EXTENSAO_1":5.16,"REGISTRO":"M10","STATUS_FED":"4.751.113,80","CONCT_ROD":"PE233","COD":"M10","Fase (Obra":"-","STATUS":"FINALIZADA","ROD.":"PE233","DRO":"7","CUSTO OBRA":"4751113.8","CUSTO TOTA":"5.111.051,37"},"geometry":{"type":"LineString","coordinates":[[-36.867135654887875,-9.008612449750693],[-36.86693419995335,-9.008852700391717],[-36.866796600082935,-9.00907100002658],[-36.86676076144747,-9.009135213364218],[-36.86660550044341,-9.009413399808478],[-36.86652644502578,-9.00955724702464],[-36.86641039972011,-9.009768399991593],[-36.86640927944423,-9.009770451186636],[-36.86619920023283,-9.01015510037748],[-36.86587362065963,-9.010760877892837],[-36.86582899970849,-9.010843900125803],[-36.865621800405734,-9.01121680041498],[-36.865509799737396,-9.011428699574742],[-36.865290599881234,-9.011818800297377],[-36.86517850028751,-9.01201519964169],[-36.86484459999825,-9.012635999851458],[-36.864561700262165,-9.01316979964652],[-36.86421299983002,-9.013804300128248],[-36.86404600022266,-9.014114899882676],[-36.86391589979883,-9.014363200001599],[-36.86361550015517,-9.014905600013389],[-36.86317970038281,-9.015707000277798],[-36.86306099976532,-9.01593509982492],[-36.86290809972897,-9.016216299842325],[-36.86210410042381,-9.017685800159448],[-36.86172719995028,-9.018380500359715],[-36.861598499770835,-9.018622900026719],[-36.861367200435865,-9.01904679996976],[-36.86126050037177,-9.019241499595436],[-36.8608856998151,-9.019934199703522],[-36.86035600002932,-9.020914399579853],[-36.85941389993149,-9.022642800324935],[-36.85861720042339,-9.024111699895021],[-36.85815989965959,-9.024956800016218],[-36.85768779965218,-9.025812299897634],[-36.85726810044242,-9.026593799963852],[-36.856849600028966,-9.027377899970066],[-36.856335999906456,-9.028321000114005],[-36.855685600310125,-9.029507699620552],[-36.8553656984412,-9.030104328031547],[-36.855343146112375,-9.030146388893051],[-36.85524030009973,-9.03033820014775],[-36.854908399902676,-9.030963300016268],[-36.85430959980813,-9.032069299758358],[-36.85379189967634,-9.033032200275777],[-36.85338131596933,-9.03377752029499],[-36.853286299922765,-9.033949999792583],[-36.852770900256765,-9.034884300070344],[-36.85198549983092,-9.036328700309205],[-36.851183499718665,-9.037804200003766],[-36.851161499603506,-9.037844700072815],[-36.85104580002356,-9.038057399629189],[-36.85087230011648,-9.03837639995086],[-36.85073430004786,-9.03861259969167],[-36.850685900333964,-9.038695500097228],[-36.85013659982413,-9.039710199765876],[-36.85010660023934,-9.039761700342142],[-36.85007980044243,-9.039812000323543],[-36.84984330032803,-9.04025080023418],[-36.84964520036568,-9.040617300048307],[-36.84952210026462,-9.04084279965542],[-36.8493514997718,-9.041151099843317],[-36.84911820034462,-9.041554999763342],[-36.84858639974244,-9.042584100275928],[-36.84854079961815,-9.042630499897578],[-36.848484500259396,-9.042672199662249],[-36.84836509996928,-9.042754299671184],[-36.848151199817906,-9.042902599675134],[-36.848103599601416,-9.042929799670453],[-36.84802520030266,-9.042964199638023],[-36.84787090002197,-9.043064199752969],[-36.847602699704744,-9.043259599950519],[-36.84788439974519,-9.04362509971855],[-36.84798899989236,-9.043756200188438],[-36.848105599693625,-9.04390190025243],[-36.848245099831395,-9.044066200095024],[-36.84809629980436,-9.044095300357723],[-36.847645000216495,-9.044138299642764],[-36.84761420023509,-9.044200799827038],[-36.84741360015747,-9.04448469960915],[-36.84716150040289,-9.044841000211905],[-36.847111900094056,-9.04490520011483],[-36.84703680040796,-9.044972099782512],[-36.84679809965249,-9.0451561999986],[-36.84655539961199,-9.045321700436084],[-36.84638299957572,-9.04543630014508],[-36.84618519998691,-9.045565399623468],[-36.84602629967393,-9.0456792996599],[-36.84596049987711,-9.045735599917982],[-36.844612099568636,-9.04719630036893],[-36.84458460009917,-9.047219099981415],[-36.844452499583134,-9.047374599957758],[-36.84429090040469,-9.047556000409047],[-36.84418020015604,-9.047677899915096],[-36.844043399783,-9.047806299720866]]}},{"type":"Feature","properties":{"fid":581,"CODIGO_SRE":"613EPE0010","UF":"PE","RODOVIA":"613","LOCAL_INIC":"Entr. BR-316 (Trindade)","LOCAL_FIM":"Lagoa do Barro","KM_INICIAL":0,"KM_FINAL":7.64,"EXTENSAO":7.64,"SITUACAO":"PAV","DESC_SITUA":"PAVIMENTADA","TIPO_REVES":"TSD","DESC_REVES":"TRATAMENTO SUPERFICIAL DUPLO","IDENTIFICA":"Eixo Principal","OBSERVACAO":"9","EXTENSAO_1":7.64,"REGISTRO":"M9","STATUS_FED":"3.159.638,02","CONCT_ROD":"PE613","COD":"M9","Fase (Obra":"-","STATUS":"FINALIZADA","ROD.":"PE613","DRO":"6","CUSTO OBRA":"3159638.02","CUSTO TOTA":"4.172.332,32"},"geometry":{"type":"LineString","coordinates":[[-40.34187485191705,-7.70194102605823],[-40.34191221693391,-7.702082296154534],[-40.34197120011077,-7.702305300349243],[-40.342414495600416,-7.703981358044619],[-40.34328470042849,-7.707271499679876],[-40.34347876818734,-7.708005098644055],[-40.34397140025982,-7.709867300135685],[-40.344815299786156,-7.713058100151178],[-40.34519819963708,-7.714505600353054],[-40.34547140018491,-7.715588400284365],[-40.345626199589326,-7.716202100346595],[-40.34633550028306,-7.719013399948357],[-40.34657150037442,-7.719970200364357],[-40.34679309962178,-7.720848700407125],[-40.347220399901516,-7.72254220026228],[-40.3474182003896,-7.723326300268425],[-40.34765730044401,-7.724274000444676],[-40.34802016045784,-7.725712112276294],[-40.348160900105405,-7.726269900035766],[-40.348296200409216,-7.726806399595552],[-40.34844959956928,-7.727414299929944],[-40.34847960005342,-7.727533399846439],[-40.3486099999515,-7.728050199756859],[-40.34885320001515,-7.729046500195833],[-40.349211700359625,-7.73051489974274],[-40.349459600280255,-7.731530600356866],[-40.349494500270914,-7.731673699581453],[-40.349814399914564,-7.732984099936191],[-40.35002989995983,-7.733866799812845],[-40.3500477002411,-7.733939900306081],[-40.35001039995991,-7.734820199892298],[-40.34973200043144,-7.737424300191257],[-40.34970440023785,-7.737682099849009],[-40.34972579960595,-7.738468799795162],[-40.34974729969807,-7.739042900009755],[-40.349775100440425,-7.739435099749951],[-40.349828899683864,-7.739507300021812],[-40.35006909960925,-7.739829599955984],[-40.350627000335756,-7.741020299646994],[-40.350948900071586,-7.741721900345424],[-40.35109910034318,-7.741977100063059],[-40.35114199980339,-7.742444799687692],[-40.35114199980339,-7.742666100360213],[-40.35114199980339,-7.7428912995937225],[-40.3511787002368,-7.7429942998469565],[-40.3512707998075,-7.743252800076626],[-40.35150250024012,-7.743649500024272],[-40.352019455530204,-7.744534624999974],[-40.35352009957289,-7.74710400014938],[-40.3540174003827,-7.747955400021642],[-40.35442500011359,-7.748653300009678],[-40.35473170374919,-7.749061975408399],[-40.35504730039253,-7.749482500117237],[-40.355552099749495,-7.749922100424516],[-40.35575539959196,-7.7500990995937205],[-40.35661369996224,-7.750758200130766],[-40.35692397204824,-7.750997620852317],[-40.357017900255855,-7.7510701003048],[-40.358195062385086,-7.7518337844545995],[-40.35840435455849,-7.752096060258028],[-40.35855074834071,-7.7525731081850235],[-40.35884557963247,-7.753916538720051],[-40.35898005241424,-7.754256088263131],[-40.359269643670174,-7.754754387542047],[-40.360037014531066,-7.755894912395905],[-40.360285796533304,-7.756237220738173],[-40.36100516680628,-7.7573548316112415],[-40.362179032054776,-7.759143550845882],[-40.36242633131462,-7.759478450980639],[-40.362637332125495,-7.759764151034422],[-40.36370948020122,-7.761448372229539],[-40.3647082998481,-7.763086999765121],[-40.36505429961617,-7.76370489966128],[-40.36540429956871,-7.764297599654428],[-40.36573430039758,-7.764827800362566]]}},{"type":"Feature","properties":{"fid":561,"CODIGO_SRE":"633EPE0030","UF":"PE","RODOVIA":"633","LOCAL_INIC":"Entr. Rodovia Perimetral (Pedra Linda)","LOCAL_FIM":"Entr. PE-638","KM_INICIAL":2.88,"KM_FINAL":11.169999999999998,"EXTENSAO":8.29,"SITUACAO":"PAV","DESC_SITUA":"PAVIMENTADA","TIPO_REVES":"CBUQ","DESC_REVES":"CONCRETO BETUMINOSO USINADO QUENTE","IDENTIFICA":"Eixo Principal","OBSERVACAO":"17","EXTENSAO_1":8.29,"REGISTRO":"M17","STATUS_FED":"19.943.031,11","CONCT_ROD":"PE633","COD":"M17","Fase (Obra":"-","STATUS":"FINALIZADA","ROD.":"PE633","DRO":"8","CUSTO OBRA":"19943031.109999999","CUSTO TOTA":"20.691.323,94"},"geometry":{"type":"LineString","coordinates":[[-40.51779617600136,-9.355479661285823],[-40.51789998999993,-9.355223179999925],[-40.517899989999925,-9.354751109999935],[-40.519339468777275,-9.34926837940258],[-40.51935910999999,-9.349193569999946],[-40.51995992999996,-9.347198009999937],[-40.52017665354162,-9.346390532449572],[-40.521290299999976,-9.342241289999949],[-40.52135467999994,-9.341747759999972],[-40.52131175999994,-9.341275689999975],[-40.52126169859674,-9.341157361063102],[-40.52123597906673,-9.341096568358406],[-40.52107572999996,-9.340717789999932],[-40.52071094999997,-9.340288639999928],[-40.52023887999997,-9.339988229999939],[-40.51974534999994,-9.33981656999993],[-40.517128093754806,-9.339063402839225],[-40.516762729999975,-9.338958259999929],[-40.51586150999997,-9.338743689999951],[-40.513574349496736,-9.338118294938408],[-40.513114929999986,-9.337992669999908],[-40.51259994999999,-9.337949749999916],[-40.51004647999998,-9.338185789999963],[-40.50957440999996,-9.338099959999957],[-40.509102339999956,-9.337885379999912],[-40.50777196999996,-9.337198729999962],[-40.507299899999964,-9.336919779999967],[-40.507063869999975,-9.33649062999996],[-40.506999489999934,-9.33554648999996],[-40.50706386999996,-9.335074419999946],[-40.508050919999974,-9.331448079999964],[-40.508136749999956,-9.329516889999976],[-40.508093829999964,-9.329023359999928],[-40.507643219999956,-9.328100679999958],[-40.50723587972866,-9.326807379338495],[-40.506784919999966,-9.325375559999944],[-40.50664040841364,-9.324960107296468],[-40.50661324999992,-9.324882029999944],[-40.50635575999995,-9.324409959999933],[-40.50596951999995,-9.324088099999933],[-40.50449274177371,-9.32298805400155],[-40.50386666999999,-9.322521689999974],[-40.503416059999935,-9.322135449999964],[-40.50229185528665,-9.321149121839909],[-40.50153862145945,-9.320488259685687],[-40.501141549999936,-9.32013987999994],[-40.500755309999924,-9.319753649999921],[-40.500411989999975,-9.31947469999994],[-40.49957513999993,-9.31870221999996],[-40.498480799999975,-9.31775807999996],[-40.4976442217823,-9.317003521819052],[-40.49738645999997,-9.316771029999904],[-40.49605216194009,-9.315594132412786],[-40.49320220999992,-9.31308030999995],[-40.49277305999993,-9.312758449999919],[-40.492365359999944,-9.31256532999992],[-40.49187182999998,-9.312264919999947],[-40.48903941999998,-9.309818739999953],[-40.48830539567588,-9.309195105018556],[-40.48827640175656,-9.309170471357662],[-40.48818875918923,-9.309096008888794],[-40.486185549999966,-9.307394029999914],[-40.48588513999993,-9.306921959999936],[-40.48590659999996,-9.306364059999952],[-40.486485959999975,-9.303874969999988],[-40.48700093999999,-9.30190085999993],[-40.48701531784982,-9.301831856585357]]}},{"type":"Feature","properties":{"fid":296,"CODIGO_SRE":"144EPE0010","UF":"PE","RODOVIA":"144","LOCAL_INIC":"Entr. BR-232","LOCAL_FIM":"Entr. Acesso a Tacaimbó","KM_INICIAL":0,"KM_FINAL":1.52,"EXTENSAO":1.52,"SITUACAO":"PAV","DESC_SITUA":"PAVIMENTADA","TIPO_REVES":"TSD","DESC_REVES":"TRATAMENTO SUPERFICIAL DUPLO","IDENTIFICA":"Eixo Principal","OBSERVACAO":"22","EXTENSAO_1":1.52,"REGISTRO":"M22","STATUS_FED":"6.744.310,52","CONCT_ROD":"PE144","COD":"M22","Fase (Obra":"O","STATUS":"EM ANDAMENTO","ROD.":"PE144","DRO":"3","CUSTO OBRA":"6744310.5199999996","CUSTO TOTA":"10.636.393,46"},"geometry":{"type":"LineString","coordinates":[[-36.283141679999936,-8.33438526999991],[-36.2831166134039,-8.334371947557349],[-36.28311560020474,-8.334364799995473],[-36.28314840027845,-8.33426830004196],[-36.283228199821515,-8.33406729976601],[-36.283356200328306,-8.333763999808685],[-36.28358898896013,-8.332969976722021],[-36.2836492003503,-8.332764600305998],[-36.28401889995222,-8.331941399575877],[-36.284730699861875,-8.33058110033744],[-36.2853988997394,-8.329384000171455],[-36.28562469972009,-8.32897929985473],[-36.285884000346314,-8.328514899842688],[-36.286101799958026,-8.328124600369964],[-36.28627620008651,-8.327812200172843],[-36.28632940038146,-8.327714600348484],[-36.28721930023047,-8.326081099662964],[-36.28775129958279,-8.325104700321623],[-36.28806540039781,-8.324528199816536],[-36.2886699003955,-8.323418600088235],[-36.289193699729445,-8.322463699939755],[-36.2892905000565,-8.322287299719063],[-36.289348800406735,-8.322172500360605]]}},{"type":"Feature","properties":{"fid":481,"CODIGO_SRE":"499EPE0030","UF":"PE","RODOVIA":"499","LOCAL_INIC":"Terra Nova","LOCAL_FIM":"Entr. BR-428 (Cabrobó)","KM_INICIAL":20.13,"KM_FINAL":52.39,"EXTENSAO":32.26,"SITUACAO":"EOP","DESC_SITUA":"EM OBRA DE PAVIMENTAÇÃO","TIPO_REVES":"RP","DESC_REVES":"REVESTIMENTO POLIÉDRICO","IDENTIFICA":"Eixo Principal","OBSERVACAO":"14","EXTENSAO_1":32.26,"REGISTRO":"M14","STATUS_FED":"41.174.006,38","CONCT_ROD":"PE499","COD":"M14","Fase (Obra":"-","STATUS":"FINALIZADA","ROD.":"PE499","DRO":"6","CUSTO OBRA":"41174006.380000003","CUSTO TOTA":"84.171.263,01"},"geometry":{"type":"LineString","coordinates":[[-39.37777000038513,-8.231670200219503],[-39.37790679985886,-8.23205140035175],[-39.37800540806804,-8.232326238786003],[-39.37802379985847,-8.23237749992164],[-39.378071800273325,-8.232511200331615],[-39.37846890041933,-8.233069299808252],[-39.378802199961484,-8.233533299622001],[-39.37924060319286,-8.234101858753903],[-39.3792932999458,-8.234170200394368],[-39.379546799944826,-8.23460519977008],[-39.379648300128856,-8.235525399577435],[-39.37990180012788,-8.236295099639085],[-39.379929799620534,-8.236599799840825],[-39.37996950019227,-8.237031200129774],[-39.380070990582276,-8.237374506421066],[-39.38017230001153,-8.237717200288499],[-39.38106829996199,-8.239306600019477],[-39.38171070008871,-8.240812399672434],[-39.381913599732755,-8.241950099617336],[-39.3820150000921,-8.242418499813917],[-39.38221290040493,-8.243593300390392],[-39.382234799796166,-8.243723499739676],[-39.3821840996164,-8.244275599839005],[-39.382623600099,-8.245379800037698],[-39.382386900335106,-8.246015600039822],[-39.3821840996164,-8.247655199927426],[-39.382234799796166,-8.248759400126131],[-39.38443250005976,-8.253176200021532],[-39.38497340000238,-8.254999800300435],[-39.38497340000238,-8.25548490000806],[-39.3857173003131,-8.257542699935568],[-39.38568569993506,-8.257792699773242],[-39.38570140029933,-8.257944199565044],[-39.3860046004319,-8.259249200390213],[-39.38595390025228,-8.25968419976595],[-39.386883700322485,-8.263297799853554],[-39.38668089960379,-8.263715999893394],[-39.3857173003131,-8.267530399708104],[-39.38541300030963,-8.268199599631753],[-39.38527770000578,-8.27050829961827],[-39.38526139979368,-8.270977299662615],[-39.385243899885964,-8.271478599757513],[-39.384939599882564,-8.274105100370003],[-39.38505790030179,-8.274824399726233],[-39.38470290011873,-8.278371000321354],[-39.38444940011964,-8.278990000088351],[-39.38373929992867,-8.279926799582089],[-39.383621000408816,-8.280579299994644],[-39.38350269998953,-8.281700099879643],[-39.38384080011281,-8.28228559990047],[-39.38397599969261,-8.283138800215406],[-39.384280299696044,-8.283590500001507],[-39.38444940011964,-8.284309800257006],[-39.38460149975931,-8.287304299853492],[-39.38463529987913,-8.28827450016805],[-39.38465219993897,-8.288960399602718],[-39.38426339963613,-8.289830300328044],[-39.38380699999299,-8.29046599960615],[-39.38280949985843,-8.29131910009631],[-39.38211639955216,-8.291954800273736],[-39.38073019983878,-8.292741100021694],[-39.380239900251134,-8.29330979980738],[-39.379225599881416,-8.294430599692367],[-39.37860009981471,-8.295049600358698],[-39.378177500291386,-8.295183399694077],[-39.377213900101324,-8.295250300261106],[-39.37665600027408,-8.295350699675025],[-39.37532049984116,-8.296069999930523],[-39.374103299827325,-8.296839500342625],[-39.37319049964177,-8.298010500384224],[-39.3731265002877,-8.298098599770533],[-39.372193000406554,-8.299382200328246],[-39.371770399983895,-8.300034600016703],[-39.37084059991372,-8.30125580021497],[-39.37073919955437,-8.301473300352491],[-39.37111109979737,-8.305337400300733],[-39.37106250043397,-8.3059973003351],[-39.3709766997149,-8.306708600221649],[-39.37084260000593,-8.307472999679145],[-39.37074869999246,-8.30794540006015],[-39.37066559993743,-8.308431099615554],[-39.37060120038509,-8.308922099775023],[-39.37053949969807,-8.309357400423686],[-39.37046170024721,-8.309744900306852],[-39.370408099753924,-8.309967799973967],[-39.370333000067795,-8.310212000083729],[-39.37025790038178,-8.310360599561951],[-39.370198900358886,-8.310445500059704],[-39.370078099824404,-8.310636599699208],[-39.36995749983868,-8.310960399702632],[-39.36974559977951,-8.311398300291229],[-39.36956050041666,-8.31166110017958],[-39.369336099781115,-8.31191150021547],[-39.368192600108394,-8.313126100289237],[-39.36767759974137,-8.313733899899482],[-39.36754350003246,-8.313870600447785],[-39.36712239967896,-8.314524799679718],[-39.36642830022581,-8.31549120035857],[-39.36602259986306,-8.316106600139461],[-39.36582420042645,-8.316536500359197],[-39.365663200196444,-8.316974400048474],[-39.365488899892775,-8.317383099650238],[-39.36536279965342,-8.317701599948816],[-39.365282400262515,-8.317834300312644],[-39.36520729967709,-8.317916599971078],[-39.36499799955797,-8.318160800080774],[-39.36481030025507,-8.318330600176996],[-39.36472179977114,-8.318468600245591],[-39.364032499999816,-8.319646999909056],[-39.363667699904376,-8.320217599962225],[-39.363563099757144,-8.320506900173264],[-39.363536999632785,-8.320608600006823],[-39.36340210042653,-8.32113590040138],[-39.36338690008535,-8.321183200244414],[-39.363326999841114,-8.321369400377483],[-39.363176799569565,-8.321764899730264],[-39.3629379998887,-8.322179200309764],[-39.36275300035063,-8.322500000174808],[-39.3626484002034,-8.322738899680415],[-39.36262699993608,-8.322850299601612],[-39.36261090027278,-8.322967099951645],[-39.362616199977595,-8.323070600227988],[-39.362600200139035,-8.323213900001429],[-39.362559899719535,-8.3233837999224],[-39.36251700025925,-8.323564200327567],[-39.36242310024586,-8.323834999685445],[-39.362396300448815,-8.324193199656387],[-39.36234000019083,-8.32465499972842],[-39.362286299872785,-8.325581199812481],[-39.36225950007581,-8.326088199810453],[-39.36221930038036,-8.32640260009987],[-39.36217499977633,-8.326555199762593],[-39.36213079989649,-8.326662700223398],[-39.36201610036272,-8.32684900018115],[-39.36183970014203,-8.327025000203552],[-39.36166139965382,-8.327170999741778],[-39.36145480019883,-8.327415100026853],[-39.36130199998727,-8.327635399753857],[-39.3611182001448,-8.327908700126356],[-39.360883499573745,-8.328481999944296],[-39.360605900441875,-8.32905519993746],[-39.36055499971345,-8.329162800223013],[-39.360520099722805,-8.329203900139804],[-39.36056030031753,-8.329280800268682],[-39.360584500174525,-8.32936440034673],[-39.360605900441875,-8.329450700189627],[-39.360934099928684,-8.3307128995806],[-39.361056500357186,-8.331344200274579],[-39.36107539960994,-8.33158840038429],[-39.361044499803754,-8.331864399622276],[-39.361008300292795,-8.332001100170618],[-39.360965300108454,-8.332109900151716],[-39.36077089995697,-8.332407100007611],[-39.360717199639,-8.332561099914736],[-39.360690399842014,-8.3326883998497],[-39.36066090028027,-8.33288220015335],[-39.36054559999939,-8.333667700403979],[-39.36043560032267,-8.334031299904527],[-39.36035779997241,-8.334320600115568],[-39.36032030004179,-8.334503700285468],[-39.36024249969154,-8.334745199731099],[-39.3601351997796,-8.335204300038333],[-39.36007619975672,-8.335589100156815],[-39.360052099724506,-8.33607479971222],[-39.35997430027365,-8.336916100197838],[-39.35988040026019,-8.337433599780775],[-39.35981070010373,-8.33781040042959],[-39.359773100348264,-8.3381739999301],[-39.359703400191734,-8.33889580030091],[-39.35964170040411,-8.339198399686312],[-39.35955849962496,-8.33961239989228],[-39.35952370035847,-8.339877799720654],[-39.359456600141925,-8.34013520007936],[-39.35937350008689,-8.340291799926584],[-39.35923669971388,-8.340472200331778],[-39.35856070001625,-8.341117099674351],[-39.35804309970918,-8.341552299598908],[-39.35783920001902,-8.341703599741274],[-39.357742700065515,-8.341817700326539],[-39.357648800052054,-8.341990200187466],[-39.3575709997018,-8.342239700002098],[-39.35755490003852,-8.34280229968638],[-39.3575871002644,-8.34340469976698],[-39.35765419958159,-8.343723200065607],[-39.35779090012984,-8.344097399875078],[-39.35807710037783,-8.344562600283705],[-39.3581851997871,-8.344750199761817],[-39.35827640003579,-8.345007600120585],[-39.358440000205775,-8.345440200105081],[-39.35854200041294,-8.345718800182462],[-39.358646599660766,-8.34611960013941],[-39.35874850004317,-8.346374299833997],[-39.358973800000804,-8.34681220042267],[-39.35921249985689,-8.347260700420945],[-39.35967389973066,-8.348091299873545],[-39.3600888999827,-8.348844500073561],[-39.36036590016614,-8.349391699767052],[-39.36077089995697,-8.350214399574824],[-39.3609988996794,-8.350609800002253],[-39.3612589998029,-8.351180300230633],[-39.36163190009207,-8.352008299743224],[-39.36190280017402,-8.352618700192801],[-39.36219509962409,-8.353207800199746],[-39.3623560998541,-8.353486500101813],[-39.362530400157794,-8.353852700441744],[-39.36268060042931,-8.354237499660776],[-39.36284419970003,-8.354500199724379],[-39.36302660019739,-8.3547177996867],[-39.36328399965677,-8.354932699884149],[-39.36374810019461,-8.355447600426334],[-39.36460639966555,-8.356424099592438],[-39.36529310039622,-8.357206999903045],[-39.36551030016017,-8.357509500363067],[-39.36568470028865,-8.357843899776118],[-39.366078999945834,-8.35856040044202],[-39.366344499598895,-8.359123000126313],[-39.366988200145265,-8.360104899721293],[-39.36737450033281,-8.360614399834615],[-39.3675729995942,-8.360890300147135],[-39.3679940999477,-8.361378599642613],[-39.36859759989922,-8.362158800188409],[-39.36894890027148,-8.362673600006563],[-39.36947130026028,-8.363496299814333],[-39.37119560009685,-8.364934599951726],[-39.37741400015596,-8.36995000029225],[-39.37799149980784,-8.3703035004062],[-39.379851099948226,-8.372126499937966],[-39.3803414004352,-8.372611499820868],[-39.380514599968734,-8.373208600196648],[-39.380632600014444,-8.37354830021384],[-39.38064869967764,-8.373818999746993],[-39.380498500305535,-8.37431250002181],[-39.3804089997754,-8.37470219964677],[-39.380149799873294,-8.375172299561948],[-39.380029100062856,-8.375387299584146],[-39.37995400037676,-8.375703000293164],[-39.37990309964827,-8.375965700356753],[-39.37985479975916,-8.376188600023806],[-39.37972609957978,-8.37647519957069],[-39.37959190004608,-8.376745900003268],[-39.37951950012479,-8.377005900302008],[-39.379447100203464,-8.377441100226488],[-39.37939349971021,-8.377709199819659],[-39.3793049003008,-8.377985100132216],[-39.379176200121485,-8.378197400389707],[-39.37905279964694,-8.378446800379463],[-39.379034000218844,-8.378906299985719],[-39.379050099882114,-8.378964299962425],[-39.37908230010795,-8.379030599782292],[-39.37913600042604,-8.379221700321182],[-39.37917350035672,-8.379359700389829],[-39.37926469970605,-8.379773599871676],[-39.37923250037954,-8.380516599961062],[-39.37855659960736,-8.382400700332035],[-39.37823069968697,-8.383233899724631],[-39.3783668003875,-8.383904999915814],[-39.37946190034635,-8.385784799728702],[-39.38005019995672,-8.386900200084147],[-39.380417799641684,-8.387761100394414],[-39.38061390041106,-8.38794299996945],[-39.38074869979259,-8.388537100206928],[-39.38117769979092,-8.38915540030141],[-39.38190079968212,-8.391168100127716],[-39.38442299009623,-8.397105335079543],[-39.38500140039424,-8.398466899827495],[-39.39052870023925,-8.40275880007848],[-39.3910189998269,-8.402868000257959],[-39.39133759995022,-8.403110399924923],[-39.39203619961088,-8.40366819992744],[-39.392624400295766,-8.404468299772184],[-39.392840799663134,-8.404712999905012],[-39.392967599574995,-8.404856299678428],[-39.39358003985599,-8.406293690969306],[-39.39661980036343,-8.41342789997755],[-39.39891160029009,-8.418810800178221],[-39.39898510008227,-8.419307799715062],[-39.398389999798624,-8.422894600005728],[-39.39806590032096,-8.424848299809105],[-39.3981149997074,-8.426436400019814],[-39.3976982997367,-8.427442700020528],[-39.397526700097096,-8.428012499677086],[-39.39763700014738,-8.428303399782013],[-39.39937729982246,-8.430206799604052],[-39.39989199981587,-8.431140199660453],[-39.39995070036447,-8.431328499710437],[-39.401803900029854,-8.437274499618393],[-39.4038016000637,-8.444499800425362],[-39.40487634523969,-8.448432248308185],[-39.40488463643095,-8.449756688358974],[-39.404865866368425,-8.449786858217838],[-39.40470849979738,-8.450039799597068],[-39.403826100294225,-8.451288400339356],[-39.403666799782975,-8.452088500184125],[-39.403718400183955,-8.452280300395506],[-39.404136059340125,-8.453831725138558],[-39.40481879984769,-8.456367800033906],[-39.40545609991903,-8.458792199600214],[-39.40457345947309,-8.464502200968269],[-39.40451397270376,-8.464887031334474],[-39.404095699956514,-8.46759290039198],[-39.403482900115655,-8.471459799929795],[-39.40356869993549,-8.472126499738119],[-39.40454920018536,-8.477738899730365],[-39.40582380032807,-8.485096700352369],[-39.40700913611582,-8.491266251844054]]}},{"type":"Feature","properties":{"fid":125,"CODIGO_SRE":"380VPE0010","UF":"VPE","RODOVIA":"380","LOCAL_INIC":"Entr. PE-320 (Afogados da Ingazeira) / Ibitiranga (km 10,40)","LOCAL_FIM":"Div. PE/PB","KM_INICIAL":0,"KM_FINAL":23.32,"EXTENSAO":23.32,"SITUACAO":"EOP","DESC_SITUA":"EM OBRA DE PAVIMENTAÇÃO","TIPO_REVES":"RP","DESC_REVES":"REVESTIMENTO POLIÉDRICO","IDENTIFICA":"Eixo Principal","OBSERVACAO":"32","EXTENSAO_1":20.93,"REGISTRO":"M32","STATUS_FED":"13.924.322,05","CONCT_ROD":"VPE380","COD":"M32","Fase (Obra":"O","STATUS":"EM ANDAMENTO","ROD.":"VPE380","DRO":"5","CUSTO OBRA":"13924322.050000001","CUSTO TOTA":"17.131.199,70"},"geometry":{"type":"MultiLineString","coordinates":[[[-37.6819098781383,-7.674865988274689],[-37.681838878461406,-7.6747532888331875],[-37.6816738789463,-7.674560588400368],[-37.681425778476864,-7.674365188202842],[-37.681256778777254,-7.67421368841093],[-37.681062378625825,-7.674063489038758],[-37.680839678608265,-7.673958488693245],[-37.68055267886302,-7.673846888223238],[-37.680402478591475,-7.673796388592393],[-37.68016987883681,-7.673793388454044],[-37.679722578534154,-7.673802988716886],[-37.679141078697796,-7.67379068868928],[-37.6788635784913,-7.673745888961548],[-37.67860947864449,-7.673678089072496],[-37.67825277874272,-7.673581688943727],[-37.67805957828688,-7.673538588934662],[-37.677846378707386,-7.673480688782718],[-37.677702178712536,-7.673415588658429],[-37.677583478994336,-7.673329188990806],[-37.67746547894865,-7.673212288816046],[-37.67728917855271,-7.673033488304782],[-37.67717517869153,-7.672911888273006],[-37.676959278447896,-7.67267998909017],[-37.676868678946335,-7.672599488975209],[-37.67676347895133,-7.6725410888001875],[-37.676640978698174,-7.672509888620425],[-37.67646617837141,-7.672520788403631],[-37.67604727865893,-7.672596889035162],[-37.6758367788442,-7.672632088500052],[-37.67558327884518,-7.672665288772009],[-37.67542437853223,-7.672680588937965],[-37.67530167862952,-7.672682589030217],[-37.67512387816441,-7.672659788518388],[-37.674714878189036,-7.672536388943172],[-37.67425757832456,-7.672368888413416],[-37.673373778577,-7.671995489000551],[-37.67267507819224,-7.6717229890246585],[-37.67191467891928,-7.671423988726076],[-37.671468778861026,-7.671271088689764],[-37.671167278447115,-7.671194488934475],[-37.67078147828255,-7.671126189022345],[-37.670453578269985,-7.671071688307734],[-37.670260378713465,-7.671025888533904],[-37.669945278751584,-7.670928188884773],[-37.6696850788033,-7.670837789032703],[-37.6694061783524,-7.670716288825645]],[[-37.68191049956988,-7.6748548996338855],[-37.682162700048536,-7.674944300339121],[-37.682259399651514,-7.67497329987782],[-37.68245500039791,-7.675032000426427],[-37.682588699908536,-7.675047100043571],[-37.68286140043324,-7.674774100044658],[-37.683039299823804,-7.674572300271393],[-37.68313229961586,-7.674506999598293],[-37.68328919983668,-7.674457800387131],[-37.68356820011229,-7.674383400373586],[-37.68392490001406,-7.67422390021278],[-37.68446229979526,-7.674021399867684],[-37.68465379963311,-7.673178600212168],[-37.6847506997849,-7.672883199899729],[-37.68485660035179,-7.672587099914665],[-37.68488979972443,-7.672500399873513],[-37.68493470017626,-7.672352500067802],[-37.68503999999598,-7.672056099709209],[-37.68511709977429,-7.671870100124977],[-37.68524720019809,-7.67161290031504],[-37.685337100027084,-7.6714627000435485],[-37.68549670001266,-7.671217499887689],[-37.685605300344264,-7.671060599666873],[-37.6857917001268,-7.670812799571024],[-37.68591110041689,-7.670627999682381],[-37.685972099632636,-7.670513099599816],[-37.68608069996429,-7.670325699771183],[-37.68632549992185,-7.670018000330401],[-37.686550799879456,-7.669794699565671],[-37.68701209992844,-7.669576700304447],[-37.687167699729514,-7.669522900161667],[-37.687333999664304,-7.669458399885173],[-37.68749349982511,-7.669346800314543],[-37.687693400230216,-7.669258399655348],[-37.68772670032689,-7.668401600253617],[-37.6877295997412,-7.66830010006953],[-37.68763280031345,-7.667724200311568],[-37.68761580042883,-7.66762210027963],[-37.687544899677334,-7.6672016995987065],[-37.68750150019406,-7.666927300254656],[-37.687438599811514,-7.666629399826888],[-37.687405699913086,-7.666480400150306],[-37.68735270016691,-7.666311799749735],[-37.6875954002075,-7.666257600307972],[-37.687579400368975,-7.66616289989787],[-37.68755349989408,-7.665859199742215],[-37.68752579987574,-7.6657588003283195],[-37.687671900138014,-7.6653202000671286],[-37.68769090011489,-7.665276799684534],[-37.687902599625204,-7.664792500373551],[-37.68804740036717,-7.664469599692211],[-37.688118499868835,-7.664186500306698],[-37.688139199564375,-7.664093600339356],[-37.688154800103916,-7.664024000007544],[-37.68821170020976,-7.663830900275798],[-37.688239900251176,-7.66367679964452],[-37.68827809985436,-7.66354980008316],[-37.68840150032895,-7.663281300291715],[-37.688578500397455,-7.66293040011783],[-37.688742099668104,-7.662598800294347],[-37.688870899672224,-7.662114400259327],[-37.688950000442105,-7.661829899730037],[-37.68895439992559,-7.661776399960843],[-37.68896340034058,-7.6616677996291855],[-37.68899959985163,-7.6611388004152445],[-37.68900229961639,-7.660819800093634],[-37.68901239990231,-7.660727400149369],[-37.68904119979152,-7.660672299586906],[-37.68916730003082,-7.660520699970277],[-37.689282600311685,-7.660394499906204],[-37.689330900200844,-7.660315999883437],[-37.68938990022366,-7.660180499930107],[-37.68951999974814,-7.659765800051559],[-37.68969430005188,-7.659280599619933],[-37.689751999655016,-7.659147699606592],[-37.68981900004678,-7.659045399925219],[-37.68992899972352,-7.6589203995567345],[-37.690116799750456,-7.658622699677778],[-37.69014959982411,-7.658530299733513],[-37.69019190033589,-7.658411400365765],[-37.69024590012816,-7.65819020041738],[-37.6902750003909,-7.6580710996015],[-37.69037689987397,-7.657691000239424],[-37.690439999906005,-7.657603300152118],[-37.69058479974865,-7.657504899931155],[-37.690727700223135,-7.657389300176021],[-37.69075960007547,-7.657363500425163],[-37.69068200027402,-7.657010500334252],[-37.69051370024704,-7.656465500382467],[-37.690410500344285,-7.656057499553924],[-37.6903393999433,-7.655870699573086],[-37.690241499745355,-7.655706600279359],[-37.690065800096534,-7.655533800044793],[-37.689784199880876,-7.65532780043759],[-37.68965279993671,-7.655253600073536],[-37.68957229982175,-7.655208099773915],[-37.68942210044952,-7.655095199783602],[-37.689266499749124,-7.654934300277716],[-37.689017099759326,-7.654688400449288],[-37.68886149995819,-7.6544904003116585],[-37.688809199884645,-7.654392000090695],[-37.688786400272136,-7.654248499768414],[-37.68879710040579,-7.654091700271692],[-37.68882059969087,-7.6539041997190225],[-37.68882059969087,-7.653851100148131],[-37.688800499843126,-7.6537998999453976],[-37.68873739981109,-7.653734799821109],[-37.6886704003187,-7.653700899876583],[-37.68852959976118,-7.653646400061291],[-37.6884403996047,-7.653588599734064],[-37.68839609990005,-7.653536699858762],[-37.688371999867854,-7.653473599826725],[-37.68836520009387,-7.65325590003971],[-37.68836260015382,-7.653173200183005],[-37.68834110006168,-7.653038999749981],[-37.68817480012689,-7.652672099737572],[-37.688048799712305,-7.652528600314611],[-37.68749089988506,-7.6522069002282365],[-37.687408000378866,-7.652168000053109],[-37.68717970028291,-7.652060700141135],[-37.6865548000639,-7.65190649968514],[-37.68635629990325,-7.6517682999670456],[-37.68618199959957,-7.651475899792899],[-37.68604520012582,-7.651374799807115],[-37.68582789963784,-7.651329699705855],[-37.685272699575364,-7.651382800176066],[-37.68510369987581,-7.651358899793365],[-37.684942800369924,-7.651244599558595],[-37.68458070003925,-7.650811299901534],[-37.684408999675554,-7.650465700331779],[-37.68427220020186,-7.650066899567719],[-37.684266899597674,-7.649824999923737],[-37.684339300418344,-7.649155100327562],[-37.684355400081586,-7.648599500066837],[-37.6843661002153,-7.648344300349152],[-37.684331200224676,-7.647974800396696],[-37.684343899551266,-7.647863699949767],[-37.68435270031682,-7.64778610014838],[-37.68454580004857,-7.6471746996526235],[-37.68467460005269,-7.646797200230537],[-37.684875700153384,-7.646448899996699],[-37.68494550013469,-7.646294800264798],[-37.684958900033166,-7.646079400044243],[-37.68497449967339,-7.6459415996250755],[-37.684996399963836,-7.645747099648872],[-37.68512789973272,-7.645409500448068],[-37.68523249987993,-7.645255299992073],[-37.68540139975477,-7.645167599904767],[-37.68589499985433,-7.645002800039151],[-37.68606660039325,-7.645002800039151],[-37.686240999622385,-7.645077200052697],[-37.686482300317834,-7.64522269956791],[-37.68663790011897,-7.645316499756632],[-37.686914199730495,-7.645430799991402],[-37.68732729971509,-7.645502600064901],[-37.68770279994419,-7.645526500447602],[-37.6879013001049,-7.645561000239923],[-37.68838939995078,-7.645680700004277],[-37.68866299979754,-7.645685999709087],[-37.68887220009191,-7.645566399769507],[-37.68945960038019,-7.645013400348091],[-37.6896171004488,-7.644900299808967],[-37.68964469974304,-7.64488050033475],[-37.689902199926564,-7.64476090039517],[-37.69007919999507,-7.644625299717745],[-37.690465500182654,-7.644157400443646],[-37.69070949974355,-7.643872999739074],[-37.69085710007505,-7.643753399799493],[-37.69133990021618,-7.643431699713119],[-37.69145640019269,-7.643395299653321],[-37.69148470005882,-7.643386499787084],[-37.691723399914906,-7.643407800229738],[-37.69195940000628,-7.6434662004047595],[-37.69248780027175,-7.6436841996660405],[-37.692705099860405,-7.643718800182455],[-37.6929840003113,-7.643692200034934],[-37.69444050002903,-7.643543300183126],[-37.69482399972776,-7.643494199897361],[-37.695026500072856,-7.643476199966585],[-37.69528140031633,-7.643478200058837],[-37.69549059971138,-7.6434994996021715],[-37.6958346002865,-7.643542700335331],[-37.6959753999447,-7.643537399731144],[-37.69607189989824,-7.64352139989262],[-37.696165100239114,-7.6434901997129145],[-37.696375699878615,-7.643377199897827],[-37.696745799678865,-7.64317909993548],[-37.697248800391776,-7.642846800439429],[-37.697366800437464,-7.6427849999277555],[-37.69749279995273,-7.642733199877227],[-37.697997100186,-7.642604899896185],[-37.69814059960896,-7.642583700177568],[-37.69827470021721,-7.6425550999378515],[-37.698411499690906,-7.642514599868832],[-37.698799100298174,-7.642428200201209],[-37.69909549975745,-7.642327100215482],[-37.6993408995628,-7.642232800003683],[-37.6996252004426,-7.642118499768912],[-37.69982900030806,-7.642010799658635],[-37.69997520039516,-7.641925700410695],[-37.70023740043564,-7.6417513002822375],[-37.700274599992724,-7.641738299682743],[-37.70031450021395,-7.641732999977933],[-37.700354100061645,-7.641737600010174],[-37.70044530031032,-7.64176089964576],[-37.70048650005191,-7.641764600355998],[-37.700542499936375,-7.641757199834842],[-37.700616300102126,-7.641741299821092],[-37.70090129975512,-7.64165719971993],[-37.701149000026305,-7.641586100218319],[-37.701238499656995,-7.641564500301399],[-37.70131630000719,-7.641565199973968],[-37.701385699790194,-7.641576800329005],[-37.70148929989125,-7.641602699904638],[-37.701746800074716,-7.641694400176391],[-37.702009699787766,-7.641774900291352],[-37.70213370011015,-7.641798799774733],[-37.70228329963453,-7.641820700065182],[-37.7026694999974,-7.641864599571591],[-37.702823699554074,-7.641903100447678],[-37.70293370013013,-7.641944300189266],[-37.70318930004612,-7.642066300419401],[-37.70340980032199,-7.642176300096139],[-37.703616299952216,-7.642220099777717],[-37.703781900214494,-7.642232800003683],[-37.703943600116986,-7.642219499929922],[-37.70411390023628,-7.64217560042357],[-37.70437539970487,-7.642082599732134],[-37.70477099978177,-7.641949599894076],[-37.70515860038904,-7.641819399645556],[-37.70560520011986,-7.6416918002363445],[-37.705953899652684,-7.641618699743162],[-37.70621540002065,-7.641564199927814],[-37.70646210024569,-7.641508399692839],[-37.70659090024981,-7.641481800444694],[-37.70673710033685,-7.641468500370934],[-37.70700800041885,-7.641475800167996],[-37.70717960005845,-7.64146579970685],[-37.70742769962857,-7.64143659961934],[-37.70774019965046,-7.64137539985478],[-37.708117100124014,-7.641300999841235],[-37.70845229993364,-7.6412331999521825],[-37.70880239971092,-7.64117069976794],[-37.708978700106854,-7.641120899809607],[-37.70905789980219,-7.641090300377016],[-37.709164500041595,-7.641036500234236],[-37.709281099842826,-7.6409659996811],[-37.70962849985534,-7.640786600221361],[-37.709892699988075,-7.640651000443256],[-37.71025209965461,-7.640474200024244],[-37.710907899679796,-7.6401259996151225],[-37.71119490032436,-7.639934599602043],[-37.71130959985811,-7.639850799874466],[-37.71140280019904,-7.639765099879412],[-37.711476499640696,-7.63967269993509],[-37.71153549966351,-7.6395664000692705],[-37.711642799575486,-7.63935369961348],[-37.7116944998013,-7.639260000148852],[-37.711755499916364,-7.6391490004259595],[-37.71189430038163,-7.6389171003438605],[-37.71214709980876,-7.638526999621263],[-37.712192299734795,-7.638469800041207],[-37.71224530038029,-7.638428899773885],[-37.71231000030622,-7.6384080004288535],[-37.71237980028752,-7.6384080004288535],[-37.71246629977986,-7.6384332003318605],[-37.712532700323834,-7.638456499967447],[-37.7127653000785,-7.638544200054753],[-37.71306040001741,-7.638629999874524],[-37.713199900155246,-7.63865719986984],[-37.71328429973062,-7.638651199593141],[-37.71336410017307,-7.638633300386459],[-37.71345059966541,-7.63859669977785],[-37.713576699904706,-7.638517699732006],[-37.71364909982606,-7.638484100161065],[-37.71373899965505,-7.638451200262637],[-37.713860999885185,-7.638435200424112],[-37.71452349985958,-7.638403299672518],[-37.71475289982641,-7.638404699916919],[-37.715169900170736,-7.638433900004429],[-37.71535169992097,-7.638446500405621],[-37.715589700104545,-7.638477800410101],[-37.71594380006627,-7.63855619970883],[-37.71613889989027,-7.638625999690078],[-37.7163327001939,-7.638699799855829],[-37.71657540023449,-7.638830699776918],[-37.716647499782255,-7.638886800385478],[-37.716704800086404,-7.638951600136181],[-37.716752400302994,-7.63904800026495],[-37.71681009990613,-7.639191600412005],[-37.71686640016418,-7.639324500425289],[-37.71694819979956,-7.639476000217201],[-37.71715210038906,-7.639828199911449],[-37.71728079966914,-7.640063500330257],[-37.71734389970118,-7.640195099923858],[-37.7173908002452,-7.640317399628259],[-37.71745789956236,-7.640526099899546],[-37.71748940011565,-7.640607199862359],[-37.71754099961737,-7.640664299617697],[-37.71766039990746,-7.640728799894134],[-37.7177864003221,-7.640772599575769],[-37.71795609969422,-7.640833099667759],[-37.71806140041326,-7.640868999704537],[-37.71825049996056,-7.640961399648802],[-37.718471699909,-7.641051800400248],[-37.71875139985718,-7.641158799938637],[-37.71885929961695,-7.641196000395041],[-37.71900279993923,-7.641235899716946],[-37.719289799684475,-7.641267799569221],[-37.71946950041706,-7.641265099804457],[-37.71964589973845,-7.641243200413328],[-37.719782700111466,-7.641196000395041],[-37.719962999792585,-7.6411095998280985],[-37.72006829961231,-7.641037199906805],[-37.72012030021165,-7.641007200322008],[-37.720176300096114,-7.640981299847056],[-37.72032179961133,-7.640920799755065],[-37.72042369999372,-7.6408662999397166],[-37.72049750015947,-7.6408124997969935],[-37.720683200269434,-7.640661699677651],[-37.72089310023637,-7.640488199770573],[-37.721002400240536,-7.64040180010295],[-37.72108689964068,-7.640323999752752],[-37.72121030011522,-7.640168499776394],[-37.72127230027638,-7.640098099947295],[-37.721331599773464,-7.6400518999751625],[-37.72158580034437,-7.639889399676008],[-37.7217902998824,-7.63975780008235],[-37.72208200038398,-7.639533199797313],[-37.722465500082706,-7.639220799600196],[-37.722633899934465,-7.639085900393923],[-37.72276799964345,-7.638997499734785],[-37.72296239979488,-7.638881899979651],[-37.72308039984051,-7.638816700030645],[-37.72319310018139,-7.638773900395165],[-37.72327289972452,-7.63875820003085],[-37.72337549977942,-7.638748300293798],[-37.72357259969567,-7.638718399634399],[-37.723730199589,-7.638677199892811],[-37.72392800007708,-7.638595400257486],[-37.72410169963371,-7.638479099930464],[-37.724291499752894,-7.638316900004895],[-37.72448060019951,-7.638138800065519],[-37.72463279966394,-7.637992599978475],[-37.72468909992199,-7.637937500315331],[-37.72473799965894,-7.637916900444566],[-37.72476890036444,-7.63790689998342],[-37.724884199745986,-7.6379135001079135],[-37.724977400086914,-7.6379421003476295],[-37.7258061999961,-7.63824919994056],[-37.72599130025827,-7.638307600115581],[-37.72622130007289,-7.638362799603499],[-37.72645000036721,-7.638402000152155],[-37.72656059989174,-7.63840400024435],[-37.72667059956848,-7.638386100138348],[-37.72677319962344,-7.638354200286074],[-37.72687440033326,-7.638287000244816],[-37.727160800230706,-7.637974000199904],[-37.727276099612254,-7.637860700011231],[-37.727333399916404,-7.637821100163592],[-37.72740820012831,-7.637783600232922],[-37.727546999694255,-7.637731399984091],[-37.72766699983214,-7.637689600394708],[-37.72776830036673,-7.637645000316468],[-37.727864199573105,-7.637587199989241],[-37.727964699711094,-7.637505500178634],[-37.72812770003327,-7.637354600234573],[-37.72829669973288,-7.637205700382708],[-37.72845889965845,-7.637080799838998],[-37.728709699892704,-7.636886700061098],[-37.7289061999611,-7.636739800301484],[-37.72910539979432,-7.636600900011501],[-37.72948349996352,-7.636381600330537],[-37.729751800105475,-7.636215500045239],[-37.72995629964345,-7.636083199879749],[-37.73007970011804,-7.635987500322813],[-37.73021980010367,-7.6358671998114005],[-37.73039549975249,-7.635704999885775],[-37.730541000166966,-7.63559009980321],[-37.73060300032819,-7.635570800352127],[-37.73069319963139,-7.635562200135382],[-37.73083340034111,-7.6355754003843685],[-37.730991600082234,-7.6356086995817805],[-37.73114789955588,-7.63563329963705],[-37.731320900339256,-7.63565450025493],[-37.73150320011257,-7.63564389994599],[-37.73174060044829,-7.635602700204402],[-37.73184860003283,-7.635578100149132],[-37.73194819994944,-7.635538600126267],[-37.731999499976894,-7.635489700389314],[-37.73204100009201,-7.63542520011282],[-37.73206379970458,-7.635328200136257],[-37.73206519994898,-7.635118900017176],[-37.732068499561535,-7.635008500142135],[-37.73209230011952,-7.634941099552066],[-37.73213220034074,-7.6348941999073645],[-37.73218219994851,-7.634861999681505],[-37.732227399874546,-7.634844399949031],[-37.732301899712866,-7.634832400295011],[-37.73253660028382,-7.634811199677074],[-37.73283430016278,-7.6347978996033135],[-37.73299459982087,-7.634791199654103],[-37.73309779972362,-7.634792500073786],[-37.733276200036585,-7.634801799963043],[-37.73352560002638,-7.63485040022573],[-37.7336489996016,-7.634882300078061],[-37.733846200241885,-7.634946699630461],[-37.733956799766474,-7.634995200068374],[-37.73412650003792,-7.635078999795951],[-37.73427129988056,-7.635142800399876],[-37.73443359963085,-7.635217200413422],[-37.734536199685806,-7.635254399970563],[-37.734646800109715,-7.635269700136519],[-37.73488819973056,-7.6352917002517415],[-37.735018999826934,-7.635328899808826],[-37.7351343001078,-7.635391399993068],[-37.73523149973386,-7.635493699674441],[-37.73531740027778,-7.635616000278162],[-37.73538710043431,-7.635722300143982],[-37.735446099557805,-7.635823300304992],[-37.73549710011105,-7.635931000415269],[-37.73554599984794,-7.636043299658525],[-37.735587599787834,-7.6361330996628],[-37.73563920018887,-7.636238100008256],[-37.73568750007803,-7.636344399874133],[-37.73574109967194,-7.636450699739953],[-37.735810899653245,-7.63654780044061],[-37.73588729975904,-7.636625500066714],[-37.73600670004913,-7.636704599937275],[-37.7360985001456,-7.636751100282993],[-37.736251400181914,-7.636818900172045],[-37.736356000329124,-7.636890700245601],[-37.736442499821464,-7.636963799839464],[-37.73650149984428,-7.637017000134392],[-37.736548500213075,-7.637090699576106],[-37.73657799977485,-7.637179100235244],[-37.73660819990846,-7.6373239999026055],[-37.736631299894555,-7.637503500086439],[-37.736645400364864,-7.637566899592684],[-37.736669500397056,-7.637620799560182],[-37.73671809976048,-7.637665600187233],[-37.73675070018464,-7.637682900445441],[-37.73681399986617,-7.637686899730568],[-37.73687299988899,-7.637673900030393],[-37.73692300039613,-7.637647399707703],[-37.736958199860965,-7.637604500247448],[-37.73700110022054,-7.637527399569763],[-37.73709359998958,-7.637326699667426],[-37.7371560003491,-7.637185800184511],[-37.737202899993804,-7.637045899848374],[-37.73724690022425,-7.636940199830292],[-37.73727799967992,-7.636891399918113],[-37.73733770027462,-7.636810299955357],[-37.73742219967471,-7.636693999628335],[-37.737469200043506,-7.6365849999976945],[-37.737516800260096,-7.63644940021959],[-37.7375576996281,-7.636278600077276],[-37.73757580028291,-7.636142399552057],[-37.73761060044882,-7.63595759966347],[-37.73763280021353,-7.635855899829892],[-37.73765459977989,-7.635778499677997],[-37.73767700009341,-7.635720999724299],[-37.737726600402254,-7.635614699858479],[-37.73776150039288,-7.635510999932649],[-37.73778770034204,-7.635382699951606],[-37.73777359987167,-7.635231800007546],[-37.737760199973195,-7.635110899648225],[-37.73774139964581,-7.635003900109837],[-37.73773269960435,-7.634904900041079],[-37.73775149993173,-7.634633699585493],[-37.73776079982099,-7.634494099622941],[-37.73777290019916,-7.634349899628091],[-37.73778770034204,-7.63424960003897],[-37.73783660007899,-7.634113299688977],[-37.737890300397,-7.63398969956495],[-37.73794520041065,-7.633885999639119],[-37.73800359968635,-7.633806299920764],[-37.738092799842775,-7.633717900160889],[-37.73819129988851,-7.633640099810691],[-37.73830870008641,-7.633565000124634],[-37.73835559973111,-7.633533100272302],[-37.738536000136264,-7.633398899839335],[-37.73865870003891,-7.633322399908764],[-37.73876130009387,-7.63326590000122],[-37.73887400043475,-7.633223399840006],[-37.73894099992714,-7.63320680015363],[-37.739034200268065,-7.633195500172121],[-37.73919249983396,-7.633210099766245],[-37.73934799981032,-7.633222100319642],[-37.73945200010968,-7.633210800338134],[-37.73957799962494,-7.6331894998954795],[-37.73968869987357,-7.633186200282864],[-37.73985029995134,-7.633202100296671],[-37.73992369991879,-7.633218100135139],[-37.74003869982607,-7.633242700190408],[-37.74013629965049,-7.633267900093472],[-37.740271400304835,-7.633302499710567],[-37.74041889991224,-7.633338999595082],[-37.740574499713375,-7.633357000425178],[-37.74069380017869,-7.63337489963186],[-37.740795800385854,-7.633402200351213],[-37.74098959979017,-7.633478599557691],[-37.741175299900135,-7.633549699958621]],[[-37.66940679978393,-7.670705200184784],[-37.669220999849244,-7.670780899718693],[-37.66898770042201,-7.670886499912001],[-37.66865509965311,-7.67105670020652],[-37.66847270005502,-7.671204900385817],[-37.66836950015227,-7.671294499841224],[-37.66832449987572,-7.671387899831643],[-37.66810920037926,-7.67174650000095],[-37.66797240000619,-7.671981699695664],[-37.66771089963828,-7.6723418997588055],[-37.66751109995727,-7.67257980011766],[-37.667390400146814,-7.672717999835754],[-37.66714100015702,-7.672962600143819],[-37.66699880025436,-7.673075599958906],[-37.666836499604756,-7.67318590000923],[-37.66671050008944,-7.673302800184047],[-37.666638000343426,-7.673388600003818],[-37.666518699878054,-7.673585299721765],[-37.666288000390864,-7.673959399706462],[-37.66621689998988,-7.674077700125736],[-37.666043900105876,-7.674318300249297],[-37.66593670001862,-7.674476400165702],[-37.66580249958565,-7.674753500173836],[-37.665726100379175,-7.674960200352928],[-37.665649700273434,-7.675183500218338],[-37.66558799958648,-7.675457299714537],[-37.66557049967878,-7.675654000331804],[-37.66554770006627,-7.675849399630067],[-37.66552899956366,-7.675978300358224],[-37.665456499817594,-7.676179000260618],[-37.66534390020081,-7.676373000213744],[-37.665211100012186,-7.6765511001531195],[-37.6650981001971,-7.676706600129421],[-37.664983399764026,-7.676913900156308],[-37.66490529993962,-7.677086800215591],[-37.66476179961734,-7.677425699836135],[-37.664686699931224,-7.677619699789261],[-37.664629600175886,-7.677868400106547],[-37.664641099806886,-7.678038399852198],[-37.66465990013427,-7.678211200086764],[-37.664668000327936,-7.678374599707979],[-37.66464450014354,-7.678623800048285],[-37.66462500014359,-7.678764099683406],[-37.66460629964098,-7.678912899710497],[-37.66461360033736,-7.67906510007424],[-37.66465050042024,-7.679435199874547],[-37.664626400388045,-7.679646599910598],[-37.66460430044805,-7.679899099863519],[-37.66458950030517,-7.680036000061307],[-37.664545900273026,-7.680200799926922],[-37.66449909955378,-7.680389799649504],[-37.66443660026886,-7.680549000336043],[-37.664338700070914,-7.680821500311936],[-37.66431789965128,-7.680996899587171],[-37.66427700028328,-7.681215499595567],[-37.66427100000658,-7.681678699912027],[-37.664250199587,-7.681797000331244],[-37.66421059973936,-7.681943200418345],[-37.66418250042199,-7.682061499938243],[-37.664064500376355,-7.68238980014911],[-37.66396390041365,-7.682591799571867],[-37.66385899989291,-7.682850899649225],[-37.663801599763985,-7.683120699860353],[-37.663674200004266,-7.683902199926536],[-37.66362459969548,-7.684165400013171],[-37.66358170023523,-7.684566799817901],[-37.66358299975559,-7.68485779974759],[-37.663627300359565,-7.685233999649313],[-37.66368490013798,-7.6856925001087575],[-37.66371710036384,-7.685982199618763],[-37.66370509981044,-7.686137699595122],[-37.663630000124385,-7.686410199571014],[-37.66350389988503,-7.686786299647963],[-37.66338589983934,-7.687098600020306],[-37.663294699590665,-7.687450799714611],[-37.6632919998259,-7.687751200257651],[-37.66335369961348,-7.688261499868304],[-37.66345290023111,-7.689209200044502],[-37.663498500355445,-7.689500199974191],[-37.663530699681985,-7.689739399853352],[-37.663556199958634,-7.690010600308938],[-37.66356160038748,-7.690284299980419],[-37.6635588997234,-7.690578100398966],[-37.66356020014308,-7.690923600144004],[-37.66356690009235,-7.691136299700418],[-37.66356690009235,-7.691400700381962],[-37.66358170023523,-7.6918061003711955],[-37.663609799552546,-7.692130400397616],[-37.663612500216686,-7.692631400118955],[-37.66359109994926,-7.692996899886964],[-37.66351130040613,-7.693509300313906],[-37.66346770037404,-7.6938568001511385],[-37.6634166998208,-7.69431929989571],[-37.663367100411335,-7.694736599714247],[-37.66332350037919,-7.694924700114768],[-37.66323890025501,-7.695197299915435],[-37.66310019961446,-7.695641000231944],[-37.66307809967452,-7.695803800005308],[-37.663056599582376,-7.695994500345876],[-37.66306390027876,-7.6960988001195005],[-37.663091499573,-7.696177899990062],[-37.66313420028308,-7.696247699971309],[-37.663159900209166,-7.696289600284786],[-37.663299500171775,-7.696509200339278],[-37.66336310022683,-7.696621200108268],[-37.663438199912946,-7.696730799586703],[-37.66356620041978,-7.696880999858195],[-37.66367550042395,-7.696989299816266],[-37.66378149991624,-7.697118900217049],[-37.66390550023863,-7.697269700336335],[-37.66402560020123,-7.69740799987926],[-37.6640806000396,-7.697491699782063],[-37.66415569972571,-7.697655200127315],[-37.66432359955445,-7.69803130020432],[-37.66424279996522,-7.698113000014871],[-37.66416239967498,-7.698194099977684],[-37.66406649956923,-7.698265200378671],[-37.66387470025717,-7.6983668003874755],[-37.66374709994864,-7.698452100184227],[-37.663604499847736,-7.698508400442279],[-37.66343350005593,-7.698544299579737],[-37.663270499733756,-7.698578200423583],[-37.663088799808236,-7.698649299925194],[-37.662976800039246,-7.698689100321701],[-37.66285040032568,-7.698689100321701],[-37.66254300035911,-7.698657900141939],[-37.66228280041088,-7.698656599722256],[-37.662065300273355,-7.69866870010037],[-37.66188790000655,-7.698719699754292],[-37.66175910000243,-7.698795500012295],[-37.66162100010905,-7.698915099951876],[-37.66144769985141,-7.699147199683466],[-37.66138490019296,-7.699357599673419],[-37.66135010002705,-7.699527700143221],[-37.66133670012857,-7.699697900437684],[-37.66135679997632,-7.699852000169642],[-37.66136349992553,-7.699996899837004],[-37.66133260011935,-7.700165699887066],[-37.66125489959387,-7.700765000004708],[-37.661248099819886,-7.700959099782608],[-37.66127820012878,-7.701122399579049],[-37.66131920022087,-7.7012135998277245],[-37.661516099588255,-7.701481300121884],[-37.66166190037637,-7.701718599733567],[-37.661800600117544,-7.7019750998709355],[-37.66185430043555,-7.70201760003215],[-37.66197639959114,-7.702104700271661],[-37.66216550003776,-7.702228300395689],[-37.66227279994973,-7.702325300372252],[-37.66233980034144,-7.702429000298082],[-37.66238539956652,-7.702535300163902],[-37.66241759979238,-7.702646899734589],[-37.66244839977378,-7.703050900378685],[-37.66245919973221,-7.703470899962042],[-37.66244310006897,-7.703635699827657],[-37.66241490002756,-7.7037844998547484],[-37.66233709967736,-7.703970600163018],[-37.66224939959005,-7.704129899775012],[-37.662130600047135,-7.704411800364255],[-37.662040700218085,-7.704681599676064],[-37.66202330013516,-7.704869000404017],[-37.662024599655524,-7.705142799900273],[-37.662054500314866,-7.7055671000416055],[-37.66205419994134,-7.705718199635157],[-37.66202199971548,-7.705843200003642],[-37.66194149960046,-7.70610499984582],[-37.66178460027902,-7.70661399993611],[-37.66171010044076,-7.706829499981382],[-37.66105099990369,-7.708729700015624],[-37.66084720003823,-7.709321099589033],[-37.66052929958744,-7.710309899682102],[-37.660093499815105,-7.711565800221479],[-37.65993120006476,-7.712064100178054],[-37.65962940017664,-7.7129333003314855],[-37.659396099850085,-7.713649600448662],[-37.65931559973512,-7.713932699834174],[-37.65911449963443,-7.714682200223308],[-37.659047400317206,-7.71515270033683],[-37.659015899763915,-7.715342100257658],[-37.65900779957025,-7.715425099588629],[-37.65900309971323,-7.715601900007641],[-37.659005800377315,-7.715738700380655],[-37.659000499773185,-7.715938099863365],[-37.658982999865486,-7.716050999853735],[-37.658966900202245,-7.716165999761017],[-37.65892399984267,-7.716343400027824],[-37.65887839971833,-7.71650290018863],[-37.65882509959863,-7.716675700423195],[-37.658746999774166,-7.716857699822924],[-37.65854720009315,-7.717264400231841],[-37.65837150044433,-7.717588600433544],[-37.65828500005267,-7.717768699565795],[-37.65818299984551,-7.717995600316669],[-37.65806909980904,-7.718226500352671],[-37.65799729973554,-7.718348100384503],[-37.65790279987425,-7.718467800148801],[-37.65771840018397,-7.718659100337163],[-37.65759380001384,-7.718779599598804],[-37.65741329978391,-7.718940900202313],[-37.6570230003112,-7.719259100127317],[-37.65695060038985,-7.719328900108621],[-37.65684660009049,-7.719459200181916],[-37.656638800040525,-7.719730899761146],[-37.656424200216634,-7.720023299935292],[-37.656361200009314,-7.720125599616665],[-37.65631559988498,-7.720242599616256],[-37.65627940037399,-7.720354200086206],[-37.656167999553475,-7.720849900102735],[-37.65608760016255,-7.72121270010598],[-37.656060800365594,-7.721341599934817],[-37.65604869998748,-7.721466499579265],[-37.65605270017193,-7.721656600071981],[-37.656078200448576,-7.721819999693196],[-37.656193499830124,-7.722299799695975],[-37.65629809997728,-7.722848600182715],[-37.656362500429,-7.723155599950928],[-37.65639469975554,-7.723356299853322],[-37.65640210027664,-7.72347389970065],[-37.65639469975554,-7.723562300359845],[-37.65637319966339,-7.723671200165711],[-37.656304799926545,-7.723890499846618],[-37.65619220030976,-7.7242706001080705],[-37.65604729974302,-7.724738399557452],[-37.65588779958222,-7.725210100265883],[-37.65570670040387,-7.7257470000240005],[-37.65568189979979,-7.725810199880755],[-37.65563700024734,-7.725882599802105],[-37.65536610016534,-7.726202899644079],[-37.65529229999959,-7.726315799634392],[-37.655245400354886,-7.726406800233576],[-37.6551783001384,-7.7265988999192246],[-37.655117999695904,-7.726917800416118],[-37.65511260016632,-7.727087899986543],[-37.65512199988035,-7.72718230002306],[-37.655148799677306,-7.727264700405556],[-37.65522119959866,-7.727444099865295],[-37.655331200174714,-7.7277324998549375],[-37.65534860025764,-7.72782279988229],[-37.65535270026686,-7.727893300435426],[-37.655345899593556,-7.727960999600384],[-37.6553190997966,-7.728084599724468],[-37.655262199690696,-7.7282474003971515],[-37.655111100097145,-7.72858460029903],[-37.654989199691784,-7.728901900002654],[-37.65494630023153,-7.729068000287953],[-37.65486990012573,-7.729476699889744],[-37.65484299960468,-7.729708599971843],[-37.654848400033586,-7.729804900275894],[-37.65486320017652,-7.729899900160206],[-37.654945900033226,-7.730241600269608],[-37.65502139991764,-7.730556399857903],[-37.65508580036936,-7.730819500119765],[-37.65514480039218,-7.731139799961738],[-37.65523329997677,-7.731529200112448],[-37.655277599681426,-7.731766999747208],[-37.65528760014257,-7.7319026004246325],[-37.65529229999959,-7.732159099662681],[-37.65528560005038,-7.732374400058461],[-37.655268199967395,-7.732632199716193],[-37.655258800253364,-7.732733199877202],[-37.655234600396454,-7.732843499927526],[-37.655187000179865,-7.73297499969641],[-37.655137100396814,-7.733106299815859],[-37.655072399571566,-7.733216900239711],[-37.65485240021803,-7.733565099749512],[-37.65474179979418,-7.733762400214573],[-37.65471829960978,-7.733809600232803],[-37.654704899711305,-7.733857400098884],[-37.65470360019094,-7.733915200426111],[-37.65470889989575,-7.7341730000838425]]]}},{"type":"Feature","properties":{"fid":35,"CODIGO_SRE":"104BPE0350","UF":"BR","RODOVIA":"104","LOCAL_INIC":"Entr. PE-130 (P/ Taquaritinga do Norte)","LOCAL_FIM":"Toritama","KM_INICIAL":11.94,"KM_FINAL":30.97,"EXTENSAO":13.212338905987748,"SITUACAO":"PAV","DESC_SITUA":"PAVIMENTADA","TIPO_REVES":"CBUQ","DESC_REVES":"CONCRETO BETUMINOSO USINADO QUENTE","IDENTIFICA":"Eixo Principal","OBSERVACAO":"54","EXTENSAO_1":13.21,"REGISTRO":"M53","STATUS_FED":"106.366.838,91","CONCT_ROD":"BR104","COD":"M53","Fase (Obra":"O","STATUS":"EM ANDAMENTO","ROD.":"BR104","DRO":"3","CUSTO OBRA":"106366838.91","CUSTO TOTA":"117.618.202,57"},"geometry":{"type":"LineString","coordinates":[[-36.12785918999998,-7.945025089999945],[-36.12788703999996,-7.945163959999945],[-36.12790202999997,-7.945317339999974],[-36.12791846999994,-7.945457419999968],[-36.12792849999994,-7.945598559999951],[-36.12793356999998,-7.945740389999969],[-36.12793532999996,-7.945882729999937],[-36.127938109999945,-7.946024909999949],[-36.12793799999997,-7.94616665999996],[-36.12793740999996,-7.946307539999964],[-36.127936509999984,-7.946448269999962],[-36.127936129999966,-7.946590159999971],[-36.12793543999993,-7.946728529999973],[-36.127934739999944,-7.946847549999973],[-36.12793911999995,-7.946976249999977],[-36.12793815999993,-7.947098979999964],[-36.12793740999996,-7.947215789999973],[-36.127936509999984,-7.947326249999946],[-36.12793618999996,-7.947429819999968],[-36.127935709999974,-7.9475263799999425],[-36.127934419999974,-7.947617219999927],[-36.12793292999993,-7.947705269999972],[-36.12793121999994,-7.947791739999957],[-36.12792951999995,-7.947873569999956],[-36.12792817999997,-7.947953659999939],[-36.127926369999955,-7.94802545999994],[-36.12792172999997,-7.948086829999966],[-36.12791435999998,-7.948138749999941],[-36.127900109999985,-7.948217959999965],[-36.12789071999998,-7.94828420999994],[-36.127887629999975,-7.948337889999948],[-36.12788404999998,-7.948389809999981],[-36.12788036999996,-7.948495519999938],[-36.12789712999995,-7.948614139999961],[-36.12791649999997,-7.948793559999956],[-36.12791755999996,-7.948880379999935],[-36.12791665999998,-7.94897839999993],[-36.12791563999997,-7.949090139999953],[-36.127916599999935,-7.949210789999938],[-36.12791606999997,-7.949338619999935],[-36.12791595999994,-7.949470149999968],[-36.127915909999956,-7.949604059999956],[-36.127916169999935,-7.949741299999971],[-36.12791536999998,-7.949880839999935],[-36.127914629999964,-7.950023159999944],[-36.12791478999998,-7.950168299999973],[-36.12791483999996,-7.950316219999934],[-36.127914199999964,-7.950466829999925],[-36.127913079999985,-7.9506192499999315],[-36.127911909999966,-7.950772719999975],[-36.12791030999995,-7.950927409999963],[-36.12790923999995,-7.951083169999947],[-36.127908539999964,-7.951239489999978],[-36.127907799999946,-7.951395889999958],[-36.12790720999993,-7.951551969999969],[-36.12790875999997,-7.951707469999974],[-36.12791158999994,-7.951861729999962],[-36.12791755999996,-7.952014369999972],[-36.127926369999955,-7.952165139999977],[-36.12793879999998,-7.9523143899999695],[-36.12795400999994,-7.952462019999928],[-36.127971299999956,-7.952608039999973],[-36.127990239999974,-7.9527519799999595],[-36.12801019999995,-7.952892739999982],[-36.12803014999997,-7.953031429999953],[-36.128049949999934,-7.953168489999939],[-36.12807006999998,-7.953303279999943],[-36.12809002999995,-7.953435099999979],[-36.128109019999954,-7.953563249999945],[-36.128126469999984,-7.953688299999953],[-36.12814354999995,-7.953813079999975],[-36.128158859999985,-7.95393439999998],[-36.128172949999964,-7.954050089999953],[-36.12818852999993,-7.95415947999993],[-36.12820442999998,-7.954260919999967],[-36.12821974999997,-7.9543540099999746],[-36.12823425999994,-7.954437569999925],[-36.12824743999994,-7.954515259999937],[-36.128259499999956,-7.954591379999954],[-36.128269159999945,-7.954659899999967],[-36.12827448999997,-7.954720109999926],[-36.12827923999998,-7.954818959999955],[-36.12827699999997,-7.95486300999994],[-36.12827329999993,-7.954938849999962],[-36.12827502999994,-7.954957839999963],[-36.12827715999998,-7.954977259999964],[-36.12827982999994,-7.954998899999964],[-36.12828334999995,-7.955021409999972],[-36.12828724999997,-7.95504614999993],[-36.128291779999984,-7.955073599999935],[-36.12830047999995,-7.955109909999976],[-36.128313609999964,-7.955154309999955],[-36.128327369999965,-7.955202099999951],[-36.12835223999997,-7.955322849999959],[-36.12836691999996,-7.955413939999971],[-36.12838366999995,-7.955521029999943],[-36.128400419999934,-7.9556367699999555],[-36.12841733999994,-7.955757289999951],[-36.128453039999954,-7.95600122999997],[-36.12847139999997,-7.956123899999966],[-36.12849193999995,-7.956248609999932],[-36.12852720999996,-7.9565048699999465],[-36.12854140999997,-7.956638489999932],[-36.12855345999998,-7.95677711999997],[-36.128561899999966,-7.956921299999976],[-36.128562269999975,-7.957070869999939],[-36.12855207999996,-7.957225859999937],[-36.12853024999998,-7.95738345999996],[-36.12849689999996,-7.95754033999998],[-36.128450259999966,-7.9576947199999495],[-36.12839305999995,-7.957844499999965],[-36.12832667999993,-7.957988569999941],[-36.128250959999946,-7.958126159999949],[-36.12816595999993,-7.9582569799999305],[-36.128075139999964,-7.95838157999998],[-36.12798217999995,-7.958500409999942],[-36.127887629999975,-7.958613779999951],[-36.12779221999995,-7.958722149999971],[-36.127696009999966,-7.958825219999937],[-36.12760112999996,-7.958925479999948],[-36.12750774999995,-7.959022999999945],[-36.12741489999996,-7.959119149999935],[-36.12732087999996,-7.959216029999936],[-36.127230699999984,-7.959311489999948],[-36.127144629999975,-7.95940332999993],[-36.127062989999956,-7.9594918299999335],[-36.12698481999996,-7.959574879999934],[-36.12691053999998,-7.959653239999966],[-36.126836899999944,-7.959730749999949],[-36.12676362999997,-7.959808039999928],[-36.126700239999934,-7.9598766899999305],[-36.12664602999996,-7.959935019999932],[-36.12659938999997,-7.959983629999954],[-36.126479649999965,-7.960084209999934],[-36.12639250999996,-7.960175379999953],[-36.12633338999996,-7.960256249999929],[-36.12631393999993,-7.960280449999971],[-36.12628332999998,-7.960318549999954],[-36.126219859999935,-7.960391429999959],[-36.126216899999974,-7.960394829999927],[-36.126135999999974,-7.960479989999953],[-36.12604170999998,-7.960579129999928],[-36.12594267999998,-7.960688869999956],[-36.12584283999996,-7.960805409999978],[-36.12574454999998,-7.960926299999926],[-36.12564673999998,-7.961053429999936],[-36.12554881999995,-7.96118963999993],[-36.12545153999997,-7.961333819999936],[-36.12535655999994,-7.961486079999929],[-36.12526664999996,-7.961642379999944],[-36.12518713999998,-7.961785859999964],[-36.125106509999966,-7.961949759999925],[-36.12503105999997,-7.9621160099999315],[-36.12496205999997,-7.962283719999959],[-36.12489541999997,-7.96246911999998],[-36.124838369999964,-7.962637289999975],[-36.12478618999995,-7.962805109999977],[-36.12473639999996,-7.962972099999945],[-36.124687309999956,-7.9631381399999555],[-36.12463789999998,-7.963302509999949],[-36.12458832999994,-7.9634673699999325],[-36.12453912999996,-7.963635349999947],[-36.124490839999964,-7.9638041099999555],[-36.124443079999935,-7.963971709999953],[-36.12439494999995,-7.964137609999966],[-36.12434648999994,-7.964301749999947],[-36.12429670999995,-7.964463959999932],[-36.124242279999976,-7.964623379999978],[-36.12418373999998,-7.964780529999928],[-36.12412055999994,-7.964933969999947],[-36.12405060999998,-7.965078499999947],[-36.12397840999995,-7.9652254199999675],[-36.123903439999935,-7.96537042999995],[-36.12382414999996,-7.96551194999995],[-36.12374025999998,-7.965648339999973],[-36.123649599999965,-7.965781899999968],[-36.12356816999994,-7.965915969999969],[-36.12348193999998,-7.966048779999937],[-36.12339639999993,-7.966180819999977],[-36.12331518999997,-7.966317189999927],[-36.12322254999998,-7.966445439999973],[-36.12312575999994,-7.966565929999945],[-36.12302372999994,-7.966676229999962],[-36.12291086999994,-7.966753599999947],[-36.12279625999997,-7.966839429999936],[-36.12267837999997,-7.9669133099999385],[-36.12257224999996,-7.96698736999997],[-36.12244887999998,-7.96703550999996],[-36.12232800999993,-7.967076779999957],[-36.122209769999984,-7.967108879999955],[-36.122097279999934,-7.967131179999967],[-36.12198559999996,-7.9671474299999545],[-36.12187369999998,-7.9671580199999426],[-36.12177326999995,-7.967161919999967],[-36.12168362999995,-7.967162289999976],[-36.12160726999997,-7.967160289999981],[-36.12153944999994,-7.967156849999981],[-36.12148149999996,-7.967154739999955],[-36.12139003999994,-7.967155489999925],[-36.121352789999946,-7.967153859999939],[-36.12125315999998,-7.967151029999968],[-36.12116367999994,-7.96715262999993],[-36.121125939999956,-7.967153759999974],[-36.12111036999994,-7.967154229999949],[-36.12109009999995,-7.967157889999953],[-36.121073069999966,-7.967160959999944],[-36.12101180999997,-7.967172719999951],[-36.12091640999995,-7.967182109999953],[-36.120787329999985,-7.967186029999937],[-36.12063316999996,-7.967188219999969],[-36.12046811999994,-7.967191639999953],[-36.120302169999945,-7.967195509999954],[-36.120139999999935,-7.967198789999941],[-36.11998263999993,-7.967201639999928],[-36.11982997999996,-7.96720449999998],[-36.119682119999936,-7.967207139999971],[-36.119538089999935,-7.967209989999958],[-36.11939513999994,-7.967212769999946],[-36.11925757999995,-7.967215809999971],[-36.11912678999994,-7.967218749999972],[-36.11900165999998,-7.967221869999946],[-36.118880899999965,-7.9672255499999665],[-36.11876440999998,-7.96722879999993],[-36.11865299999994,-7.967231629999958],[-36.11854877999997,-7.967233209999961],[-36.11844942999994,-7.967234409999946],[-36.11835161999994,-7.96723733999994],[-36.118267569999944,-7.967240809999964],[-36.11814670999996,-7.9672445199999515],[-36.11807509999994,-7.967246279999927],[-36.117991159999974,-7.967249189999961],[-36.11791175999997,-7.9672509199999695],[-36.11780487999994,-7.96724691999998],[-36.117696499999965,-7.967247699999973],[-36.11759367999997,-7.967247589999943],[-36.11749863999995,-7.967248469999959],[-36.117411079999954,-7.967249669999944],[-36.11732516999996,-7.9672513499999695],[-36.11724826999995,-7.9672524699999485],[-36.117183489999945,-7.967253509999978],[-36.11713188999994,-7.967254389999937],[-36.11703712999997,-7.967255749999936],[-36.11695857999996,-7.967256339999949],[-36.11684624999998,-7.967257669999981],[-36.11670959999998,-7.967258709999953],[-36.116563489999976,-7.967260899999928],[-36.11641776999994,-7.967265779999934],[-36.11627261999996,-7.967272639999976],[-36.116121989999954,-7.967279789999964],[-36.115984149999974,-7.967293849999976],[-36.115839809999954,-7.967310419999933],[-36.11569413999996,-7.967332269999929],[-36.115536719999966,-7.967363089999935],[-36.11535897999994,-7.967400759999975],[-36.115169339999966,-7.967444379999961],[-36.11497824999998,-7.967497799999933],[-36.11478598999997,-7.967559349999931],[-36.11459660999998,-7.967631919999974],[-36.11421134999995,-7.967812439999932],[-36.11402297999996,-7.96790029999994],[-36.11383344999996,-7.96798801999995],[-36.11364336999998,-7.96807758999995],[-36.113451649999945,-7.968167789999939],[-36.11325778999998,-7.968259069999931],[-36.11287000999994,-7.968422299999929],[-36.11267481999994,-7.96851474999994],[-36.11248218999998,-7.968606499999964],[-36.11229296999994,-7.968695959999934],[-36.11210876999996,-7.968783549999955],[-36.11193059999994,-7.96887057999993],[-36.11175935999995,-7.968957749999959],[-36.11159895999998,-7.969049849999976],[-36.111445009999954,-7.969145259999948],[-36.11130402999993,-7.9692521399999805],[-36.11117601999996,-7.969371639999963],[-36.11106091999994,-7.969504109999946],[-36.11096022999993,-7.9696484799999325],[-36.110868289999985,-7.969795599999941],[-36.11078472999998,-7.96994897999997],[-36.110706549999975,-7.970107169999949],[-36.11063024999993,-7.970270949999929],[-36.11055142999993,-7.970435099999975],[-36.11047720999994,-7.970603119999964],[-36.11040404999994,-7.970771809999974],[-36.11033024999995,-7.970939609999959],[-36.11025538999996,-7.971108069999957],[-36.11017918999994,-7.971276959999955],[-36.11010282999996,-7.971444819999931],[-36.110026679999976,-7.971611859999939],[-36.109951389999935,-7.971778739999934],[-36.10987721999993,-7.97194565999996],[-36.109803469999974,-7.972112519999939],[-36.10972801999998,-7.9722790599999485],[-36.109651559999975,-7.9724458699999445],[-36.10957529999996,-7.972612659999982],[-36.10949984999996,-7.972779289999949],[-36.10942524999996,-7.972945219999929],[-36.109358019999945,-7.973116069999946],[-36.10928309999997,-7.973279339999976],[-36.109206739999934,-7.973440859999926],[-36.109128029999965,-7.97359997999996],[-36.10904366999995,-7.973754559999975],[-36.10895022999995,-7.973901829999932],[-36.10884569999996,-7.974040219999949],[-36.108729369999935,-7.974169099999926],[-36.10859409999995,-7.974282579999965],[-36.10846080999994,-7.974397949999968],[-36.10830691999996,-7.974495469999965],[-36.10814074999996,-7.974583639999935],[-36.107779499999936,-7.974735889999977],[-36.10759166999998,-7.9748090099999445],[-36.107402399999955,-7.974881429999925],[-36.10721247999993,-7.97495325999995],[-36.10702256999997,-7.975025329999937],[-36.106833999999935,-7.97509797999993],[-36.10664621999996,-7.97516829999995],[-36.10645998999996,-7.975238389999959],[-36.10627359999995,-7.975308419999976],[-36.10608672999996,-7.975378589999934],[-36.10590049999996,-7.975448099999937],[-36.10571533999996,-7.975517359999969],[-36.10553166999995,-7.9755855299999325],[-36.10534981999996,-7.975653989999955],[-36.10517041999998,-7.975721519999979],[-36.104994329999954,-7.97578722999998],[-36.10482111999994,-7.975850799999932],[-36.10465265999994,-7.975917739999943],[-36.10448792999995,-7.975984629999971],[-36.10433158999996,-7.976060429999961],[-36.10418115999994,-7.976140999999927],[-36.10404054999998,-7.9762347299999306],[-36.10390794999995,-7.976339049999979],[-36.10378244999998,-7.9764509899999325],[-36.10366318999996,-7.9765696899999625],[-36.103552459999946,-7.976701999999932],[-36.10344760999993,-7.976844469999946],[-36.103346759999965,-7.976994679999962],[-36.103248149999956,-7.977151769999978],[-36.103150279999966,-7.977316339999959],[-36.10305177999993,-7.9774863599999435],[-36.10295353999993,-7.977658559999952],[-36.10285535999998,-7.977831009999932],[-36.10275663999994,-7.978002449999963],[-36.10265674999994,-7.978175179999937],[-36.10255381999997,-7.9783487299999365],[-36.10245103999995,-7.97852187999996],[-36.10234911999993,-7.978695899999934],[-36.10224613999998,-7.978872849999959],[-36.10214191999995,-7.979052729999978],[-36.102037019999955,-7.979233659999977],[-36.10193333999996,-7.979412479999951],[-36.10183018999993,-7.979589209999972],[-36.10172703999996,-7.979765989999976],[-36.101624639999955,-7.979941919999931],[-36.10152186999994,-7.9801186799999755],[-36.10142037999998,-7.980296849999945],[-36.10132053999996,-7.980473829999937],[-36.10122427999994,-7.980650299999979],[-36.10113734999993,-7.980849469999953],[-36.10104759999996,-7.981025199999976],[-36.10095986999994,-7.9812004199999365],[-36.10087422999993,-7.98137638999998],[-36.10078980999998,-7.981553579999968],[-36.100706299999956,-7.981731749999938],[-36.100623009999936,-7.981909349999967],[-36.10054242999996,-7.982064989999969],[-36.100459669999964,-7.982240689999969],[-36.10037610999996,-7.9824153799999635],[-36.100292439999976,-7.982589889999929],[-36.10021100999995,-7.982765589999929],[-36.10012882999996,-7.982941389999951],[-36.100046549999945,-7.983117949999951],[-36.099964589999956,-7.983294889999968],[-36.09988310999995,-7.9834714999999505],[-36.09980231999998,-7.983647849999954],[-36.09972136999994,-7.983823739999934],[-36.099639889999935,-7.983999669999946],[-36.09955770999994,-7.984176769999976],[-36.09947430999995,-7.984354799999949],[-36.09938999999997,-7.984533809999959],[-36.099304889999985,-7.984712939999952],[-36.099220739999964,-7.984892909999928],[-36.09913850999993,-7.98507326999993],[-36.09905637999998,-7.985252309999964],[-36.09897511999998,-7.985430019999967],[-36.098891659999936,-7.985605089999979],[-36.09880915999997,-7.985779209999976],[-36.098727519999954,-7.985952289999943],[-36.09864656999997,-7.986124989999951],[-36.09856679999996,-7.986297759999957],[-36.098487079999984,-7.986470549999979],[-36.09840633999994,-7.986643679999929],[-36.098324859999934,-7.986817189999954],[-36.09824348999996,-7.986991479999972],[-36.098162109999976,-7.987166499999944],[-36.09808088999995,-7.98734197999994],[-36.09800010999993,-7.987517809999929],[-36.097919529999956,-7.987692329999959],[-36.097839059999956,-7.9878649899999346],[-36.09775853999997,-7.988036319999935],[-36.09767844999993,-7.988207609999961],[-36.09759829999996,-7.988378449999971],[-36.09751804999996,-7.988549249999949],[-36.09743757999996,-7.988720939999951],[-36.097357219999935,-7.988893669999925],[-36.097276429999965,-7.989067009999928],[-36.09719510999997,-7.989241099999958],[-36.097114319999946,-7.989416659999961],[-36.09703277999995,-7.989593059999947],[-36.09695108999995,-7.989770069999963],[-36.09687029999998,-7.989947669999935],[-36.09678822999996,-7.990124529999946],[-36.09670503999996,-7.990300899999966],[-36.09662291999996,-7.990477179999971],[-36.09654089999998,-7.99065281999998],[-36.09645930999994,-7.9908274399999755],[-36.09637878999996,-7.991001209999979],[-36.09629778999994,-7.9911743299999785],[-36.09621475999995,-7.991348989999949],[-36.09613108999997,-7.991524929999969],[-36.09604725999998,-7.991701769999963],[-36.09596321999993,-7.991879299999937],[-36.095879329999946,-7.992057479999971],[-36.09579581999998,-7.9922363999999675],[-36.095712789999936,-7.992416189999972],[-36.09562981999994,-7.992596659999947],[-36.095545829999935,-7.992777309999951],[-36.09546076999993,-7.992958269999974],[-36.09537549999993,-7.993139749999955],[-36.09529011999996,-7.993321949999938],[-36.095204799999976,-7.993504919999964],[-36.095119419999946,-7.993688599999928],[-36.09503387999996,-7.9938728999999284],[-36.09494834999998,-7.99405792999994],[-36.09486317999995,-7.994243339999969],[-36.094776999999965,-7.99442825999995],[-36.09468986999997,-7.9946127799999545],[-36.09460261999993,-7.994797729999959],[-36.09451595999997,-7.994983169999955],[-36.09442988999996,-7.995168439999929],[-36.094344939999985,-7.995353529999932],[-36.09425923999993,-7.995537199999944],[-36.09417380999997,-7.995719099999974],[-36.09408965999995,-7.995898439999962],[-36.09400673999994,-7.996075529999928],[-36.093925689999935,-7.9962509899999645],[-36.09384531999996,-7.9964242299999455],[-36.09376453999994,-7.9965952599999355],[-36.09368368999998,-7.996764739999946],[-36.09360460999994,-7.996934279999948],[-36.09352702999996,-7.9971038899999485],[-36.09344975999994,-7.9972731099999805],[-36.09337115999995,-7.997441669999944],[-36.09329218999994,-7.997610339999937],[-36.09321331999996,-7.997779609999952],[-36.09313444999998,-7.9979496999999355],[-36.093055369999945,-7.998119909999957],[-36.09297628999997,-7.998289979999981],[-36.09289613999994,-7.9984592399999315],[-36.09281598999996,-7.998630089999949],[-36.09273594999996,-7.9988023599999565],[-36.092655589999936,-7.998975399999949],[-36.09257490999994,-7.999147329999971],[-36.092494649999935,-7.99931861999994],[-36.092414609999935,-7.999489099999948],[-36.09233563999993,-7.9996587699999395],[-36.09225644999998,-7.999826429999928],[-36.092175399999974,-7.999991609999938],[-36.09209033999997,-8.000153499999954],[-36.09200090999997,-8.000312049999934],[-36.09190554999998,-8.000466389999929],[-36.09180618999994,-8.00061796999995],[-36.09170330999996,-8.000766149999947],[-36.091596539999955,-8.000909609999951],[-36.09148628999998,-8.00104805999996],[-36.09137359999994,-8.001182229999927],[-36.09126003999995,-8.001313839999966],[-36.091145049999966,-8.001444319999962],[-36.091028509999944,-8.001574049999931],[-36.09091281999997,-8.001703329999941],[-36.090798149999955,-8.001831219999929],[-36.09068400999996,-8.001958189999925],[-36.09056917999993,-8.002085779999959],[-36.09045525999994,-8.002214399999957],[-36.090341699999954,-8.002342349999935],[-36.09022910999994,-8.002471499999956],[-36.09011523999993,-8.002602129999957],[-36.09000114999998,-8.002733299999932],[-36.089884189999964,-8.00285877999994],[-36.08976919999998,-8.002983919999963],[-36.089652229999956,-8.00310430999997],[-36.08953146999994,-8.003218679999975],[-36.089406819999965,-8.00332751999997],[-36.08927805999997,-8.003429689999962],[-36.089144069999975,-8.003519749999953],[-36.089004959999954,-8.003612789999977],[-36.08885911999994,-8.003691659999959],[-36.088707959999965,-8.003760779999936],[-36.08855208999995,-8.003819969999938],[-36.088390939999954,-8.003872279999939],[-36.08822540999995,-8.003918429999942],[-36.08805454999998,-8.003956449999976],[-36.08788016999995,-8.003989029999957],[-36.08770529999998,-8.00402030999993],[-36.087529589999974,-8.00404698999995],[-36.08735567999997,-8.004072669999971],[-36.08718417999995,-8.004097729999955],[-36.08701310999993,-8.00412278999994],[-36.086842409999974,-8.004147669999952],[-36.086671759999945,-8.004171379999946],[-36.086501159999955,-8.004195369999934],[-36.08633002999994,-8.004218569999978],[-36.086158369999964,-8.00424210999995],[-36.08598601999995,-8.004267869999978],[-36.08581221999998,-8.004293759999939],[-36.08563676999995,-8.004319559999942],[-36.08546040999994,-8.004346149999947],[-36.08528346999998,-8.004372209999929],[-36.08510449999994,-8.004398249999952],[-36.084923069999945,-8.004424549999953],[-36.08473977999995,-8.004450949999978],[-36.08455418999995,-8.004477449999968],[-36.084366519999946,-8.004504069999939],[-36.08417665999997,-8.004531079999936],[-36.08378813999997,-8.004582149999976],[-36.08359256999995,-8.004610799999966],[-36.08339598999993,-8.004640449999954],[-36.08319838999995,-8.004670199999964],[-36.08300041999996,-8.004700259999936],[-36.08280234999995,-8.00473003999997],[-36.08260453999998,-8.004759159999935],[-36.082407159999946,-8.004787079999971],[-36.08221099999997,-8.004816269999935],[-36.082016289999956,-8.004845799999941],[-36.08182279999994,-8.004875569999967],[-36.08163117999993,-8.004906439999957],[-36.08144126999997,-8.00493554999997],[-36.08125295999997,-8.004963049999958],[-36.08106603999994,-8.004990489999955],[-36.08088215999993,-8.005019969999978],[-36.08069352999996,-8.005043389999969],[-36.08050403999994,-8.005069719999938],[-36.08031060999997,-8.00509735999998],[-36.080113549999965,-8.005125519999979],[-36.079913389999945,-8.005153229999962],[-36.07971109999994,-8.005181719999939],[-36.07950747999996,-8.005210449999936],[-36.079303369999934,-8.005240059999949],[-36.07909883999997,-8.005269579999947],[-36.078894039999966,-8.00529942999998],[-36.07868929999995,-8.00532968999994],[-36.078484499999945,-8.005360559999929],[-36.078280759999984,-8.005391749999944],[-36.07807916999997,-8.00542256999995],[-36.07787943999995,-8.005451969999967],[-36.07768061999997,-8.005480569999975],[-36.07747927999998,-8.005531639999958],[-36.077283129999955,-8.005559479999931],[-36.077088679999974,-8.005587839999976],[-36.076895889999946,-8.005616119999956],[-36.07670442999995,-8.005643979999945],[-36.076513509999984,-8.00567166999997],[-36.07632316999997,-8.005699069999935],[-36.076137209999956,-8.005703979999964],[-36.075947559999975,-8.00573025999995],[-36.07575812999994,-8.005756369999972],[-36.07556922999993,-8.005783489999942],[-36.075380819999964,-8.005811489999928],[-36.07519292999996,-8.005839799999933],[-36.07500578999998,-8.005869319999931],[-36.07481918999997,-8.005899349999936],[-36.07444235999998,-8.005978199999959],[-36.07425644999995,-8.006006439999965],[-36.07406968999993,-8.006033999999943],[-36.07388163999997,-8.006060659999946],[-36.07369263999993,-8.006087049999962],[-36.07350208999998,-8.006113109999944],[-36.07330992999994,-8.006138939999971],[-36.07311766999993,-8.00616537999997],[-36.07292540999998,-8.006192849999934],[-36.07273352999994,-8.00622065999994],[-36.072542659999954,-8.006248769999956],[-36.07235775999993,-8.006255949999968],[-36.07217067999994,-8.006284759999971],[-36.07198551999994,-8.006311909999965],[-36.07180227999993,-8.006339279999963],[-36.071621059999984,-8.00636695999998],[-36.071441179999965,-8.00639431999997],[-36.071262529999956,-8.006421509999939],[-36.07108483999997,-8.006447539999954],[-36.07090714999998,-8.006472319999943],[-36.070730039999944,-8.00649723999993],[-36.070553949999976,-8.006521369999973],[-36.07037817999998,-8.006546519999972],[-36.070202999999935,-8.006572189999929],[-36.07002898999997,-8.006597979999981],[-36.06985523999998,-8.006623409999975],[-36.06968187999996,-8.006648329999962],[-36.06951031999995,-8.006673169999942],[-36.06934249999995,-8.006697289999977],[-36.06917536999998,-8.006721439999978],[-36.06901011999997,-8.006745569999964],[-36.06884858999996,-8.006768739999927],[-36.06869160999997,-8.006791129999954],[-36.06853850999994,-8.00681217999994],[-36.068390059999956,-8.006832619999955],[-36.06822047999998,-8.006852039999956],[-36.06812693999996,-8.006869089999952],[-36.068028649999974,-8.006884319999926],[-36.06792859999996,-8.006898129999968],[-36.06782763999996,-8.006912469999975],[-36.067725509999946,-8.006927179999934],[-36.067621989999964,-8.006942469999956],[-36.06751696999993,-8.006958599999962],[-36.06741334999998,-8.006975009999962],[-36.067313559999945,-8.006990949999931],[-36.06721782999995,-8.007004819999963],[-36.06669483999997,-8.00710369999996],[-36.06660935999997,-8.007116419999932],[-36.066526059999944,-8.00712909999993],[-36.06644670999998,-8.007141039999965],[-36.06636714999996,-8.007151939999972],[-36.06628625999997,-8.007163049999974],[-36.06620210999995,-8.007175969999935],[-36.06611528999997,-8.007190609999952],[-36.06602948999995,-8.007205579999948],[-36.065944109999975,-8.007218729999977],[-36.06585755999998,-8.00722933999998],[-36.06577617999994,-8.007239709999965],[-36.06570083999998,-8.007250039999974],[-36.06563578999993,-8.00726009999994],[-36.06549635999994,-8.007281389999946],[-36.06544736999996,-8.007289319999927],[-36.06538034999994,-8.007299479999972],[-36.06530761999994,-8.007310459999928],[-36.06523392999998,-8.007321979999972],[-36.06516007999994,-8.007333069999959],[-36.065085099999976,-8.007343769999977],[-36.06500810999995,-8.007354669999927],[-36.06492875999993,-8.00736575999997],[-36.06484807999993,-8.007376959999931],[-36.06477032999993,-8.007387559999927],[-36.06469353999995,-8.007397609999941],[-36.06461360999998,-8.007408289999944],[-36.064462169999956,-8.007403619999934],[-36.06438991999994,-8.007413449999945],[-36.06431969999994,-8.007422369999972],[-36.06425667999997,-8.007431119999978],[-36.06420203999994,-8.00744033999996],[-36.06411579999997,-8.007455819999961],[-36.06404226999996,-8.007466779999959],[-36.06398138999998,-8.007474289999948],[-36.06393005999996,-8.007481619999965],[-36.06387252999997,-8.007490159999975],[-36.06379205999997,-8.007501909999974],[-36.06367402999996,-8.00751865999996],[-36.06358603999996,-8.007531269999959],[-36.06348080999993,-8.007546699999978],[-36.06337008999998,-8.007563139999945],[-36.06325855999995,-8.007579809999982],[-36.063146769999946,-8.007596599999943],[-36.063034769999945,-8.007613939999942],[-36.06292297999994,-8.007631209999943],[-36.06270483999998,-8.007662259999961],[-36.06260029999993,-8.007677699999931],[-36.06249779999996,-8.007692729999974],[-36.06239843999998,-8.00770695999995],[-36.062305539999954,-8.007720069999948],[-36.06222010999994,-8.007732759999953],[-36.06214235999994,-8.00774440999993],[-36.06207224999997,-8.00775305999997],[-36.06200794999995,-8.007760529999928],[-36.061942949999946,-8.007769369999949],[-36.06187656999998,-8.007778929999972],[-36.06180826999997,-8.007788999999946],[-36.06159289999994,-8.00785172999997],[-36.061528599999974,-8.00786162999998],[-36.06147235999998,-8.00787158999998],[-36.06142529999994,-8.007877619999931],[-36.06138532999995,-8.00788295999996],[-36.06134482999994,-8.007889029999944],[-36.06129914999997,-8.007896209999956],[-36.06123335999996,-8.007906239999954],[-36.061154389999956,-8.007917789999965],[-36.06107306999996,-8.007929119999972],[-36.06099306999994,-8.00793970999996],[-36.06091804999994,-8.00794972999995],[-36.06084680999993,-8.007960369999978],[-36.06077663999997,-8.00797197999998],[-36.06070700999993,-8.007983699999954],[-36.060637689999965,-8.007993949999957],[-36.06057071999993,-8.008002269999963],[-36.06050903999994,-8.008010809999973],[-36.06045273999996,-8.008019459999957],[-36.06040145999998,-8.008027459999937],[-36.06035551999997,-8.008034259999931],[-36.060311439999964,-8.008040009999945],[-36.060262559999956,-8.00804635999998],[-36.06020487999996,-8.00805540999994],[-36.06013934999993,-8.008067169999947],[-36.06006789999998,-8.008081179999976],[-36.05998662999997,-8.008098109999935],[-36.05989949999997,-8.00811755999996],[-36.059808679999946,-8.008140419999961],[-36.05971902999994,-8.008164729999976],[-36.05963012999996,-8.008192209999947],[-36.05954170999996,-8.008220979999976],[-36.05945467999993,-8.008255519999977],[-36.05936620999995,-8.008290509999938],[-36.05927853999998,-8.00832571999996],[-36.059194969999965,-8.008365169999934],[-36.05911364999997,-8.008406629999968],[-36.059036069999934,-8.00845357999998],[-36.05895948999995,-8.00849981999994],[-36.058882549999964,-8.008549709999954],[-36.05880479999996,-8.008603759999971],[-36.05872784999997,-8.00866155999995],[-36.05865042999994,-8.008724599999937],[-36.05857529999997,-8.008788529999947],[-36.058505439999976,-8.00885177999993],[-36.05844124999993,-8.00891501999996],[-36.058382129999984,-8.008977309999977],[-36.058327489999954,-8.009038669999939],[-36.05827614999998,-8.009099469999967],[-36.058227329999966,-8.00915901999997],[-36.05818191999998,-8.009218949999934],[-36.058139179999955,-8.009278879999954],[-36.058097559999965,-8.009338949999972],[-36.05805662999995,-8.009400789999972],[-36.05801772999996,-8.009465599999942],[-36.05798015999994,-8.00953488999994],[-36.05794451999998,-8.009604569999965],[-36.05791249999993,-8.009670269999958],[-36.057884059999935,-8.009731599999952],[-36.05785849999995,-8.009789569999953],[-36.05783549999995,-8.009843279999927],[-36.05781516999997,-8.009893709999972],[-36.05779814999994,-8.009939459999941],[-36.05778432999995,-8.009981989999972],[-36.05777242999994,-8.010020069999939],[-36.05776265999998,-8.010052739999935],[-36.05775225999997,-8.010083179999981],[-36.05774227999996,-8.010118459999944],[-36.05773224999996,-8.010157719999938],[-36.05771890999995,-8.010205019999944],[-36.05770027999995,-8.010269069999936],[-36.05768042999995,-8.010337249999964],[-36.057661809999956,-8.01040194999996],[-36.057643879999944,-8.010462769999947],[-36.057625789999975,-8.010523709999973],[-36.05760812999995,-8.01058551999995],[-36.05759014999995,-8.010646169999973],[-36.057513779999965,-8.01081765999993],[-36.057507759999964,-8.010841939999978],[-36.057505359999936,-8.010854439999946],[-36.057502899999974,-8.010867589999975],[-36.05749868999993,-8.010878609999963],[-36.05749531999993,-8.010892359999957],[-36.05749222999998,-8.010905039999955],[-36.057489619999956,-8.01091778999995],[-36.05748726999997,-8.010930739999935],[-36.057484649999935,-8.01094312999993],[-36.05748155999993,-8.010956479999948],[-36.05747872999996,-8.010969299999942],[-36.05747616999997,-8.010983009999961],[-36.057472969999935,-8.010997119999956],[-36.05746917999994,-8.011010489999933],[-36.05746415999994,-8.011023619999946],[-36.05745786999995,-8.011034439999946],[-36.057452369999965,-8.011043549999954],[-36.05744697999995,-8.011053269999934],[-36.057443139999975,-8.01106496999995],[-36.05744083999997,-8.011076999999943],[-36.05743923999995,-8.011089399999946],[-36.05743726999998,-8.011101359999941],[-36.05743475999998,-8.011112529999934],[-36.05743166999997,-8.011121689999925],[-36.05741575999997,-8.011160709999956],[-36.05740860999998,-8.01119147999998],[-36.057405459999984,-8.011215479999976],[-36.05740268999995,-8.011225489999958],[-36.05722168999995,-8.011912609999968],[-36.05709676999993,-8.012360869999952],[-36.05706240999996,-8.012590159999945],[-36.05699495999994,-8.012870729999975],[-36.05686171999997,-8.013230649999969],[-36.05647313999998,-8.013722529999939],[-36.05636150999993,-8.013817529999926],[-36.05613675999996,-8.01401027999998],[-36.05592715999995,-8.014128569999968],[-36.055687569999975,-8.014221329999941],[-36.05526899999995,-8.01435319999996],[-36.05468709999997,-8.01451099999997],[-36.054101199999934,-8.014683609999963],[-36.05373081999994,-8.014803509999979],[-36.05348626999995,-8.014904249999972],[-36.05331118999993,-8.015035569999952],[-36.05311391999993,-8.01518780999993],[-36.05295249999995,-8.015335849999929],[-36.05279273999997,-8.015551949999974],[-36.05262971999997,-8.015810689999967],[-36.05254508999997,-8.01598187999997],[-36.05250800999994,-8.016194139999925],[-36.05247246999994,-8.016496109999935],[-36.05246728999998,-8.016624109999952]]}},{"type":"Feature","properties":{"fid":218,"CODIGO_SRE":"089EPE0070","UF":"PE","RODOVIA":"089","LOCAL_INIC":"Entr. PE-074 (Siriji)","LOCAL_FIM":"São Vicente Férrer","KM_INICIAL":21.03,"KM_FINAL":30.8,"EXTENSAO":9.77,"SITUACAO":"PAV","DESC_SITUA":"PAVIMENTADA","TIPO_REVES":"TSD","DESC_REVES":"TRATAMENTO SUPERFICIAL DUPLO","IDENTIFICA":"Eixo Principal","OBSERVACAO":"69","EXTENSAO_1":9.77,"REGISTRO":"M69","STATUS_FED":"13.485.002,70","CONCT_ROD":"PE089","COD":"M69","Fase (Obra":"O","STATUS":"EM ANDAMENTO","ROD.":"PE089","DRO":"2","CUSTO OBRA":"13485002.699999999","CUSTO TOTA":"17.589.723,55"},"geometry":{"type":"LineString","coordinates":[[-35.468069499707624,-7.654764900379767],[-35.468089800104146,-7.654688400449271],[-35.46812489974429,-7.654643900195732],[-35.468145299965535,-7.654556899781],[-35.468180199956244,-7.654453199855262],[-35.46821910013131,-7.654341499560484],[-35.46826470025565,-7.654180699879349],[-35.468335799757284,-7.653948399598855],[-35.468336299780404,-7.653823999977572],[-35.46832549982191,-7.653702999793524],[-35.46832395164154,-7.653693930341217],[-35.46832549982191,-7.653702999793524],[-35.46831000000641,-7.653612199743137],[-35.46829200007568,-7.653486200227902],[-35.46822580008059,-7.653202400270526],[-35.468193099831595,-7.653119499865006],[-35.46812100028385,-7.65298859994391],[-35.468017900205844,-7.652783800032266],[-35.467929399721946,-7.652609599553341],[-35.467807400391116,-7.6523384998218305],[-35.46771079971356,-7.65210189988274],[-35.46766790025331,-7.651937100017092],[-35.46763169984302,-7.6517816000407635],[-35.46761689970003,-7.651580900138318],[-35.4676061995664,-7.6514121000882955],[-35.46761939981537,-7.65118170007536],[-35.46764640016118,-7.6509203004314745],[-35.467724199612036,-7.650034999715448],[-35.46777250040055,-7.649646899984429],[-35.46786640041394,-7.648865399918224],[-35.46794410004014,-7.648198100262031],[-35.4679522002338,-7.647613299913772],[-35.467898599740515,-7.646938099713493],[-35.46773389969963,-7.644471600184105],[-35.467710100041,-7.641767499770275],[-35.467696700142504,-7.641624700019836],[-35.46767119986595,-7.641505000255505],[-35.46762969975074,-7.641362800352909],[-35.46756530019839,-7.641237200136659],[-35.46747879980667,-7.641115600104808],[-35.467357400323706,-7.640997900432683],[-35.467231599558566,-7.640908899925782],[-35.46707380001584,-7.6408477001612125],[-35.46692419959209,-7.6408185000736495],[-35.46678540002615,-7.6408132003688936],[-35.46660710043723,-7.640804699976837],[-35.465850700449394,-7.640801199815455],[-35.465630700196634,-7.6407386996312185],[-35.46548989963913,-7.640652299963637],[-35.465366500063865,-7.640524699655117],[-35.46526599992591,-7.64037059992314],[-35.465212299607934,-7.6402283001958455],[-35.46516399971868,-7.640039599947555],[-35.46515729976954,-7.63970990039156],[-35.46518149962643,-7.638678500312482],[-35.4651546000047,-7.638382099953877],[-35.4651183995944,-7.638179999807131],[-35.46506079981596,-7.638024499830752],[-35.464976300415884,-7.637851699596242],[-35.464844899572405,-7.637665600187232],[-35.46465039959624,-7.637495499717506],[-35.46439560007682,-7.637290799630611],[-35.46403349974614,-7.636973099728721],[-35.46393689996792,-7.636837499950584],[-35.46384299995445,-7.636677999789793],[-35.46378940036047,-7.636511900403826],[-35.46375050018534,-7.636309800257042],[-35.46375319995017,-7.636098500045686],[-35.46377200027754,-7.635860599686906],[-35.46381889992227,-7.635510999932617],[-35.4638604998621,-7.635184000141469],[-35.463930200018666,-7.634795900410399],[-35.463998599755534,-7.634613800286594],[-35.46410860033156,-7.634381099807819],[-35.46427090008189,-7.634108699656681],[-35.46471070003871,-7.633433399631653],[-35.464851600420964,-7.633187499803229],[-35.464934699576695,-7.632958900233001],[-35.46495879960891,-7.632767500219888],[-35.464961500272935,-7.632618600368071],[-35.464945399710366,-7.632495000244039],[-35.46492129967815,-7.632310200355412],[-35.4648435002273,-7.632033700195036],[-35.46471480004795,-7.631649599749196],[-35.46467429997892,-7.63148810039547],[-35.4645243002562,-7.6308893003008995],[-35.464481399896684,-7.63059149969793],[-35.464493500274735,-7.630234000298812],[-35.464535100214626,-7.629873700410915],[-35.46459000022824,-7.629631799867633],[-35.46498300036511,-7.628073999615371],[-35.465147900055484,-7.627264500056595],[-35.46515329958501,-7.6270397999467585],[-35.46511169964519,-7.626658300340199],[-35.46503929972386,-7.6264323996354335],[-35.46494679995481,-7.626259600300244],[-35.46483680027808,-7.626088099586092],[-35.46472550018166,-7.625961799697301],[-35.464498799979545,-7.625751799905535],[-35.46396989969106,-7.625280699944296],[-35.46322610010439,-7.624628599730036],[-35.463054499565466,-7.624441100076649],[-35.46293379975503,-7.624265699902053],[-35.46286540001809,-7.624064999999684],[-35.462826499843025,-7.623884200295531],[-35.4628238000782,-7.623702100171726],[-35.46285729982443,-7.623496099665216],[-35.46289619999959,-7.6233126001963045],[-35.46303370004515,-7.622497100360835],[-35.4632636998598,-7.621774700142182],[-35.463427300029785,-7.621127299784988],[-35.46353590036144,-7.620675400349363],[-35.46371300025466,-7.619933599955598],[-35.46387660042471,-7.619231799607792],[-35.463934200203155,-7.618822400333397],[-35.46402949956172,-7.618109899851932],[-35.46407099967683,-7.617711099987216],[-35.46410589966754,-7.617372200366701],[-35.46419170038659,-7.61720329959257],[-35.4642962996345,-7.616983999911598],[-35.464449199670774,-7.6167288001939175],[-35.46484619999207,-7.616343300402921],[-35.465460400077326,-7.6157570998102715],[-35.46586010016345,-7.615318399724334],[-35.46615110009316,-7.614919599859567],[-35.4662798002725,-7.614716300017149],[-35.46636159990788,-7.614536799833405],[-35.46640989979699,-7.614317500152471],[-35.466443500267275,-7.614123400374587],[-35.46642069975548,-7.613829599956004],[-35.46635759972336,-7.613556500132326],[-35.4662490002911,-7.613339099819527],[-35.46609610025476,-7.61314170042908],[-35.46596670040286,-7.613002800139046],[-35.46565149971688,-7.612615999928372],[-35.46553949994791,-7.612457099615448],[-35.465445699759165,-7.612298300026443],[-35.46538130020678,-7.6120883002347535],[-35.46532769971352,-7.611847700111188],[-35.46535450040984,-7.6110860004185525],[-35.4653357000824,-7.61093179996253],[-35.46527529981517,-7.610753700023175],[-35.465185499810886,-7.610558299825664],[-35.464964200037734,-7.610231300034351],[-35.464721499997204,-7.60984969970381],[-35.464378100169114,-7.609330000379154],[-35.46418229977321,-7.6090361999606095],[-35.46398650027672,-7.60876639974952],[-35.463415199651706,-7.6081256004161055],[-35.46314030028453,-7.607791999601026],[-35.462882800101085,-7.607405200289659],[-35.46277819995392,-7.60719909995845],[-35.46269509989888,-7.606949199945577],[-35.46262529991757,-7.606608900080595],[-35.46256500037436,-7.60619680014216],[-35.46256629989475,-7.605784700203699],[-35.46259049975175,-7.605585399646436],[-35.46262529991757,-7.605389899624099],[-35.46269369965451,-7.605142700275293],[-35.462784899903134,-7.604818300424168],[-35.462898899764355,-7.604383700347455],[-35.463039700321886,-7.603691100064168],[-35.46320739960174,-7.602752599952459],[-35.46329320032088,-7.602389700124476],[-35.46340649961021,-7.601966999877118],[-35.46345009964231,-7.60182739991457],[-35.46350439980815,-7.601647299882946],[-35.46357080035208,-7.601487699897418],[-35.463758600379,-7.601080299815934],[-35.46383229982075,-7.600900199784323],[-35.463904099894236,-7.600723400264646],[-35.46433119962511,-7.5998593001665276],[-35.464529699785736,-7.599489099642185],[-35.464674499628416,-7.599252499703032],[-35.46556229956043,-7.598101300034924],[-35.46630280043382,-7.59741310013438],[-35.467024199707005,-7.596798499850804],[-35.467496199889666,-7.596370499898601],[-35.468075599809005,-7.595870699872855],[-35.46858850025904,-7.595358800368254],[-35.47012209975502,-7.594209000045253],[-35.470402299726274,-7.593952099709564],[-35.47065820001584,-7.593643300397946],[-35.47082440012594,-7.5934079999791235],[-35.47096259984409,-7.593162799823292],[-35.471498799929634,-7.5922179001359416],[-35.47160979965244,-7.592074800011973],[-35.471808899660964,-7.591914500353867],[-35.47201349992301,-7.59180389992996],[-35.47207950026866,-7.591788800312791],[-35.472227300249635,-7.591754900368315],[-35.472420999829204,-7.5917403996995905],[-35.47261849994379,-7.5917520000547105],[-35.473262800337935,-7.591851199773008],[-35.47544220029725,-7.592134700256161],[-35.47605209982451,-7.592211800034461],[-35.4764501001919,-7.592300000144826],[-35.47755609993403,-7.592583800102278],[-35.47908899975746,-7.5930852998466865],[-35.47959699980164,-7.59322789994755],[-35.4801120001686,-7.5933347996612675],[-35.48186659996352,-7.593671999563057],[-35.48302580000063,-7.59387039989896],[-35.48322049962634,-7.593878300443161],[-35.48338409979633,-7.593871200295596],[-35.48356839966185,-7.593832899968301],[-35.4837791000254,-7.593760500047003],[-35.48396620037984,-7.59368169965067],[-35.48418299994548,-7.59356440017685],[-35.48440789970474,-7.593420399831547],[-35.48451230020241,-7.593330500002518],[-35.48513289986337,-7.592738800055526],[-35.48532699964128,-7.592561899811741],[-35.48547150000968,-7.5924221001996814],[-35.48610100026091,-7.5918130999945195],[-35.48626840006655,-7.591598099972308],[-35.48634690008926,-7.591461000124995],[-35.48638919970177,-7.5913548000839075],[-35.4864040996694,-7.591322000010238],[-35.48642280017202,-7.591267000171848],[-35.486454500374876,-7.591158899863265],[-35.48646139997353,-7.591123800223155],[-35.48646700005196,-7.591073299692986],[-35.48646650002884,-7.591051400301795],[-35.48646619965536,-7.591037899679269]]}},{"type":"Feature","properties":{"fid":229,"CODIGO_SRE":"091EPE0010","UF":"PE","RODOVIA":"091","LOCAL_INIC":"Macaparana","LOCAL_FIM":"Pirauá","KM_INICIAL":0,"KM_FINAL":10.46,"EXTENSAO":10.46,"SITUACAO":"PAV","DESC_SITUA":"PAVIMENTADA","TIPO_REVES":"TSD","DESC_REVES":"TRATAMENTO SUPERFICIAL DUPLO","IDENTIFICA":"Eixo Principal","OBSERVACAO":"57","EXTENSAO_1":10.46,"REGISTRO":"M57","STATUS_FED":"15.710.548,12","CONCT_ROD":"PE091","COD":"M57","Fase (Obra":"O","STATUS":"EM ANDAMENTO","ROD.":"PE091","DRO":"2","CUSTO OBRA":"15710548.119999999","CUSTO TOTA":"16.626.338,54"},"geometry":{"type":"LineString","coordinates":[[-35.4519285529761,-7.555239447332241],[-35.45208066800178,-7.554447775754582],[-35.45223278302741,-7.553957692622401],[-35.45190003140873,-7.55201620398186],[-35.451838799820734,-7.551471200135674],[-35.45181469978852,-7.551352200043882],[-35.45178050036972,-7.551241200321102],[-35.45164699960926,-7.550904799916505],[-35.45146409998819,-7.5505105002593425],[-35.451180899878565,-7.5497271997503885],[-35.45104620032183,-7.549397199820847],[-35.45082429980152,-7.548643399773041],[-35.45081690017974,-7.548618100045197],[-35.45078610019834,-7.548277800180304],[-35.450799400272025,-7.548152799811824],[-35.45083170032268,-7.547836400329531],[-35.450839699792276,-7.547696800366979],[-35.45083170032268,-7.546941699899477],[-35.45083569960776,-7.546549500159178],[-35.45085039992596,-7.5464032002474175],[-35.45086250030408,-7.546286200247891],[-35.450882600151786,-7.546183899667204],[-35.45105030033105,-7.545649400199605],[-35.45112130000792,-7.545485899854282],[-35.451180300030764,-7.545350300076238],[-35.45126209966608,-7.545193399855462],[-35.45129378473052,-7.545152768855835],[-35.45126209966608,-7.545193399855462],[-35.45196089987555,-7.544297300080282],[-35.45246179977219,-7.543633899884537],[-35.45250329988728,-7.543568100087694],[-35.45254489982721,-7.5434749995714965],[-35.45281379981692,-7.542752399703442],[-35.452915700199355,-7.542487900096469],[-35.45295730013921,-7.5423761998016685],[-35.452998900079116,-7.542285799949609],[-35.45318260009685,-7.541990600185987],[-35.45391490005253,-7.541012100028353],[-35.45397519959569,-7.540920399756598],[-35.45404360023188,-7.540812699646304],[-35.4542421003925,-7.5403833003489815],[-35.454283700332404,-7.540310100031035],[-35.454333299741975,-7.540242300141997],[-35.45438559981547,-7.540186499906989],[-35.454623000151294,-7.539988399944623],[-35.454688700123334,-7.539921899575971],[-35.45475039991097,-7.539844799797579],[-35.45480400040419,-7.539767700019292],[-35.45493340025611,-7.5395337000201526],[-35.45516209965109,-7.53907630033098],[-35.45565960011043,-7.53809379998879],[-35.45570120005027,-7.5379915003074425],[-35.4557346997965,-7.537891799666777],[-35.45575750030828,-7.537785399976146],[-35.45578969963485,-7.537547399792648],[-35.455823200280406,-7.536419999783111],[-35.45582590004519,-7.536160700056224],[-35.455808499962195,-7.536038400351836],[-35.45578439993006,-7.53590679985887],[-35.455745499754926,-7.5356701000949915],[-35.455683799967346,-7.535426800206592],[-35.45543029996833,-7.53393910030914],[-35.45541289988538,-7.533738299682675],[-35.455412899885395,-7.533557499978593],[-35.45541819959017,-7.533408600126724],[-35.45548389956227,-7.532734499797291],[-35.455495999940354,-7.53256299998241],[-35.45553619963581,-7.53177859960262],[-35.45555099977875,-7.531653600133436],[-35.455569800106126,-7.5315804996402616],[-35.45560460027201,-7.531487400023411],[-35.455667700304076,-7.5313690996041895],[-35.455718600133224,-7.53128400035627],[-35.45577500021601,-7.531204199913871],[-35.45585810027105,-7.531127100135481],[-35.455929199772676,-7.531083299554581],[-35.456027099970576,-7.531044699753021],[-35.458020000322705,-7.530529700285347],[-35.45864469999287,-7.53044329971843],[-35.45970530015943,-7.530112000268529],[-35.46040270012442,-7.530255999714481],[-35.460983899587205,-7.530255999714499],[-35.461841100086616,-7.530616099953029],[-35.462476800264085,-7.530749300339899],[-35.463145099966326,-7.530770900256802],[-35.46366089983066,-7.530655699800653],[-35.465004799931535,-7.53011560025471],[-35.46528809986586,-7.530122800226972],[-35.46572400036225,-7.53025239972833],[-35.466188900397384,-7.530245199756107],[-35.46651580036387,-7.530266799673034],[-35.46683550035796,-7.530418099815376],[-35.467060699591585,-7.530554900188468],[-35.46736880012997,-7.5305714000500155],[-35.46759949961717,-7.530555400211451],[-35.46774700012385,-7.530524799879526],[-35.46784889960695,-7.530485000382447],[-35.46796560013227,-7.5304051999400015],[-35.46806620009493,-7.530313399843468],[-35.46820429998842,-7.530169900420453],[-35.46834249970657,-7.5299797001029765],[-35.46844969979378,-7.5297669996472445],[-35.46847660031481,-7.529676599795239],[-35.4684967001625,-7.52956359998011],[-35.468496700162504,-7.529426599957538],[-35.46847520007037,-7.529309599957975],[-35.46844170032409,-7.52921789968626],[-35.468338399697316,-7.529066300069651],[-35.468220399651614,-7.528902799724387],[-35.46815600009924,-7.52877780025522],[-35.468123899698185,-7.528658200315592],[-35.46811580040377,-7.528553100145423],[-35.46812649963823,-7.528425499836837],[-35.46817480042661,-7.528258000206476],[-35.46826060024649,-7.528067899713728],[-35.468448400273395,-7.527787300443447],[-35.469098799869656,-7.526690499866563],[-35.46964329979835,-7.525613499663237],[-35.469766700272956,-7.525445099811429],[-35.469837799774595,-7.52538080008381],[-35.46992630025849,-7.525310400254701],[-35.470002700364226,-7.525263800084201],[-35.47017570024826,-7.525182700121483],[-35.47049759998417,-7.525067100366361],[-35.47073899960507,-7.524988600343573],[-35.470885199692205,-7.524966000380535],[-35.47100049997303,-7.524958000011622],[-35.47112789973274,-7.524966000380539],[-35.471286200197916,-7.524996599813121],[-35.471437699989785,-7.525055099812977],[-35.47165179979062,-7.525182299923125],[-35.47222759972391,-7.52551379992187],[-35.4724046996171,-7.525629500401053],[-35.47264610013729,-7.525761099994678],[-35.47283919986917,-7.525835500008243],[-35.47311539965586,-7.525888700303279],[-35.473257599558465,-7.525896699772781],[-35.47342660015742,-7.525898000192523],[-35.473903999869634,-7.52588870030326],[-35.47410650021476,-7.525822199934521],[-35.47425669958694,-7.525742500216127],[-35.47437340011225,-7.525645400414798],[-35.4746938996037,-7.525324999848772],[-35.474952800031595,-7.525045799923701],[-35.47532690001636,-7.524701400049525],[-35.47553479989109,-7.5245073002716145],[-35.47583919971919,-7.524266700148039],[-35.47611950041455,-7.524064600001227],[-35.47635019990181,-7.523851799720642],[-35.47645749981367,-7.523741499670459],[-35.476523199785774,-7.523656400422502],[-35.476583500228244,-7.523576599980015],[-35.47665189996519,-7.523459599980487],[-35.476740500273785,-7.523274800091877],[-35.47682089966474,-7.523059399871367],[-35.47699660021287,-7.522506299725881],[-35.477207199852316,-7.521784400429649],[-35.47746599955621,-7.52088960017487],[-35.47754110014157,-7.520567800263724],[-35.47762020001215,-7.5202820002140385],[-35.47771540044532,-7.519904400067961],[-35.4777757998133,-7.519690300267047],[-35.47782809988683,-7.519508200143259],[-35.47786829958229,-7.519380500010019],[-35.477939200333715,-7.51925139963235],[-35.478010500384265,-7.519117299923341],[-35.478258900327944,-7.518761699892436],[-35.47854559969957,-7.518432500359534],[-35.47905120035255,-7.517871499669912],[-35.47917860011223,-7.517749100140795],[-35.479291199729026,-7.5176587002887665],[-35.479397200120644,-7.517596200104462],[-35.47956479957573,-7.517524400030931],[-35.479952400183095,-7.517384800068427],[-35.48043120013971,-7.517230599612428],[-35.480551899950136,-7.517213300253562],[-35.4806712004155,-7.5172185999583645],[-35.480738299732714,-7.517241199921402],[-35.480822800032115,-7.51727450001812],[-35.48100779957025,-7.517384800068426],[-35.48111510038155,-7.517450000017387],[-35.48126000004889,-7.517513799722061],[-35.4814221999745,-7.517562999832511],[-35.48166769960456,-7.517614799883079],[-35.48200159989389,-7.5176840000164855],[-35.482159900359036,-7.517706599979503],[-35.482240299749954,-7.517706599979481],[-35.48238110030742,-7.517678700311694],[-35.48246160042247,-7.517638800090477],[-35.482511199831904,-7.517598899869296],[-35.482558200200685,-7.517544400053907],[-35.48259439971169,-7.517475199920456],[-35.48262249992832,-7.517368900054614],[-35.48263730007126,-7.517283799907343],[-35.48263859959165,-7.5171494996496255],[-35.48257289961956,-7.516628300255823],[-35.48256890033441,-7.51649929970282],[-35.48258499999764,-7.51641559980006],[-35.482605099845415,-7.5163556995558265],[-35.48264130025568,-7.516285299726698],[-35.482914900102486,-7.516007400221263],[-35.483149599774094,-7.515792000000751],[-35.48323140030881,-7.515693599779756],[-35.48326089987055,-7.515617800421144],[-35.48328099971832,-7.515543400407565],[-35.483294399616796,-7.515458300260275],[-35.4832864001472,-7.515383800421965],[-35.48325820010577,-7.515285400201003],[-35.48320590003215,-7.515167099781736],[-35.48305440024036,-7.514909099575203],[-35.48268690038004,-7.514265599577682],[-35.48246699995205,-7.5138854003908495],[-35.48234089971268,-7.513602200281313],[-35.48223629956554,-7.513300299669052],[-35.48208069976442,-7.512803099583263],[-35.48200290031348,-7.512530499782676],[-35.48194390029072,-7.51232180041068],[-35.481882199603724,-7.5120572000796075],[-35.48184199990833,-7.511835099909835],[-35.4818152001113,-7.511664899615355],[-35.48176149979328,-7.511280700244056],[-35.48173469999634,-7.510962899618061],[-35.481698499586045,-7.510619899988353],[-35.48166900002425,-7.51035259989248],[-35.48162480014434,-7.510065399598444],[-35.48157650025522,-7.509749000116187],[-35.48149869990503,-7.509295599712123],[-35.48148660042621,-7.509125400316887],[-35.4814960001402,-7.509018999726972],[-35.48150940003873,-7.5089393000086],[-35.48154160026458,-7.508871500119599],[-35.481607300236604,-7.5087997000461],[-35.481687800351686,-7.508746499751079],[-35.48184869985754,-7.508662700023538],[-35.48197609961724,-7.50860019983932],[-35.4824469001043,-7.508354200186116],[-35.482575600283624,-7.508273100223275],[-35.4826440000205,-7.5082159995686935],[-35.48269089966527,-7.508160100408221],[-35.48273790003399,-7.508085700394698],[-35.48277539996468,-7.507991300358153],[-35.48283039980299,-7.50782110006365],[-35.482924299816524,-7.507513899746597],[-35.48297259970564,-7.507330400277682],[-35.48303559991297,-7.507125700190847],[-35.48310799983422,-7.506903600021017],[-35.48327300024871,-7.506548599837946],[-35.48346209979601,-7.506206899728531],[-35.483739699827225,-7.505742899914876],[-35.48397169973406,-7.505401199805431],[-35.484087000014945,-7.505234999695449],[-35.48422249996833,-7.505059499696152],[-35.48431370021707,-7.504965099659568],[-35.48448799962144,-7.504828099637055],[-35.48466100040479,-7.504693800278622],[-35.48483400028881,-7.504583500228281],[-35.485184000241354,-7.504393299910773],[-35.4861495996243,-7.503898699765184],[-35.48694630003166,-7.503487900246326],[-35.487449200020556,-7.503217900385728],[-35.487583299729465,-7.503162100150698],[-35.48767309973375,-7.503140799708087],[-35.48779119960408,-7.5031302002984175],[-35.48808890038236,-7.5031302002984335],[-35.48819389982853,-7.503136199675835],[-35.488391999790856,-7.503147499657367],[-35.4885783995734,-7.503138199768007],[-35.488800999766276,-7.503103600150985],[-35.488916300047144,-7.503074300238727],[-35.48921540017056,-7.50296800037281],[-35.48931729965363,-7.502918800262351],[-35.48942599981001,-7.502861599782926],[-35.4897477997211,-7.50265150016654],[-35.489863199826694,-7.502587699562628],[-35.489954400075455,-7.502563800079234],[-35.49004820026421,-7.502555799710378],[-35.490138100093134,-7.5025650995995585],[-35.490325800295416,-7.502610300424946],[-35.490529699985636,-7.502679399834403],[-35.49061549980537,-7.502700700277014],[-35.49070939981889,-7.502707400226309],[-35.49083809999823,-7.5026967000925575],[-35.491067499965034,-7.50262890020355],[-35.49140410001914,-7.502493300425378],[-35.491791699727074,-7.502309800057136],[-35.491966000030835,-7.502203400366585],[-35.492155099578156,-7.50207310029323],[-35.49229459971592,-7.501950799689583],[-35.492466200254924,-7.50174210031764],[-35.492529300286904,-7.501635699727704],[-35.492607099737825,-7.501465500332529],[-35.492661999751384,-7.501270000310212],[-35.49269829998648,-7.5010638999789245],[-35.492731799732695,-7.50085919989207],[-35.49275060006006,-7.500739500127778],[-35.49281089960326,-7.500526799672009],[-35.49287930023941,-7.50037520005538],[-35.49295980035445,-7.500263499760585],[-35.493054999888244,-7.500151800365204],[-35.49315419960658,-7.500085299996531],[-35.49330179993804,-7.4999989003289],[-35.493388900177514,-7.499964299812513],[-35.49355520011233,-7.4999283997758015],[-35.49371620034226,-7.499916499946508],[-35.494015199741625,-7.499937800389159],[-35.494689512771856,-7.500084632886376],[-35.496068055192,-7.500002156673967],[-35.49682863032036,-7.500143544457018],[-35.497292105789285,-7.500190673707891],[-35.498504272400076,-7.499825421880548],[-35.498872675977886,-7.4995190814018375],[-35.49893209590982,-7.49915382901085],[-35.4990152838145,-7.498871052755658],[-35.499217311582946,-7.498576493961255]]}},{"type":"Feature","properties":{"fid":478,"CODIGO_SRE":"483EPE0010","UF":"PE","RODOVIA":"483","LOCAL_INIC":"Entr. BR-232","LOCAL_FIM":"Umãs","KM_INICIAL":0,"KM_FINAL":13.22,"EXTENSAO":13.22,"SITUACAO":"PAV","DESC_SITUA":"PAVIMENTADA","TIPO_REVES":"TSD","DESC_REVES":"TRATAMENTO SUPERFICIAL DUPLO","IDENTIFICA":"Eixo Principal","OBSERVACAO":"59","EXTENSAO_1":13.22,"REGISTRO":"M59","STATUS_FED":"20.084.112,65","CONCT_ROD":"PE483","COD":"M59","Fase (Obra":"O","STATUS":"EM ANDAMENTO","ROD.":"PE483","DRO":"6","CUSTO OBRA":"20084112.649999999","CUSTO TOTA":"20.888.560,18"},"geometry":{"type":"LineString","coordinates":[[-39.269180578599915,-8.069758814310205],[-39.26927940042394,-8.07024879974225],[-39.269587634374545,-8.071501336129428],[-39.269792100325105,-8.072332199771127],[-39.26981930032042,-8.072447400227313],[-39.26985049960082,-8.07257899982096],[-39.26988340039851,-8.072718199585179],[-39.26990760025548,-8.072820299617055],[-39.269924699964854,-8.072892599713652],[-39.26994600040755,-8.07298299956571],[-39.269972800204535,-8.073096000280165],[-39.270007299996834,-8.073242200367174],[-39.27004350040713,-8.073395200228292],[-39.270081799835125,-8.073556999955523],[-39.27085120042249,-8.076696199569904],[-39.27153650000936,-8.079499300052559],[-39.27256459957658,-8.083685100087257],[-39.27344239994672,-8.087261300068887],[-39.27384980002815,-8.08892120035305],[-39.27479380039351,-8.092804300278164],[-39.27515720024458,-8.094279999622247],[-39.275590200427324,-8.096049399560126],[-39.275670300343975,-8.096379299664852],[-39.27771880038227,-8.104796700407311],[-39.2778379002988,-8.105287599842798],[-39.27793700019235,-8.105628000431812],[-39.278327400389166,-8.106817500427265],[-39.279236099666214,-8.109466100080368],[-39.279902699649796,-8.111250300161208],[-39.28125290040098,-8.114980000026934],[-39.28176489973032,-8.116243099639306],[-39.28231129992648,-8.117443799791461],[-39.282972100182235,-8.118655899749916],[-39.283914800127896,-8.120449399719961],[-39.284570199954715,-8.12173100018548],[-39.285587100264415,-8.123764399707216],[-39.28592399979272,-8.124454499875256],[-39.286069600031944,-8.12477290034902],[-39.28619709961638,-8.125107299762005],[-39.28630019969442,-8.125455799645398],[-39.2867168996651,-8.127207900224365],[-39.28732849981035,-8.129673299882803],[-39.28827539958997,-8.133527400269287],[-39.2883612003091,-8.133871700318617],[-39.2884381004379,-8.134274199994278],[-39.28851289975044,-8.134768800139941],[-39.28873139993411,-8.136697100390807],[-39.28906520039859,-8.139514500094034],[-39.289468600295606,-8.142802200261311],[-39.28971250003178,-8.144716099668239],[-39.28980230003603,-8.145414399854612],[-39.289939100409114,-8.146520299771929],[-39.2902314996839,-8.148945700283733],[-39.29047850028247,-8.1511166996759],[-39.29055739960428,-8.15175950000089],[-39.29090469979197,-8.154533400396046],[-39.29099320027588,-8.155331299599778],[-39.29104949963466,-8.155668500400862],[-39.2911072001371,-8.155863399676063],[-39.291147399832546,-8.155999100178308],[-39.291210499864604,-8.156154399605791],[-39.29137949956418,-8.15644379964158],[-39.29183609975616,-8.157108899556029],[-39.29247029986437,-8.157964000138422],[-39.293335800206975,-8.159131099820335],[-39.29391820026463,-8.159900700057197],[-39.295906999708215,-8.16253449956743],[-39.29743319958243,-8.164539000274582],[-39.29932149978732,-8.16708520042165],[-39.299812300297376,-8.167723700188583],[-39.30019050029129,-8.168229499591703],[-39.30048289956611,-8.1685985004204],[-39.30063020042333,-8.168782400087666],[-39.30134649964119,-8.16967639994585],[-39.30267690001884,-8.171264099958153],[-39.3042675003448,-8.173130599697323],[-39.305412799560955,-8.174500500097933],[-39.305866937278836,-8.175025953813272],[-39.30603240007515,-8.175217400062921],[-39.30674040034912,-8.176009899736995],[-39.306950999988565,-8.176246200201927],[-39.307555900184596,-8.176932499834912],[-39.307635171299374,-8.1770282039568],[-39.3076609354081,-8.177059308994462],[-39.30774499973184,-8.177160799930892],[-39.30781870007289,-8.17723510011971],[-39.30828410013104,-8.177758099956288],[-39.30867300025871,-8.178248000244984],[-39.3088580053412,-8.178469636696772],[-39.308853566675815,-8.1784643191683],[-39.30895330005474,-8.17858379990241],[-39.309519200250854,-8.17927280019945],[-39.30963189969235,-8.179406899908448],[-39.30975559964117,-8.17957140029985],[-39.30976159991784,-8.17957939976939],[-39.3098009002913,-8.179632600064357]]}},{"type":"Feature","properties":{"fid":127,"CODIGO_SRE":"054EPE0050","UF":"PE","RODOVIA":"054","LOCAL_INIC":"Apoti","LOCAL_FIM":"Entr. VPE-077","KM_INICIAL":12.66,"KM_FINAL":25.71,"EXTENSAO":13.05,"SITUACAO":"IMP","DESC_SITUA":"IMPLANTADA","TIPO_REVES":"RP","DESC_REVES":"REVESTIMENTO POLIÉDRICO","IDENTIFICA":"Eixo Principal","OBSERVACAO":"16","EXTENSAO_1":3.88,"REGISTRO":"M16","STATUS_FED":"10.150.981,04","CONCT_ROD":"PE054","COD":"M16","Fase (Obra":"O","STATUS":"EM ANDAMENTO","ROD.":"VPE077","DRO":"2","CUSTO OBRA":"10150981.039999999","CUSTO TOTA":"21.761.077,87"},"geometry":{"type":"LineString","coordinates":[[-35.38832796686632,-8.055912406980546],[-35.387543623765204,-8.054302717491161],[-35.386427093905574,-8.052741936921342],[-35.385851062549214,-8.051931870376979],[-35.38505735543158,-8.051114029971396],[-35.38419147992368,-8.050359872384053],[-35.383053100812134,-8.049525952869438],[-35.38295261635513,-8.049400004543756],[-35.38275865499257,-8.048795585237253],[-35.38207155453977,-8.04759752040084],[-35.381575354432314,-8.04647968764945],[-35.38020550077922,-8.044824639098902],[-35.3798407920535,-8.0444833088034],[-35.379240800591944,-8.044224683679179],[-35.37741151978381,-8.04308745012257],[-35.37651119480164,-8.042640759830915],[-35.37548387247334,-8.04218576355838],[-35.37462862557127,-8.041693616955344],[-35.37391719970519,-8.04098372342182],[-35.373401793566494,-8.039676183539786],[-35.372998197076946,-8.038883165741408],[-35.37250376971599,-8.038063557363694],[-35.372392963491016,-8.037720750677252],[-35.37170229415298,-8.03589904761424],[-35.37181418668196,-8.034868061918653],[-35.371747827545605,-8.034371350934327],[-35.371536442323674,-8.033884514621342],[-35.37123622003379,-8.033714523053872],[-35.37052743904774,-8.03345650644285],[-35.37029079421867,-8.033304223536872],[-35.37024508994351,-8.033241220475796],[-35.36966671131848,-8.03201537509668],[-35.368786231565224,-8.030294173077632],[-35.36820490003605,-8.029341100411356],[-35.36810830025782,-8.029204300038355],[-35.36803020347033,-8.02913814212634]]}},{"type":"Feature","properties":{"fid":32,"CODIGO_SRE":"077VPE0010","UF":"VPE","RODOVIA":"077","LOCAL_INIC":"Glória do Goitá","LOCAL_FIM":"Entr. PE-054 (P/ Apoti)","KM_INICIAL":0,"KM_FINAL":10.11,"EXTENSAO":10.11,"SITUACAO":"EOP","DESC_SITUA":"EM OBRA DE PAVIMENTAÇÃO","TIPO_REVES":"RP","DESC_REVES":"REVESTIMENTO POLIÉDRICO","IDENTIFICA":"Eixo Principal","OBSERVACAO":"16","EXTENSAO_1":10.11,"REGISTRO":"M16","STATUS_FED":"10.150.981,04","CONCT_ROD":"VPE077","COD":"M16","Fase (Obra":"O","STATUS":"EM ANDAMENTO","ROD.":"VPE077","DRO":"2","CUSTO OBRA":"10150981.039999999","CUSTO TOTA":"21.761.077,87"},"geometry":{"type":"LineString","coordinates":[[-35.2902708995353,-7.999907607392985],[-35.29067980154867,-8.000272453864104],[-35.29115102466507,-8.000708771564476],[-35.29150444200236,-8.001053462547768],[-35.292473067297195,-8.001721028629337],[-35.292795942395465,-8.0019130084175],[-35.29263014166932,-8.00231442070184],[-35.29337188175995,-8.002942718190372],[-35.29394782112445,-8.003427030837784],[-35.29407435325756,-8.00350556802385],[-35.29506043126039,-8.003710637343024],[-35.295370216827656,-8.003715000520028],[-35.29574108687297,-8.003649552864973],[-35.296229762697386,-8.003400851775762],[-35.296862423362924,-8.003152150686551],[-35.29758234756853,-8.002999439491422],[-35.298297908597135,-8.002964534075392],[-35.29879531077556,-8.002960170898389],[-35.299214175767915,-8.003012529022433],[-35.299637403937275,-8.00302125537644],[-35.30001263715959,-8.002947081367378],[-35.30028315413382,-8.00298634996041],[-35.30086127508682,-8.003187056102583],[-35.301450303982314,-8.003416122895274],[-35.302058967174354,-8.003660460807483],[-35.30274398596393,-8.003974609551749],[-35.30323702496535,-8.004162226162908],[-35.303511905116586,-8.004336753243058],[-35.303865322453866,-8.004559275270248],[-35.30422528455667,-8.00477525253193],[-35.304343090335784,-8.004847244952492],[-35.304825221394694,-8.005047951094662],[-35.3049495719393,-8.005113398749717],[-35.30528989974558,-8.005440637024995],[-35.30572185426895,-8.005966399853941],[-35.3059007445261,-8.006182377115623],[-35.306101450668265,-8.0063918096118],[-35.30629997522194,-8.006590334165468],[-35.30640687305853,-8.00669723200206],[-35.30648322865609,-8.006845580020185],[-35.30656612901917,-8.007079009989882],[-35.306614123966206,-8.007510964513248],[-35.30673411133381,-8.00824179666137],[-35.306799558988864,-8.008547219051628],[-35.30692609112197,-8.008896273211924],[-35.307139886795156,-8.009249690549224],[-35.307314413875304,-8.009507117992444],[-35.30760674673455,-8.009760182258658],[-35.30818268609904,-8.010083057356931],[-35.30900732655273,-8.010449564225244],[-35.30946546013812,-8.010676449429434],[-35.310277011060805,-8.011173851607856],[-35.31049516991099,-8.011348378688004],[-35.31099257208941,-8.011854507220434],[-35.311511790152856,-8.012295188097807],[-35.31184775478214,-8.01255697871803],[-35.31214008764139,-8.012740232152185],[-35.31263312664281,-8.012932211940347],[-35.312868738201004,-8.013067470427462],[-35.313405408972464,-8.013355440109708],[-35.314081701408035,-8.01377430510206],[-35.314587829940464,-8.014001190306253],[-35.31524666966802,-8.014289159988497],[-35.31552591299626,-8.01450295566168],[-35.316101852360745,-8.015113800442197],[-35.316581801831155,-8.015550118142567],[-35.31707920400957,-8.015759550638746],[-35.31779476503818,-8.016003888550953],[-35.31811764013646,-8.016143510215072],[-35.31834452534065,-8.016387848127279],[-35.318623768668886,-8.016640912393493],[-35.319051360015244,-8.016841618535663],[-35.31940041417555,-8.016937608429744],[-35.319906542707976,-8.016928882075737],[-35.319950174478016,-8.016937608429744],[-35.320412671240405,-8.017033598323827],[-35.32080535717074,-8.017304115298057],[-35.32140747559725,-8.017757885706441],[-35.32190487777567,-8.018124392574752],[-35.322384827246076,-8.018482173089055],[-35.322829871300456,-8.018761416417293],[-35.32329236806285,-8.018979575267478],[-35.32405156086149,-8.019119196931596],[-35.32490674355422,-8.019171555055639],[-35.32555249375077,-8.01913664963961],[-35.32591027426508,-8.01906683880755],[-35.32602371686717,-8.019040659745528],[-35.3261742464738,-8.019088654692569],[-35.32631604972642,-8.019173736644142],[-35.32639895008949,-8.019291542423241],[-35.32649493998357,-8.019481340622901],[-35.32670873565676,-8.01986966337623],[-35.32680472555084,-8.020004921863347],[-35.327007613281516,-8.020135817173458],[-35.32754428405297,-8.02032779696162],[-35.328382014037686,-8.020652853648395],[-35.328844510800074,-8.02083610708255],[-35.32902340105723,-8.020875375675583],[-35.329243741495915,-8.020892828383598],[-35.32964733536876,-8.020794656901014],[-35.3300465660646,-8.020816472786034],[-35.33045888629145,-8.020982273512175],[-35.33090611193433,-8.0211284399418],[-35.33203181160128,-8.021481857279099],[-35.3322848758675,-8.021569120819173],[-35.33251176107169,-8.021673837067262],[-35.33281282028495,-8.021874543209432],[-35.333174963976255,-8.022153786537668],[-35.33370727157071,-8.022494114343957],[-35.334117410209046,-8.02281698944223],[-35.334322479528225,-8.023035148292415],[-35.33444028530732,-8.023196585841552],[-35.3346497178035,-8.023414744691737],[-35.334972592901764,-8.023589271771884],[-35.33521911240248,-8.023739801378511],[-35.335716514580895,-8.02406703965379],[-35.33621391675932,-8.024418275402587],[-35.33644516514051,-8.02460152883674],[-35.33675495070777,-8.024898224872992],[-35.336877119663875,-8.02510765736917],[-35.337003651796984,-8.025417442936433],[-35.33716508934613,-8.025879939698827],[-35.337409427258336,-8.026490784479344],[-35.337505417152414,-8.026713306506535],[-35.3376014070465,-8.026900923117694],[-35.33781956589668,-8.027123445144882],[-35.33803336156986,-8.027341603995067],[-35.3385438532793,-8.027655752739332],[-35.33988334861943,-8.028358224236928],[-35.34079961579021,-8.028811994645313],[-35.3411355804195,-8.028951616309431],[-35.34153699270384,-8.028964705840442],[-35.34199512628923,-8.028951616309431],[-35.34239653857357,-8.028864352769357],[-35.34278049814989,-8.02885562641535],[-35.343282263505316,-8.02893852677842],[-35.343705491674676,-8.02918722786763],[-35.344119993490025,-8.029379207655793],[-35.3446784801465,-8.029449018487853],[-35.345175882324924,-8.029488287080886],[-35.346480472249034,-8.029309396823734],[-35.34733565494176,-8.02913923292059],[-35.348073031855385,-8.028999611256472],[-35.34901984126519,-8.028859989592354],[-35.35064294311057,-8.028659283450184],[-35.35136723049319,-8.02857201991011],[-35.351969348919695,-8.02845421413101],[-35.35271108901033,-8.028323318820899],[-35.35341356050792,-8.028131339032736],[-35.353609903473085,-8.028131339032736],[-35.35419893236858,-8.028270960696855],[-35.35463961324596,-8.028349497882921],[-35.35553406453172,-8.028676736158198],[-35.35595292952408,-8.028781452406287],[-35.356328162746394,-8.028746546990257],[-35.35667721690669,-8.028755273344265],[-35.357034997420996,-8.028816357822317],[-35.357497494183384,-8.029113053858568],[-35.35817814979596,-8.029627908745006],[-35.35890243717858,-8.030177669047472],[-35.35924276498487,-8.030491817791738],[-35.35946965018906,-8.030744882057954],[-35.359591819145166,-8.030989219970161],[-35.35970526174726,-8.031216105174353],[-35.36021139027969,-8.031320821422442],[-35.360787329644175,-8.031399358608509],[-35.361485437964774,-8.031333910953453],[-35.36170795999197,-8.031264100121394],[-35.3618650343641,-8.031089573041246],[-35.3619915664972,-8.030919409138102],[-35.36207446686027,-8.03083432718653],[-35.36247260676185,-8.030684888374154],[-35.36275839485559,-8.03068052519715],[-35.36322961797199,-8.030693614728161],[-35.36396045012011,-8.030708885847675],[-35.36428768839539,-8.03070452267067],[-35.364635651761446,-8.030561628623799],[-35.36510360249508,-8.030331471036853],[-35.365521376693195,-8.030107858215414],[-35.36627184313783,-8.029828614887178],[-35.36733645832673,-8.029414113071827],[-35.36778150238111,-8.029243949168682],[-35.367964755815265,-8.029161048805612],[-35.36803020347033,-8.02913814212634]]}},{"type":"Feature","properties":{"fid":42,"CODIGO_SRE":"062APE0032","UF":"APE","RODOVIA":"062","LOCAL_INIC":"Entr. PE-062 (Aliança)","LOCAL_FIM":"Caueiras","KM_INICIAL":6.61,"KM_FINAL":9.41,"EXTENSAO":2.8,"SITUACAO":"PAV","DESC_SITUA":"PAVIMENTADA","TIPO_REVES":"TSD","DESC_REVES":"TRATAMENTO SUPERFICIAL DUPLO","IDENTIFICA":"Acesso","OBSERVACAO":"105","EXTENSAO_1":2.8,"REGISTRO":"M105","STATUS_FED":"3.467.041,11","CONCT_ROD":"APE062","COD":"M105","Fase (Obra":"O","STATUS":"EM ANDAMENTO","ROD.":"APE062","DRO":"2","CUSTO OBRA":"3467041.11","CUSTO TOTA":"4.132.802,85"},"geometry":{"type":"LineString","coordinates":[[-35.23054973392514,-7.597354260132293],[-35.23084594504003,-7.597005776467715],[-35.23098533850586,-7.596831534635426],[-35.23161696514791,-7.596452558650197],[-35.23267984032489,-7.595912408970101],[-35.233315823012745,-7.5955726373971375],[-35.233655594585706,-7.595041199808656],[-35.23378627595992,-7.594440065487259],[-35.23371657922701,-7.593899915807163],[-35.23355104948634,-7.593054842920561],[-35.23335938347081,-7.59228817885849],[-35.2329237788901,-7.5915302268880325],[-35.23227037201901,-7.590720002367887],[-35.231887039987974,-7.5899968987638875],[-35.23170408606407,-7.589448036992177],[-35.231582116781475,-7.5888556147623945],[-35.23157340468986,-7.588245768349383],[-35.231721510247304,-7.587531376836998],[-35.231956736720896,-7.586904106240757],[-35.23213969064479,-7.586485925843264],[-35.232749537057806,-7.585797670605722],[-35.233289686737905,-7.585344641841771],[-35.23373400341024,-7.584978733993964],[-35.23398665406706,-7.584577977779699],[-35.23416089589935,-7.584124949015748],[-35.23432642564002,-7.583462830053049],[-35.234570364205226,-7.582905256189724],[-35.234883999503346,-7.582338970234785],[-35.23525861944277,-7.581816244737918],[-35.235598391015735,-7.581415488523652],[-35.23599043513838,-7.581049580675846],[-35.23649138040621,-7.580727233286111],[-35.236896492666276,-7.580483294720906],[-35.23724933237667,-7.580204507789244],[-35.23752811930834,-7.5796556460175335],[-35.23776334578193,-7.578984814963221],[-35.2378678908813,-7.578331408092137],[-35.23794629970583,-7.577904515603029],[-35.23816410199619,-7.577163987815801],[-35.238347055920094,-7.576571565586018]]}},{"type":"Feature","properties":{"fid":241,"CODIGO_SRE":"043APE0003","UF":"APE","RODOVIA":"043","LOCAL_INIC":"Entr. PE-044","LOCAL_FIM":"Unidades prisionais / Canaã","KM_INICIAL":2.76,"KM_FINAL":6.6,"EXTENSAO":1.933432520615187,"SITUACAO":"LEN","DESC_SITUA":"LEITO NATURAL","TIPO_REVES":"TERRA","DESC_REVES":"SEM REVESTIMENTO","IDENTIFICA":"Acesso","OBSERVACAO":"46","EXTENSAO_1":14.78,"REGISTRO":"M46","STATUS_FED":"19.948.207,74","CONCT_ROD":"PE043","COD":"M46","Fase (Obra":"O","STATUS":"EM ANDAMENTO","ROD.":"PE043","DRO":"1","CUSTO OBRA":"19948207.739999998","CUSTO TOTA":"21.123.673,98"},"geometry":{"type":"MultiLineString","coordinates":[[[-35.076294459861174,-7.7573542320329825],[-35.07634788489316,-7.75730861172459],[-35.07674743329839,-7.757005275206362],[-35.07712657889151,-7.756696067793348],[-35.077578229297856,-7.756386506127316],[-35.07794853238244,-7.756122540897637],[-35.078436877965885,-7.7559031982766085],[-35.078888792729515,-7.755647873687648],[-35.07911319587965,-7.7552038229627005],[-35.07928295347439,-7.754705799958402],[-35.07958017168512,-7.7543246725923085],[-35.07988640809716,-7.7539344611989085],[-35.08026528200985,-7.753571014321861],[-35.080635491956535,-7.753288968500492],[-35.08104208698501,-7.753033864202799],[-35.081539845450145,-7.752886792269981],[-35.08211046358138,-7.752811682378807],[-35.0826357659744,-7.75273679350234],[-35.082969720972585,-7.752454923622955],[-35.08327613059236,-7.752100869517532],[-35.08338279705807,-7.751675474040661],[-35.08346196304475,-7.7511869341517095],[-35.083731674724646,-7.750742661045357],[-35.0840927276189,-7.750442578526311],[-35.084271719318416,-7.749980669681831],[-35.08443267372504,-7.749536928861719],[-35.084648094731534,-7.749111001136351],[-35.084836326486915,-7.748685206516092],[-35.084951965327555,-7.748241687590946],[-35.085015139123605,-7.74818713919734],[-35.08681546083347,-7.74752745286192],[-35.08709471978598,-7.74718257056198],[-35.08749184070987,-7.7468461504417],[-35.08780712763885,-7.746455892180976],[-35.08798486044837,-7.746074324552791],[-35.08802236591227,-7.745993805536958],[-35.0879745576041,-7.74548780899369],[-35.08790862382921,-7.7449819012296945],[-35.08806010994818,-7.744456848301932],[-35.088257399899945,-7.744031009134741],[-35.088427456500284,-7.74359626360613],[-35.08859733472825,-7.743125359629617],[-35.08872207674405,-7.742690836226134],[-35.088883114373445,-7.742265174790057],[-35.08907116203408,-7.74180322165708],[-35.089250280216156,-7.741368431801343],[-35.08948390839329,-7.740960494259398],[-35.08972659895707,-7.740552512275768],[-35.090115139585436,-7.740315571943989],[-35.09054948358066,-7.740177844835811],[-35.09044264637901,-7.740567081208922],[-35.09021817125923,-7.740993053756082],[-35.090111779260454,-7.741472686249653],[-35.09036745325296,-7.741860144943045],[-35.09060504674248,-7.742256731866281],[-35.090335435594724,-7.742719085347564],[-35.09015667496632,-7.743226192346489],[-35.09030422054229,-7.743740738661557],[-35.09053297556305,-7.744182567808688],[-35.09077057106836,-7.744579154210565],[-35.090990219749024,-7.745011987717658],[-35.09142635172865,-7.745235842495944],[-35.09191628123259,-7.745341914952447],[-35.09181886513379,-7.745803423864186],[-35.09226370411173,-7.74595491619013],[-35.09253759854498,-7.746360362414444],[-35.09300868930914,-7.746321888797517],[-35.093488262221136,-7.7461658555182185],[-35.09392252036197,-7.7460100445276305],[-35.09437481444328,-7.745836064904767],[-35.0945541952063,-7.745455511376122],[-35.0942083332713,-7.745158898170761],[-35.09411752624774,-7.745123185306699]],[[-35.07764961234845,-7.761200623379123],[-35.07771721403839,-7.761209087753063],[-35.07790115343326,-7.761239349057427],[-35.0782726144781,-7.761210413905359],[-35.07876185347851,-7.761171862758456],[-35.07921457256285,-7.761079250375299],[-35.07971265207489,-7.760995455576782],[-35.080183185832674,-7.760839476005954],[-35.08065398590214,-7.760737733932884],[-35.08101549302061,-7.7605280478432235],[-35.0814491942702,-7.760254729091838],[-35.08191119674245,-7.76020726812403],[-35.08240092263884,-7.760268149273478],[-35.082854351106654,-7.76032016775107],[-35.082990388546236,-7.76033758112246]],[[-35.048746099552815,-7.745398300091429],[-35.049662426764435,-7.74517648397592],[-35.051341915940796,-7.745359748857996],[-35.05441128526939,-7.745344959208346],[-35.05554543030556,-7.745274869814946],[-35.05595418891675,-7.745462737788763],[-35.05637196701709,-7.745641521727133],[-35.05680787151777,-7.74582021764918],[-35.05725292711673,-7.74601694885046],[-35.057680076338066,-7.746258965993806],[-35.0581071820705,-7.746491942787708],[-35.058561433513766,-7.746715747844603],[-35.059052069426606,-7.746966496401916],[-35.05954274974585,-7.74722628401978],[-35.06004244969741,-7.747476987297841],[-35.060367998961986,-7.747640676930212],[-35.06048763972572,-7.7477008335785715],[-35.06054222599946,-7.747728329225113],[-35.06089648983938,-7.747906775142735],[-35.06134163661633,-7.748121580517491],[-35.06184107432712,-7.748318042508124],[-35.06225881252291,-7.748487779487254],[-35.06271280334241,-7.7486573403769325],[-35.06310361686832,-7.748881446603181],[-35.0633954851329,-7.749259711333215],[-35.063750531491756,-7.749583429706865],[-35.06414152249331,-7.74984369361799],[-35.06453264609823,-7.7501310762957125],[-35.0649514883821,-7.750526803596017],[-35.065432098243996,-7.750578712133601],[-35.06571154846504,-7.750505178665225],[-35.065957097758194,-7.750440565596547],[-35.06648196446717,-7.750275299279289],[-35.06697933253566,-7.750046886248097],[-35.06745857376153,-7.749818560785793],[-35.06792950145586,-7.749743954384773],[-35.06844587668523,-7.749696246569348],[-35.06890827049621,-7.7497301599149875],[-35.06928162315467,-7.75008994327457],[-35.069762894299124,-7.7502774427386445],[-35.0703251149854,-7.75033798886298],[-35.07080435369516,-7.7501096600236],[-35.07132952596806,-7.7500076663210775],[-35.07168488690674,-7.750394654272811],[-35.07183228390773,-7.7508820929959965],[-35.07203414843071,-7.751387346318951],[-35.07223614626965,-7.751919718528179],[-35.072329254611816,-7.7524255008775445],[-35.07217774727037,-7.752950553952312],[-35.072080353143875,-7.753421104074693],[-35.07216457593585,-7.753963089341314],[-35.07254686569337,-7.7542957048082775],[-35.07279022441615,-7.7544558175544624],[-35.073010591705405,-7.754600803315346],[-35.073383465269494,-7.754861144252975],[-35.0737566049538,-7.755175722919869],[-35.07413885263794,-7.755499296623186],[-35.074511949092894,-7.755804834629007],[-35.07488513468653,-7.756128451540541],[-35.075276447208516,-7.756451979550715],[-35.07564048204992,-7.756757560324917],[-35.07598643534008,-7.757072268783398],[-35.07635971180017,-7.757413963150158],[-35.07662458522814,-7.7578285054159695],[-35.07677181486514,-7.758279781367136],[-35.07681939378488,-7.758740583670319],[-35.076858042823545,-7.759228549221568],[-35.0769600460888,-7.759698125541791],[-35.077197909809584,-7.760148958370927],[-35.07742657768246,-7.760572716182562],[-35.07759474211915,-7.760966649142447],[-35.07761912620464,-7.761023769899399],[-35.07770309347477,-7.761511513583994],[-35.07756958643111,-7.762009359867562],[-35.07730897091052,-7.7624626278510815],[-35.07704839931705,-7.7629249354879795],[-35.07687854932941,-7.763404879639588],[-35.076826566899506,-7.76389328780935],[-35.076810926704525,-7.764399598198493],[-35.07691293269545,-7.764869174107568],[-35.077141426475166,-7.765256772693383],[-35.07746992881762,-7.765707161357912],[-35.077753203874394,-7.766175850500057],[-35.0779007954054,-7.7666994421517],[-35.07800320377587,-7.767250374289373],[-35.078060251068194,-7.767792488318856],[-35.078062695863004,-7.768289669976716],[-35.07785306147929,-7.7686469371160385],[-35.07780203441822,-7.768733899354759],[-35.0775322201657,-7.769160093700394],[-35.077507252156806,-7.769612210144407],[-35.07769052170161,-7.770018108533165],[-35.077973667738235,-7.770459677612813],[-35.07826574450625,-7.770874082991298],[-35.078603094861116,-7.771279226528664],[-35.078904058448146,-7.77165742813257],[-35.07920537859695,-7.772107946639769],[-35.079524692955,-7.7725312570036715],[-35.07985293796643,-7.772927403587472],[-35.08015385947984,-7.773296564018478],[-35.08049130287423,-7.773719784320794],[-35.08061272232158,-7.773848262325077],[-35.08087397557479,-7.774124702730138],[-35.08127455332024,-7.774484333487733],[-35.0816840170053,-7.77480776065963],[-35.082129378849096,-7.775058692301293],[-35.08249334752721,-7.775346182122696],[-35.082794763706325,-7.775814775569097],[-35.08290584567572,-7.776284302830923],[-35.08304465406125,-7.776862172127579],[-35.08310153377998,-7.777368124660746],[-35.083067599304684,-7.77783836358439],[-35.08298156610681,-7.778136542270091],[-35.08291610560736,-7.778363418787209],[-35.08268308366107,-7.778897914117256],[-35.08265830190831,-7.779386187905545],[-35.082805551081734,-7.77983745764366],[-35.08295280068521,-7.780288727238376],[-35.08319943858711,-7.780676229604124],[-35.08337405868398,-7.781163523812475],[-35.083250381335525,-7.781815000527115],[-35.083324498022044,-7.782140071023225],[-35.08342656503122,-7.782618681580092],[-35.08351019240244,-7.78303410371276],[-35.08360301773956,-7.783476600121728],[-35.08356904049341,-7.7839377993135574],[-35.08344438123551,-7.784390404315155],[-35.08328333284291,-7.784816068620356],[-35.083240336422016,-7.7852863520526245],[-35.08319720989309,-7.786262341267255],[-35.0833182687611,-7.786494946554352],[-35.083631355727256,-7.786762484727504],[-35.083790192489154,-7.787037636432912],[-35.08409457010251,-7.787974692578617],[-35.08414161518501,-7.7881053614487055]],[[-35.060367998961986,-7.747640676930211],[-35.060367998961986,-7.747640676930212],[-35.0603087453273,-7.747721503893994],[-35.06006325678258,-7.748028326108624],[-35.059775434981546,-7.748481717815509],[-35.059560293374425,-7.748970917950561],[-35.059426411949865,-7.749396445143253],[-35.059274579858055,-7.749858219147442],[-35.059086275233646,-7.750274969582717],[-35.05877095426284,-7.750665214246416],[-35.058373405228174,-7.750920256402253],[-35.057957377913354,-7.751103067620017],[-35.05753263830005,-7.7513582406565815],[-35.057117180837885,-7.751658568572795],[-35.05669222052086,-7.751868542063983],[-35.056267040231646,-7.75203331624821],[-35.0557788997695,-7.752297834299338],[-35.055417950824435,-7.752625017881124],[-35.055175349801324,-7.753060110061516],[-35.05510525709977,-7.753557649389644],[-35.05499869198029,-7.7540101647734],[-35.05477430432174,-7.75446324909792],[-35.05456799895619,-7.754907206095124],[-35.054498169028285,-7.755458984391097],[-35.054455177986604,-7.755938312965502],[-35.05435793877167,-7.756445023558127],[-35.0541699785171,-7.75693409219832],[-35.05392776958292,-7.757450542850716],[-35.05361274632928,-7.7579040648904005],[-35.05321566975671,-7.758258542681834],[-35.0527274325947,-7.758504979905751],[-35.05231152632867,-7.758714907584133],[-35.05184150234096,-7.75897933623254],[-35.05142572649478,-7.7592163827446],[-35.05102855895944,-7.75955277962369],[-35.050785863017985,-7.759969791734916],[-35.0505161516961,-7.760423094247596],[-35.05022831302337,-7.760876484132793],[-35.04988578650626,-7.761266857339839],[-35.04950643614038,-7.7615398873650605],[-35.04910028904606,-7.761894406736167],[-35.04882129251684,-7.762302553430504],[-35.048605783628275,-7.762719434182332],[-35.04842652833883,-7.7631361402299195],[-35.048320043487735,-7.763606735924082],[-35.04821342716002,-7.764050212126823],[-35.048125069129185,-7.764520720518503],[-35.04802755992341,-7.764973192931029],[-35.04791187976232,-7.765416712880391],[-35.04781450173519,-7.7658963048608465],[-35.04770792868728,-7.766348821021763],[-35.04761965784151,-7.766837409215004],[-35.047531211759264,-7.7672898380668345],[-35.04757723038228,-7.767434257127745]]]}},{"type":"Feature","properties":{"fid":167,"CODIGO_SRE":"092VPE0010","UF":"VPE","RODOVIA":"092","LOCAL_INIC":"Entr. PE-074","LOCAL_FIM":"Borracha / Entr. PE-089 (Bizarra)","KM_INICIAL":0,"KM_FINAL":20.94,"EXTENSAO":20.936111713789398,"SITUACAO":"EOP","DESC_SITUA":"EM OBRA DE PAVIMENTAÇÃO","TIPO_REVES":"RP","DESC_REVES":"REVESTIMENTO POLIÉDRICO","IDENTIFICA":"Eixo Principal","OBSERVACAO":"25","EXTENSAO_1":20.94,"REGISTRO":"M25","STATUS_FED":"42.202.406,73","CONCT_ROD":"VPE092","COD":"M25","Fase (Obra":"O","STATUS":"EM ANDAMENTO","ROD.":"VPE092","DRO":"2","CUSTO OBRA":"42202406.730000004","CUSTO TOTA":"60.690.215,79"},"geometry":{"type":"MultiLineString","coordinates":[[[-35.48129695104792,-7.739950958203745],[-35.48109882411543,-7.740027127416936],[-35.48085007492191,-7.7401182721596005],[-35.4805386637178,-7.740249292727181],[-35.48039055351097,-7.740311954737763],[-35.48020446632803,-7.74034233631865],[-35.47992913325123,-7.740275876610458],[-35.47967578814668,-7.740189126089554],[-35.47934427380361,-7.740136781719596],[-35.479204688817056,-7.7399797486097235],[-35.47918724069374,-7.739761647068233],[-35.47905637976884,-7.739587165835041],[-35.47877720979574,-7.739351616170231],[-35.478428247329354,-7.739150962752061],[-35.47822323188035,-7.739020101827166],[-35.478048750647154,-7.7388979649639325],[-35.47774340848907,-7.7388630687172935],[-35.47752094491675,-7.738893602933103],[-35.47709346589543,-7.738806362316506],[-35.47678812373734,-7.738767104039038],[-35.47656129813419,-7.738762742008208],[-35.47645224736345,-7.738701673576591],[-35.47636500674685,-7.7385620885900375],[-35.47634755862353,-7.738422503603483],[-35.47635628268519,-7.7383003667402495],[-35.47647841954842,-7.738130247537887],[-35.47653512594921,-7.737933956150545],[-35.47656129813419,-7.737724578670715],[-35.47654385001087,-7.737497753067565],[-35.47646969548676,-7.737257841371926],[-35.47638245487016,-7.737118256385372],[-35.4762559559761,-7.737065912015415],[-35.47606838865042,-7.736996119522138],[-35.47589826944806,-7.736895792813052],[-35.47559292728997,-7.7367343976723495],[-35.47541844605678,-7.736625346901604],[-35.475300671224375,-7.736551192377498],[-35.47506512155957,-7.736559916439158],[-35.47476414143232,-7.736590450654967],[-35.47459838426078,-7.73653810628501],[-35.47441517896593,-7.736424693483435],[-35.47424069773274,-7.736346176928498],[-35.47401823416042,-7.736376711144307],[-35.47361692732407,-7.736503210038371],[-35.47343808406006,-7.736647157055755],[-35.47332030922765,-7.73696994733716],[-35.473276688919356,-7.737231669186948],[-35.473281050950185,-7.737602441807481],[-35.47325924079603,-7.737803095225653],[-35.47315891408695,-7.737986300520504],[-35.47300188097708,-7.738069179106271],[-35.47265291851069,-7.738213126123654],[-35.47244790306169,-7.738391969387676],[-35.47229523198265,-7.738544640466719],[-35.47216000902692,-7.738653691237464],[-35.47192882139294,-7.738666777329954],[-35.471719443913116,-7.7385577265592085],[-35.47153623861826,-7.738422503603484],[-35.47116546599773,-7.738339625017718],[-35.47070309072977,-7.738186953938675],[-35.47045009294164,-7.737995024582164],[-35.47035849029422,-7.737816181318141],[-35.47030614592426,-7.737598079776651],[-35.47022326733849,-7.737423598543459],[-35.47012730266024,-7.737349444019353],[-35.46980451237883,-7.737397426358481],[-35.46960385896066,-7.737445408697608],[-35.46940320554249,-7.737576269622503],[-35.46927234461759,-7.737781285071503],[-35.469163293846854,-7.737920870058057],[-35.46875762497968,-7.738291642678591],[-35.46843919672911,-7.738658053268295],[-35.46820800909512,-7.738954671364721],[-35.468059700046915,-7.739168410875381],[-35.46798118349197,-7.739251289461148],[-35.46782851241293,-7.739133514628743],[-35.46756679056315,-7.73896775745721],[-35.46716984575764,-7.738730026776986],[-35.46704334686357,-7.7385729936671135],[-35.466986640462785,-7.738383245326017],[-35.46699754553987,-7.7378663446726845],[-35.46699536452445,-7.7375653645454285],[-35.466977916401135,-7.737355987065598],[-35.46690594289244,-7.737170600755331],[-35.46676199587505,-7.737059368969171],[-35.466502455040676,-7.736974309367992],[-35.466223285067564,-7.736900154843885],[-35.466088062111844,-7.736812914227288],[-35.46600082149524,-7.736634070963267],[-35.46591794290948,-7.7363854352059676],[-35.465739099645454,-7.735988490400456],[-35.46558642856641,-7.735718044489008],[-35.46555153231977,-7.735425788423411],[-35.46549046388816,-7.735212048912751],[-35.46532034468579,-7.735011395494579],[-35.46519929833026,-7.73485218136929],[-35.46517094512987,-7.734538115149544],[-35.465186212237775,-7.734387625085916],[-35.465375960578875,-7.734016852465382],[-35.46559188110495,-7.733427978303359],[-35.46566167359822,-7.733236048946847],[-35.465635501413246,-7.73294379288125],[-35.46565294953656,-7.7325948304148655],[-35.46565294953656,-7.7321847995168635],[-35.465609329228265,-7.731744234403053],[-35.46553081267333,-7.73136909975169],[-35.46539122768677,-7.731007051192817],[-35.46523855660773,-7.730522865770708],[-35.46495938663462,-7.730003784101961],[-35.464780543370594,-7.729733338190513],[-35.464488287305,-7.72935820353915],[-35.46430508201015,-7.729148826059319],[-35.463929947358785,-7.728904552332851],[-35.46356353676908,-7.728586124082275],[-35.46330617695012,-7.728368022540785],[-35.46313605774776,-7.728176093184273],[-35.46306626525448,-7.727912190319071],[-35.462961576514566,-7.727628658315133],[-35.4629223182371,-7.7274912543439935],[-35.4629528524529,-7.7271706450780036],[-35.4629812056533,-7.726900199166556],[-35.462970300576224,-7.7267649762108315],[-35.4628786979288,-7.726583951931395],[-35.46256681272447,-7.726182645095053],[-35.46240759859919,-7.725920923245267],[-35.46225928955098,-7.725702821703776],[-35.46211970456442,-7.725563236717223],[-35.462065179179056,-7.725430194776913],[-35.46201719683992,-7.725257894559136],[-35.46196485246997,-7.724898027015677],[-35.46195394739289,-7.724708278674582],[-35.46198011957787,-7.724518530333485],[-35.4619844816087,-7.724378945346932],[-35.4618667067763,-7.72408014623509],[-35.46157663172612,-7.723755174938269],[-35.46134762510755,-7.723593779797566],[-35.46089833593208,-7.723386583333151],[-35.46073039774513,-7.72327971357782],[-35.4606235279898,-7.723170662807075],[-35.460451227772026,-7.72303543985135],[-35.46020695404555,-7.722902397911041],[-35.46012407545979,-7.7228587776027435],[-35.4597751129934,-7.722579607629636],[-35.459489399974046,-7.722322247810678],[-35.45921677304718,-7.722006000575517],[-35.459070645014386,-7.721879501681452],[-35.45889834479661,-7.721785718018611],[-35.45851230506816,-7.721619960847079],[-35.458276755403354,-7.721587245615856],[-35.458010671522736,-7.721547987338387],[-35.45785581942828,-7.721471651798866],[-35.457648622963866,-7.72127317939611],[-35.45737817705241,-7.721085612070428],[-35.457042300678516,-7.720978742315097],[-35.4568351042141,-7.720898044744746],[-35.45657556337973,-7.720717020465309],[-35.45640326316195,-7.7204771087696695],[-35.45630511746828,-7.720302627536478],[-35.45628766934497,-7.719966751162583],[-35.456261497159986,-7.719761735713583],[-35.456165532481734,-7.719552358233751],[-35.455868914385306,-7.719299360445623],[-35.4555897444122,-7.719050724688325],[-35.45541962520984,-7.718874062439717],[-35.45536728083988,-7.718686495114036],[-35.45537164287071,-7.71846621255713],[-35.45535419474739,-7.718289550308523],[-35.45529094530036,-7.718086715874937],[-35.45517753249879,-7.717951492919212],[-35.45501177532725,-7.717779192701435],[-35.45492235369524,-7.717628702637807],[-35.45490926760275,-7.717445497342955],[-35.45504230954306,-7.717209947678146],[-35.45520152366835,-7.716974398013337],[-35.45522769585333,-7.716813002872634],[-35.45513173117508,-7.716679960932325],[-35.45502704243516,-7.7166188925007075],[-35.45482202698616,-7.716640702654857],[-35.45457775325969,-7.716804278810975],[-35.45433347953322,-7.716943863797529],[-35.45400632722098,-7.7170245613678805],[-35.45365082170836,-7.717042009491199],[-35.4533934618894,-7.716985303090412],[-35.45306630957716,-7.71692205364338],[-35.45284820803567,-7.716712676163549],[-35.452660640709986,-7.716531651884113],[-35.452470892368886,-7.716296102219303],[-35.45233348839775,-7.715992941076632],[-35.45222007559618,-7.7157595724272365],[-35.45210448177919,-7.715473859407885],[-35.45201069811634,-7.715273205989713],[-35.45194526765389,-7.714980949924116],[-35.451860208052715,-7.714603634257338],[-35.45179041555944,-7.714352817484624],[-35.45172280408158,-7.714193603359336],[-35.45165737361913,-7.714091095634835],[-35.45181004469818,-7.71388389917042],[-35.45208267162504,-7.713641806459366],[-35.45223316168867,-7.713384446640408],[-35.452414185968095,-7.7131358108831085],[-35.452673726802466,-7.712808658570872],[-35.452765329449896,-7.712621091245191],[-35.45282203585069,-7.712433523919509],[-35.45285038905108,-7.71218925019304],[-35.45291363849811,-7.712019130990678],[-35.45299869809929,-7.711896994127443],[-35.45313392105501,-7.7117617711717195],[-35.45322552370244,-7.711412808705336],[-35.453258238933664,-7.7111990691946755],[-35.4530292323151,-7.710852287743706],[-35.45266718375622,-7.7105665747243535],[-35.4522833250432,-7.710444437861119],[-35.45188201820685,-7.710392093491162],[-35.45140655684641,-7.710274318658757],[-35.45108812859583,-7.710134733672204],[-35.45081332065355,-7.710008234778139],[-35.450250618676506,-7.709833753544947],[-35.44993219042593,-7.709846839637437],[-35.44933023017142,-7.710025682901459],[-35.44854070259123,-7.710025682901458],[-35.44787331187427,-7.710025682901458],[-35.44714049069486,-7.709890459945734],[-35.446617046995286,-7.7097116166817115],[-35.44629861874471,-7.709388826400306],[-35.44609796532654,-7.709057312057243],[-35.44596710440164,-7.708520782265176],[-35.44595401830916,-7.7079973385656],[-35.445997638617456,-7.707596031729258],[-35.446006362679114,-7.707408464403576],[-35.44570538255186,-7.707024605690553],[-35.445413126486265,-7.706601488700063],[-35.4450816121432,-7.7062001818637205],[-35.44481116623175,-7.705859943458996],[-35.44456253047446,-7.705502256930951],[-35.44446220376537,-7.705301603512781],[-35.44440113533375,-7.705044243693822],[-35.44428772253218,-7.7046603849808],[-35.44418739582309,-7.704503351870927],[-35.44399982849741,-7.704385577038522],[-35.44386896757251,-7.704341956730223],[-35.44362033181522,-7.704171837527861],[-35.44339350621207,-7.704027890510478],[-35.443109974208134,-7.703940649893882],[-35.442534186138595,-7.703687652105754],[-35.44208925899396,-7.703530618995881],[-35.4417010382501,-7.703447740410114],[-35.44128664532127,-7.703343051670199],[-35.44088970051576,-7.70330815542356],[-35.44039679103199,-7.703369223855177],[-35.43972940031503,-7.703430292286795],[-35.43926702504707,-7.70353061899588],[-35.4388177358716,-7.703600411489157],[-35.4385385658985,-7.7036658419516035],[-35.438128535000494,-7.7035175329033905],[-35.43772286613333,-7.703377947916836],[-35.4373826277286,-7.70329506933107],[-35.43712962994047,-7.7031423982520275],[-35.43674140919662,-7.702981003111325],[-35.4363575504836,-7.702915572648878],[-35.43599986395555,-7.702941744833856],[-35.43572069398245,-7.702906848587218],[-35.43537609354689,-7.702802159847303],[-35.435240870591166,-7.702754177508175],[-35.4349529765564,-7.702775987662323],[-35.43466944455246,-7.702837056093941],[-35.4345124114426,-7.702959192957176],[-35.43435537833272,-7.703120588097879],[-35.43402386398966,-7.703229638868624],[-35.43360510903,-7.70332124151605],[-35.433099113453736,-7.70332124151605],[-35.432811219418966,-7.70334741370103],[-35.43235320618183,-7.7035873253966685],[-35.43193445122217,-7.7037967028765],[-35.43152005829334,-7.703949373955543],[-35.431162371765296,-7.70401044238716],[-35.43079159914476,-7.7039232017705634],[-35.43056041151078,-7.7039232017705634],[-35.430179824320874,-7.703970093601984],[-35.43000316207227,-7.704000627817792],[-35.42985267200864,-7.704059515233995],[-35.42977415545371,-7.704142393819761],[-35.42961057929759,-7.7043037889604635],[-35.42940288704744,-7.704518440438456],[-35.429268177603554,-7.704489834714934],[-35.429186924288196,-7.7043648170857555],[-35.429310689678,-7.704086777926687],[-35.42939574927918,-7.70379015983026],[-35.42940229232543,-7.703476093610514],[-35.42925616429263,-7.702998451234653],[-35.429094769151924,-7.702605868459971],[-35.42874144465471,-7.702213285685288],[-35.42852770514405,-7.702016994297947],[-35.428152570492685,-7.701929753681351],[-35.42751571399154,-7.701855599157244],[-35.427022804507764,-7.701750910417328],[-35.42668256610304,-7.701646221677413],[-35.4263554137908,-7.701497912629199],[-35.426176570526785,-7.701441206228411],[-35.425954106954464,-7.701519722783348],[-35.425666212919694,-7.701790168694796],[-35.42521692374423,-7.702178389438649],[-35.42465858379801,-7.7025404379975235],[-35.42378617763205,-7.703002813265482],[-35.42336306064156,-7.703111864036227],[-35.4224470341673,-7.703094415912908],[-35.4216705926796,-7.70305951966627],[-35.421225665534955,-7.7031031399745675],[-35.420741480112845,-7.703299431361909],[-35.420558274818,-7.703417206194314],[-35.420152605950825,-7.70350444681091],[-35.41967714459037,-7.703582963365847],[-35.41946776711054,-7.703661479920783],[-35.419219131353245,-7.703849047246465],[-35.41884835873271,-7.704128217219573],[-35.418089365368324,-7.704760711689895],[-35.41742197465136,-7.7053713960060675],[-35.417177700924896,-7.705620031763366],[-35.417116632493276,-7.705864305489834],[-35.41706865015415,-7.706317956696134],[-35.41703375390751,-7.706636384946709],[-35.41694651329092,-7.706815228210731],[-35.416815652366026,-7.707028967721391],[-35.41677203205772,-7.707164190677116],[-35.416693515502786,-7.707334309879478],[-35.41661936097868,-7.707412826434415],[-35.41642306959134,-7.707486980958521],[-35.41602612478583,-7.707556773451798],[-35.41558555967202,-7.707626565945075],[-35.41541544046966,-7.707700720469182],[-35.41524968329812,-7.707774874993288],[-35.41490508286257,-7.707783599054948],[-35.41457793055034,-7.7077617889007985],[-35.41437727713216,-7.707801047178267],[-35.41417226168316,-7.707997338565608],[-35.413587749551965,-7.708503334141866],[-35.41299887538994,-7.708943899255677],[-35.412745877601814,-7.709061674088081],[-35.41236201888879,-7.7090791222114],[-35.411873471435854,-7.708948261286507],[-35.41145035444536,-7.708738883806676],[-35.4111493743181,-7.708599298820122],[-35.41093127277661,-7.7085425924193345],[-35.41070880920429,-7.708603660850952],[-35.410516879847776,-7.708808676299952],[-35.41026388205965,-7.708978795502315],[-35.40989310943912,-7.709144552673847],[-35.409613939466006,-7.709127104550528],[-35.4091733743522,-7.708978795502315],[-35.40881132579332,-7.708939537224846],[-35.40845800129611,-7.708978795502315],[-35.40813084898387,-7.709196897043805],[-35.40727589094123,-7.7101085614872344],[-35.40684404988908,-7.710527316446896],[-35.4066695686559,-7.7107061597109166],[-35.40611122870968,-7.710915537190747],[-35.40550926845517,-7.7110812943622795],[-35.40529116691368,-7.711094380454769],[-35.40482442961489,-7.710749780019214],[-35.40453653558012,-7.71040081755283],[-35.40441876074772,-7.709816305421636],[-35.40444493293269,-7.709349568122847],[-35.404623776196715,-7.708368111186141],[-35.404854963830694,-7.707792323116607],[-35.4047677232141,-7.70727760347869],[-35.40473718899828,-7.706924278981477],[-35.40478080930658,-7.706575316515092],[-35.404772085244915,-7.706217629987049],[-35.40451908745679,-7.705912287828962],[-35.40403054000385,-7.705624393794195],[-35.4033936835027,-7.70551098099262],[-35.40264341419997,-7.70551098099262],[-35.401491838060906,-7.705310327574449],[-35.40089860186805,-7.705231811019512],[-35.400135246472836,-7.704987537293043],[-35.399489665910025,-7.704795607936532],[-35.39831627961681,-7.704747625597404],[-35.39798040324291,-7.704542610148402],[-35.397291202371804,-7.70370073819825],[-35.39716034144691,-7.703364861824355],[-35.39710799707695,-7.702972279049672],[-35.39716906550857,-7.702693109076565],[-35.397557286252415,-7.7022089236544575],[-35.39789752465714,-7.701755272448158],[-35.39805455776702,-7.701380137796795],[-35.39808072995199,-7.7010922437620275],[-35.397906248718805,-7.700708385049005],[-35.397749215608926,-7.7003855947675985],[-35.39751366594412,-7.699644049526532],[-35.39728684034097,-7.698954848655421],[-35.39720832378603,-7.698614610250696],[-35.397225771909355,-7.698003925934524],[-35.397164703477735,-7.697611343159841],[-35.3970425666145,-7.697244932570138],[-35.396876809442965,-7.696887246042094],[-35.396719776333086,-7.695945047382857],[-35.396623811654834,-7.695412879621621],[-35.396492950729936,-7.695124985586854],[-35.39627484918845,-7.694845815613746],[-35.3960916438936,-7.694584093763958],[-35.39597823109202,-7.694270027544212],[-35.39576885361219,-7.693973409447785],[-35.39493134369287,-7.693493586056506],[-35.394495140609884,-7.693292932638335],[-35.3942770390684,-7.6931707957751],[-35.394067661588565,-7.692917797986972],[-35.393867008170396,-7.69251649115063],[-35.39357039007397,-7.692237321177522],[-35.39329122010086,-7.6920802880676495],[-35.39301205012775,-7.691670257169648],[-35.392514778613155,-7.690867643496964],[-35.39213964396179,-7.690335475735727],[-35.39194771460528,-7.690178442625855],[-35.39149406339898,-7.689969065146024],[-35.391153824994255,-7.689663722987937],[-35.39080486252787,-7.689087934918403],[-35.390368659444896,-7.688738972452019],[-35.38988011199196,-7.688512146848869],[-35.389627114203826,-7.688372561862315],[-35.389435184847315,-7.688006151272612],[-35.38936539235404,-7.68758739631295],[-35.38942646078566,-7.687299502278184],[-35.38967945857378,-7.687002884181757],[-35.39007204134847,-7.686845851071884],[-35.390438451938174,-7.686758610455287],[-35.390567131847654,-7.686658283746201],[-35.390619476217616,-7.68647944048218],[-35.39057149387848,-7.68580768773439],[-35.39055404575516,-7.685460906283421],[-35.39068272566464,-7.685009436092535],[-35.390833215728264,-7.684764071858358],[-35.390973969744266,-7.68454860269927]],[[-35.391288118488525,-7.684295538433057],[-35.3913276612243,-7.684237626535987],[-35.39139872608202,-7.684153818486232],[-35.3914320859398,-7.684016890917063],[-35.39142790326379,-7.683888606685441],[-35.39141106262925,-7.683640457091681],[-35.39140680163836,-7.683216235218619],[-35.39140263030873,-7.683048548776642],[-35.39141089207614,-7.682863248834166],[-35.3914274546167,-7.682686442852374],[-35.39146497478574,-7.682041929933194],[-35.39147331098944,-7.681897795707436],[-35.3915781970017,-7.681229524929908],[-35.39159062915563,-7.681072275869171],[-35.39154916906627,-7.68089869846645],[-35.39149501041213,-7.680778585160235],[-35.39137837360597,-7.680594692747142],[-35.39086798496238,-7.679715562061127],[-35.39080905277881,-7.679589653158986],[-35.39047317126135,-7.678695694785342],[-35.39040322069124,-7.678454729683081],[-35.39036543456568,-7.678296392964667],[-35.39031930077036,-7.67815901073266],[-35.39019118302441,-7.677855701483791],[-35.39011708193604,-7.677625013891825],[-35.38998645843481,-7.677039027363152],[-35.38993613696088,-7.676818033022417],[-35.38988376014093,-7.67669831534174],[-35.38910624325492,-7.675280634202415],[-35.38902917357738,-7.675145184435779],[-35.38895928163168,-7.674995561334272],[-35.38893736365772,-7.674875335003114],[-35.38887480527031,-7.67440766960794],[-35.3888426762148,-7.674252894045363],[-35.38882026919561,-7.674127429356175],[-35.3887781454486,-7.674058329966805],[-35.3887104335364,-7.673987398061505],[-35.38833904163587,-7.673802972691824],[-35.38822419636433,-7.673757580657867],[-35.38815191268673,-7.673740431143967],[-35.38800529663426,-7.673712121621751],[-35.3878912456847,-7.673667662120971],[-35.38781377453922,-7.673618496889491],[-35.38773230427578,-7.673501490827809],[-35.38763650671571,-7.673391054480065],[-35.38756031253173,-7.673296845552228],[-35.38745391848116,-7.673179702681957],[-35.38736341097,-7.673063583866567],[-35.38730753933015,-7.672952505561495],[-35.3872388801312,-7.672790557561555],[-35.38717550615717,-7.672659653190722],[-35.38710252947021,-7.672512779060449],[-35.38703065245895,-7.672409005020486],[-35.38695469043651,-7.672307431052981],[-35.3868686557238,-7.672219989922337],[-35.38677695718188,-7.672135064048155],[-35.38663773842116,-7.672059596398813],[-35.38601134552196,-7.671859826947257],[-35.38581531298445,-7.67180428587884],[-35.38572684972374,-7.671736966475101],[-35.38564940714195,-7.671656014535945],[-35.38560834661873,-7.67152651045408],[-35.38560875145515,-7.671412010690812],[-35.38562626399777,-7.671322440556128],[-35.38566178075428,-7.671186184070634],[-35.38568482004515,-7.671056810895421],[-35.38569939742907,-7.670933702200515],[-35.38567862065754,-7.670776784134537],[-35.38562914627678,-7.670625552125341],[-35.38464966198367,-7.668966643070411],[-35.38456283283396,-7.668839241669092],[-35.38387601746003,-7.668094060058525],[-35.38368499886388,-7.667904283093071],[-35.38354731280743,-7.667770197377426],[-35.38344381385954,-7.667686529037737],[-35.38331745001509,-7.6676350792146],[-35.38312897945954,-7.667635069334417],[-35.38299971441288,-7.667652175874197],[-35.38284992832491,-7.667730677017889],[-35.3826965856063,-7.667842796352154],[-35.38259085157366,-7.667900108268189],[-35.38249091888343,-7.667918827558746],[-35.38240780805663,-7.667899286792747],[-35.38233649523882,-7.667868145569144],[-35.38226929860758,-7.667774405696815],[-35.38211935035169,-7.667559475432635],[-35.38198962180621,-7.667377118808266],[-35.38180048001662,-7.667187414183416],[-35.38159613698669,-7.666977005410214],[-35.38130174429281,-7.666764176916161],[-35.3811874495856,-7.666649292186754],[-35.38111570310144,-7.666520714524081],[-35.38106675151533,-7.666359764704616],[-35.38100865461558,-7.666244237402116],[-35.38090524552666,-7.666046078848906],[-35.38041938936824,-7.665282516246476],[-35.38011426709606,-7.664813242833283],[-35.3799963319487,-7.664523297941749],[-35.37984273287883,-7.664052126285537],[-35.37977255543416,-7.663895771346483],[-35.37966421821076,-7.663711754391845],[-35.37952220484546,-7.663511013980051],[-35.3788734831105,-7.662757907496749],[-35.37868695045767,-7.662508762851322],[-35.37855811900248,-7.662319400454154],[-35.37848957629334,-7.662176203146696],[-35.37837582242503,-7.661986719405377],[-35.37781086168353,-7.661362448538194],[-35.37766921600524,-7.66120806723756],[-35.37754369352131,-7.66107753694411],[-35.37739560815996,-7.660972663592353],[-35.37483113221129,-7.659747264894363],[-35.37467710870855,-7.659660063407491],[-35.37460637745645,-7.659580704842109],[-35.37433472364623,-7.65909418420022],[-35.37423202792397,-7.658895159793585],[-35.37413511879387,-7.658767311931427],[-35.37398206247283,-7.658667901315738],[-35.37359462105156,-7.658502993472617],[-35.3728423780024,-7.658104145800725],[-35.37264886459688,-7.658026520068399],[-35.37250227311777,-7.657948342940139],[-35.37240528871293,-7.657839442148219],[-35.37228679737002,-7.657656529339551],[-35.37216245142604,-7.657341947062226],[-35.37208039189542,-7.657169992024442]]]}},{"type":"Feature","properties":{"fid":379,"CODIGO_SRE":"270EPE0010","UF":"PE","RODOVIA":"270","LOCAL_INIC":"Entr. BR-232 (Arcoverde)","LOCAL_FIM":"Entr. PE-300 (Itaí­ba)","KM_INICIAL":0,"KM_FINAL":75.33000000000001,"EXTENSAO":75.33000000000001,"SITUACAO":"PAV","DESC_SITUA":"PAVIMENTADA","TIPO_REVES":"TSD","DESC_REVES":"TRATAMENTO SUPERFICIAL DUPLO","IDENTIFICA":"Eixo Principal","OBSERVACAO":"7","EXTENSAO_1":75.32,"REGISTRO":"M7","STATUS_FED":"95.183.364,04","CONCT_ROD":"PE270","COD":"M7","Fase (Obra":"-","STATUS":"FINALIZADA","ROD.":"PE270","DRO":"5","CUSTO OBRA":"95183364.040000007","CUSTO TOTA":"129.140.683,84"},"geometry":{"type":"LineString","coordinates":[[-37.064117839999945,-8.43088306999994],[-37.064099554032445,-8.431032040608578],[-37.0645131167585,-8.431107276165678],[-37.06514572739268,-8.431138947888224],[-37.06545908207442,-8.431220129473878],[-37.06561781099994,-8.431411368999942],[-37.065843212999944,-8.431728892999946],[-37.06606884099994,-8.432001216999916],[-37.06629433399998,-8.432300659999964],[-37.06655583948138,-8.43265144445988],[-37.06656490799995,-8.432663608999931],[-37.06679040199998,-8.43296305199994],[-37.06701585099993,-8.433271535999967],[-37.067241345999896,-8.43357097999993],[-37.06752998999993,-8.433952097999951],[-37.06780061099991,-8.43430600599994],[-37.06804408499991,-8.434641698999906],[-37.068314661999935,-8.435004646999985],[-37.068585239999955,-8.43536759499995],[-37.06881078199993,-8.435657997999943],[-37.0690271999999,-8.435957395999925],[-37.06925278699997,-8.436238758999943],[-37.069541434999955,-8.436619875999922],[-37.06975789799994,-8.436910233999978],[-37.07002847899995,-8.437273181999917],[-37.07028103499991,-8.437608918999906],[-37.07048855599988,-8.437872111999942],[-37.07075904699992,-8.438253139999986],[-37.07099362699992,-8.438552626999954],[-37.07122811599993,-8.438870194999904],[-37.07148076499991,-8.439187850999884],[-37.07172433399994,-8.43950546399999],[-37.07197720799992,-8.439777918999894],[-37.07226666799991,-8.439996312999918],[-37.07258354599993,-8.440178678999928],[-37.07293678599994,-8.440352183999911],[-37.073271688999945,-8.440561759999992],[-37.07357004999992,-8.440816357999944],[-37.07384094999998,-8.441116022999909],[-37.0741118949999,-8.44140664699993],[-37.07440998899991,-8.441715485999985],[-37.07473518699994,-8.442051578999944],[-37.07506933099993,-8.442414836999923],[-37.07539444099992,-8.442769009999948],[-37.07571051599993,-8.443114098999974],[-37.076026637,-8.443450145999966],[-37.07634275899996,-8.443786193999935],[-37.07664076599992,-8.44411311199995],[-37.07692074999989,-8.444412820999975],[-37.07718262099997,-8.444703399999984],[-37.077391159371274,-8.444927079838843],[-37.07745357099997,-8.444994022999913],[-37.07773351099992,-8.445302770999922],[-37.07802253199993,-8.445611563999893],[-37.078320586999965,-8.445929440999954],[-37.07860960799994,-8.44623823399994],[-37.078898629999934,-8.446547025999921],[-37.07917857299994,-8.446855773999957],[-37.079467550999894,-8.447173605999977],[-37.07972012199993,-8.447509340999945],[-37.079908912999926,-8.447889964999902],[-37.08008853499992,-8.448288623999876],[-37.080277147999915,-8.448705408999945],[-37.0804658509999,-8.449104112999933],[-37.080645429999905,-8.449511812999924],[-37.08083408899991,-8.449919557999955],[-37.08102265799993,-8.450345382999938],[-37.08122030799994,-8.450771251999996],[-37.081328293266225,-8.451008917464724],[-37.08141791299994,-8.451206161999918],[-37.08161547399991,-8.451650110999926],[-37.08180408899995,-8.452066895999973],[-37.08198375999993,-8.45245651499993],[-37.082145449999935,-8.45280988499992],[-37.08230718499993,-8.453154213999932],[-37.08245984099993,-8.453498498999958],[-37.082621486999955,-8.453860908999898],[-37.08279221299996,-8.454223362999876],[-37.082971884999935,-8.454612982999901],[-37.083151512999954,-8.4550116419999],[-37.08336759299989,-8.455383358999903],[-37.08365657999994,-8.455701189999981],[-37.084009482999946,-8.45594701099996],[-37.084398882999935,-8.456156847999972],[-37.08479722999991,-8.45639385099993],[-37.08522286099998,-8.456621945999917],[-37.08564844899992,-8.456859080999916],[-37.08605592099995,-8.4570870859999],[-37.086463394999925,-8.457315090999932],[-37.08687086899993,-8.457543095999942],[-37.08727834299998,-8.457771100999949],[-37.08767673799997,-8.457999059999953],[-37.08800218399995,-8.458289945999933],[-37.088245688999926,-8.45862563399993],[-37.08838005799996,-8.458996949999975],[-37.08842353999996,-8.459385902999898],[-37.08840337399992,-8.459792624999986],[-37.08836504899993,-8.460199258999939],[-37.0883174649999,-8.460642008999967],[-37.08826983599989,-8.461093799999936],[-37.0882221169999,-8.461563670999972],[-37.0881834789999,-8.462033585999967],[-37.08813580499994,-8.462494416999965],[-37.088088085999956,-8.462964287999975],[-37.08804045599988,-8.463416077999952],[-37.08800194999995,-8.4638588719999],[-37.08799077299994,-8.46428371999997],[-37.08799784499997,-8.46469057499994],[-37.088005006999936,-8.465079349999943],[-37.0880121229999,-8.465477164999935],[-37.08801928399994,-8.465865939999928],[-37.088017274465415,-8.466273163999936],[-37.08801687499993,-8.466354113999927],[-37.08803271399991,-8.466824294999938],[-37.0880314542018,-8.467079413778201],[-37.08803034799993,-8.467303427999958],[-37.08803759799995,-8.467674122999945],[-37.08804484799996,-8.468044816999928],[-37.08804297399997,-8.468424506999916],[-37.088050222999954,-8.46879520199998],[-37.08805747299991,-8.46916589599995],[-37.08806418699991,-8.469645073999972],[-37.088071079999935,-8.470088089999939],[-37.08807792699994,-8.470540146999937],[-37.08813030899994,-8.470965304999934],[-37.08822822599996,-8.471363564999919],[-37.088334999,-8.47180706999994],[-37.088441861999975,-8.472232494999918],[-37.0885397339999,-8.472639794999969],[-37.08865563299994,-8.473074304999939],[-37.08888984099994,-8.473455150999918],[-37.08931593899994,-8.473592842999961],[-37.08969743899997,-8.473567588999964],[-37.09007898399992,-8.47353329399991],[-37.09046911899997,-8.473598485999924],[-37.090877279999965,-8.473690886999965],[-37.09129452199991,-8.47378333099991],[-37.09172093299993,-8.47385773999993],[-37.09212940699993,-8.473886857999933],[-37.09251985499995,-8.473888765999941],[-37.09289187499997,-8.473944825999967],[-37.09321782599993,-8.47413626899989],[-37.09354359899994,-8.47436387199995],[-37.09390587199993,-8.47455549099995],[-37.09484879629071,-8.474839259636292],[-37.095195153183205,-8.474764544576928],[-37.0956229766929,-8.474567073570173],[-37.09584401883959,-8.474584704914212],[-37.09643584136131,-8.47472222936976],[-37.09725583642161,-8.474789228445681],[-37.097451922196925,-8.474909121499724],[-37.097580317718815,-8.475102000266101],[-37.09783907347765,-8.475492539437678],[-37.09795939299993,-8.475660124999903],[-37.09838243833054,-8.475833002015472],[-37.09945081896398,-8.47615349024464],[-37.09945081896564,-8.476153490245137],[-37.09944854061757,-8.476152899266514],[-37.09945081896398,-8.47615349024464],[-37.099636619999934,-8.476201684999953],[-37.10004465499995,-8.476321197999937],[-37.100397852999926,-8.476512768999962],[-37.10072363399991,-8.476740366999946],[-37.100741741319986,-8.476750188149255],[-37.10107683299998,-8.476931936999929],[-37.10144859299989,-8.477042231999953],[-37.10182075199995,-8.477071163999923],[-37.10218383099992,-8.47710005199996],[-37.10253729799995,-8.477237377999927],[-37.10293550099993,-8.477510529999982],[-37.10325171599989,-8.477837526999938],[-37.10342269099991,-8.4781547769999],[-37.10354795399995,-8.478535087999946],[-37.103618512999915,-8.478960335999957],[-37.10367994799997,-8.479394580999916],[-37.10374138299992,-8.47982882499992],[-37.10381189799993,-8.480263113999964],[-37.103891625999935,-8.480670324999926],[-37.10402601499994,-8.481041640999894],[-37.10418777799995,-8.481385966999955],[-37.10434958499994,-8.481721253999954],[-37.10452038399993,-8.48207466499998],[-37.104700086999976,-8.482464281999967],[-37.10488891499992,-8.482844901999957],[-37.10507769899994,-8.483234562999929],[-37.10526648299993,-8.48362422299992],[-37.10540982099996,-8.484022703999933],[-37.10548950699992,-8.484438955999916],[-37.10551462099992,-8.484873023999944],[-37.10553977999991,-8.485298051999909],[-37.105555812999924,-8.485732075999927],[-37.10557184699993,-8.486166099999908],[-37.10558796899995,-8.486582042999956],[-37.10561330499993,-8.48697090999996],[-37.10563828599993,-8.487432098999909],[-37.10565422999996,-8.487884203999961],[-37.10567075099995,-8.488218783999944],[-37.10569590899996,-8.488643811999983],[-37.105711986999964,-8.489068795999962],[-37.10573696799994,-8.489529984999898],[-37.10575282299993,-8.490000169999941],[-37.105723363999964,-8.490452053999903],[-37.105621259999936,-8.490903584999959],[-37.105491868999955,-8.49136402299997],[-37.10537155799993,-8.491824505999958],[-37.10524212199993,-8.492293984999963],[-37.10511268599996,-8.492763462999964],[-37.104983203999915,-8.493241981999944],[-37.10485372199994,-8.493720499999908],[-37.10471515899994,-8.49419897499993],[-37.10457663999993,-8.494668407999955],[-37.10445628199992,-8.495137929999952],[-37.104372379999965,-8.495580507999946],[-37.10437015999997,-8.496032523999949],[-37.104422468999985,-8.496475764999962],[-37.10453847599997,-8.49689219399991],[-37.104709057999955,-8.497290807999958],[-37.10486143299994,-8.497698374],[-37.10502293399993,-8.49809694399991],[-37.10517530999992,-8.498504509999927],[-37.10533685599991,-8.49889403899992],[-37.105489453999965,-8.499256402999944],[-37.10563297199997,-8.499618722999946],[-37.10583097499992,-8.49998130899994],[-37.10603805999993,-8.500343937999938],[-37.106263216999935,-8.500724735999913],[-37.106479294999914,-8.50110548999993],[-37.10670445299992,-8.50148628899996],[-37.10692965599994,-8.501858046999894],[-37.107136786999895,-8.50221163499999],[-37.10732584399996,-8.502547054999958],[-37.10752398299997,-8.502882518999938],[-37.107731158999975,-8.503227067999921],[-37.107938246999936,-8.503589696999907],[-37.10815441599992,-8.503952369999977],[-37.10837053999995,-8.504324082999936],[-37.10860469399992,-8.504723005999955],[-37.10883880399994,-8.505130968999923],[-37.10906392299993,-8.5055208069999],[-37.10928908599988,-8.505901604999913],[-37.109505256999924,-8.50626427799996],[-37.109712302999995,-8.506635946999921],[-37.109928473999965,-8.50699861999993],[-37.11014464599991,-8.507361292999938],[-37.11036081899995,-8.507723965999984],[-37.110585939999936,-8.508113803999937],[-37.110820097999955,-8.508512725999898],[-37.11105421199992,-8.508920688999982],[-37.111297451999924,-8.50931965499993],[-37.11152252999993,-8.50971853299992],[-37.11174769799993,-8.510099330999958],[-37.11196387299996,-8.510462002999924],[-37.112162018999946,-8.51079746599995],[-37.112351172999986,-8.511114805],[-37.112540193999976,-8.511459263999916],[-37.11275636999993,-8.511821936999963],[-37.112990531999976,-8.512220858999964],[-37.113224694999914,-8.51261978099994],[-37.11346784999993,-8.513036826999953],[-37.113701968999976,-8.513444788999918],[-37.11394516999997,-8.513852795999984],[-37.11418837099994,-8.514260801999983],[-37.11444056599994,-8.514686932999938],[-37.11492683699997,-8.515530065999933],[-37.11516999599994,-8.515947111999884],[-37.115404117999944,-8.516355073999899],[-37.11565640399995,-8.51676312399997],[-37.11589956399992,-8.517180169999946],[-37.11613368699992,-8.517588131999949],[-37.116358861999935,-8.517968928999906],[-37.11658403799998,-8.518349724999911],[-37.11680022099995,-8.518712396999952],[-37.11700732399999,-8.519075023999916],[-37.11723245599992,-8.519464860999927],[-37.11748470099996,-8.519881950999926],[-37.11774589399992,-8.520326205999929],[-37.1180070889999,-8.520770460999934],[-37.11825928999992,-8.521196590999947],[-37.118511492999936,-8.521622720999934],[-37.11875461399996,-8.52204880699995],[-37.11900686199992,-8.52246589699996],[-37.11924099099997,-8.522873857999958],[-37.119484201999974,-8.523281862999978],[-37.1197093829999,-8.523662658999957],[-37.11999760499995,-8.524152247999945],[-37.12020471199999,-8.524514874999959],[-37.12042998299996,-8.524877589999967],[-37.12064612799995,-8.525249300999993],[-37.12087131199997,-8.525630096999986],[-37.12108741399993,-8.526010848999942],[-37.121303515999934,-8.526391599999931],[-37.12152869999992,-8.526772395999961],[-37.121753840999915,-8.527162231999966],[-37.12197902599996,-8.527543027999945],[-37.122204210999946,-8.527923822999957],[-37.1222413555935,-8.527987700508461],[-37.12242035999996,-8.528295533999882],[-37.1226184779999,-8.528640035999969],[-37.12280760299991,-8.528966412999948],[-37.12301484699993,-8.529301918999941],[-37.123213009999965,-8.529637379999944],[-37.12341117399992,-8.529972841999927],[-37.123609248999976,-8.530326383999938],[-37.123843474999944,-8.53071626399998],[-37.12407765699989,-8.531115183999882],[-37.12431183999996,-8.531514102999946],[-37.12453702899993,-8.531894897999932],[-37.12465718620369,-8.532118771112094],[-37.12471703099992,-8.532230271999897],[-37.12488768699993,-8.532619843999932],[-37.12503096599994,-8.533036404999974],[-37.125119929999954,-8.533416541999912],[-37.12520867499994,-8.533841879999954],[-37.12527960799995,-8.534194806999935],[-37.12535049799993,-8.53455677499991],[-37.12539833883396,-8.534764803902892],[-37.125448323999905,-8.53498215699991],[-37.12551916999997,-8.535353164999911],[-37.12560804699993,-8.535751381999956],[-37.12570582899995,-8.536185804999937],[-37.125776807999976,-8.536529691999904],[-37.125865772999916,-8.536909828999969],[-37.12595451799997,-8.537335166999947],[-37.12603413699996,-8.537769501999907],[-37.12613209699997,-8.53816776299991],[-37.126220753999945,-8.538611182999963],[-37.12630063799994,-8.538991274999951],[-37.126392304819845,-8.539415857672529],[-37.12639833299994,-8.539443778999965],[-37.12648725499999,-8.539832955999918],[-37.126567006999906,-8.540240169999933],[-37.12664702399996,-8.540593140999912],[-37.126726863999956,-8.540982273999907],[-37.12680670499995,-8.541371406999913],[-37.12687759599989,-8.541733374999952],[-37.12697546799992,-8.542149716999962],[-37.12704640299995,-8.542502643999944],[-37.12713501799994,-8.54295510399991],[-37.12721494699998,-8.543326156999939],[-37.12732150399995,-8.543823905999911],[-37.12741047199995,-8.544204042999953],[-37.12748127499995,-8.54458409199996],[-37.12756115999996,-8.544964184999927],[-37.127641045999916,-8.545344276999993],[-37.12772079899996,-8.545751490999994],[-37.12780967799991,-8.546149708999966],[-37.12789846999993,-8.546566006999955],[-37.12797813499999,-8.54699130199994],[-37.12807587599998,-8.547434765999938],[-37.12817357299991,-8.547887269999901],[-37.128271358999896,-8.54832169299992],[-37.12835106899995,-8.54873794699991],[-37.12843994899993,-8.54913616499996],[-37.12851983499995,-8.549516257999901],[-37.12859980999996,-8.549878269999962],[-37.128679651999924,-8.550267402999957],[-37.12875940699993,-8.550674616999945],[-37.12885714899995,-8.551118080999958],[-37.12895475899991,-8.551588665999878],[-37.12905228099988,-8.552077330999953],[-37.12915892899996,-8.552557000999977],[-37.12925645099993,-8.553045666999918],[-37.129354105999944,-8.553507210999959],[-37.12945193699991,-8.553932593999964],[-37.12954985599998,-8.554339895999908],[-37.12970240199997,-8.554720339999935],[-37.12990044799992,-8.555082922999942],[-37.1301256959999,-8.555454678999943],[-37.13036002799995,-8.55582647799995],[-37.13060339799996,-8.556207360999958],[-37.13084667999993,-8.556606324999958],[-37.131108038999976,-8.557023457999936],[-37.131360360999935,-8.557431505999899],[-37.13162176499997,-8.557839597999934],[-37.13186500499994,-8.558247601999911],[-37.13211732799989,-8.558655649999936],[-37.132369694999966,-8.559054657999999],[-37.132622062999936,-8.559453665999934],[-37.132874431999895,-8.559852672999979],[-37.13311771799992,-8.560251636999967],[-37.13336100499997,-8.560650599999988],[-37.1336043799999,-8.56103148299997],[-37.13382959099992,-8.561412277999944],[-37.134063928999964,-8.561784075999947],[-37.13428922899993,-8.5621467899999],[-37.13455963399995,-8.562573005999974],[-37.13474891299992,-8.562872260999926],[-37.13504687399993,-8.56323532499991],[-37.13533632499993,-8.56348081999993],[-37.13565311299991,-8.563708364999966],[-37.13599714799993,-8.563936040999977],[-37.136341139999935,-8.564172757999954],[-37.136685131999926,-8.56440947399994],[-37.13701104799998,-8.564628021999967],[-37.137336963999985,-8.5648465689999],[-37.13767187499993,-8.565083240999952],[-37.13802490799995,-8.565329040999911],[-37.138396062999966,-8.565583967999926],[-37.138767217999956,-8.565838894999953],[-37.139147455999954,-8.566093865999912],[-37.13952764999993,-8.566357876999962],[-37.13990784599993,-8.566621887999926],[-37.14028808499992,-8.566876857999969],[-37.14065924299993,-8.567131782999974],[-37.14103044499993,-8.567377668999931],[-37.14137439999992,-8.567623421999944],[-37.141718398999956,-8.567860135999972],[-37.14205331599992,-8.568096804999895],[-37.14238827699993,-8.568324432999903],[-37.142723194999924,-8.568561101999954],[-37.14306723999995,-8.568788773999907],[-37.14339307599989,-8.569025397999907],[-37.14371899999994,-8.569243941999941],[-37.144044880999964,-8.569471525999964],[-37.14437076199992,-8.569699108999918],[-37.144696642999946,-8.56992669299998],[-37.14498351814067,-8.57012409333523],[-37.145040646999945,-8.57016340399993],[-37.14539373399998,-8.570400157999936],[-37.14576516199994,-8.570600837999972],[-37.14615479899988,-8.57079256399989],[-37.1465626469999,-8.570975335999943],[-37.14697045099993,-8.571167147999972],[-37.147360002999925,-8.571376953999943],[-37.147676454999896,-8.571676815999979],[-37.1477501408329,-8.57181283369669],[-37.14789251499994,-8.572075643999932],[-37.148072025999944,-8.572519500999904],[-37.14824249799992,-8.572954272999924],[-37.14840397499992,-8.573370920999942],[-37.148574578999934,-8.573778571999927],[-37.14873605599997,-8.574195218999902],[-37.14889757799993,-8.574602826999957],[-37.14905914399998,-8.575001392999939],[-37.149211626999914,-8.575399915999952],[-37.14935511499995,-8.575780314999928],[-37.149516768999945,-8.576160800999943],[-37.149660212999954,-8.576550239999934],[-37.14981274099991,-8.576939721999967],[-37.14997426399994,-8.577347329999933],[-37.15014482699994,-8.57776402099993],[-37.150315346999925,-8.578189752999911],[-37.150422197999944,-8.578633260999958],[-37.15040184399988,-8.579085198999975],[-37.1502997439999,-8.579536745999976],[-37.15018855999992,-8.579988248999943],[-37.15007733199994,-8.580448792999954],[-37.149956976999896,-8.580918332999907],[-37.14983653399994,-8.58140595499996],[-37.14972526099994,-8.581875538999961],[-37.149614074999924,-8.582327040999898],[-37.14950301999995,-8.582751421999939],[-37.14940113599993,-8.583157765999895],[-37.149308377999915,-8.583555111999924],[-37.14919732199998,-8.583979492999966],[-37.149086090999944,-8.584440035999897],[-37.148965687999954,-8.58491861599999],[-37.14884519799991,-8.585415276999965],[-37.148724662999925,-8.585920977999915],[-37.14859504499995,-8.586426635999924],[-37.14847459599995,-8.58691425599993],[-37.14837240199995,-8.587383881999907],[-37.1482884169999,-8.58784455499996],[-37.14824980399991,-8.588314485999925],[-37.14826568999991,-8.588784679999945],[-37.148327035999955,-8.589246050999936],[-37.148433797999964,-8.589707640999944],[-37.148549642999946,-8.590169273999946],[-37.14865636099993,-8.590639903999955],[-37.14877220599992,-8.591101536999894],[-37.14883264562646,-8.591337575999923],[-37.14888809599992,-8.591554129999956],[-37.14900394099991,-8.592015762999944],[-37.149119742999936,-8.592486435999934],[-37.149235501999904,-8.592966150999898],[-37.149360386999945,-8.59343686799996],[-37.14947614599995,-8.593916581999956],[-37.149601031999914,-8.594387299999886],[-37.149716922999986,-8.594839892999973],[-37.14982372999998,-8.595292441999938],[-37.14993966499994,-8.595735993999918],[-37.15005559999996,-8.596179545999963],[-37.15016253899995,-8.596604973999968],[-37.150269434999956,-8.59703944199995],[-37.15037637499995,-8.597464869999955],[-37.15048331499994,-8.59789029799996],[-37.15059929399992,-8.598324808999935],[-37.15070614699989,-8.59876831799995],[-37.15081299999997,-8.599211826999987],[-37.150919939999895,-8.599637254999955],[-37.15102692399991,-8.60005364199993],[-37.151124868999965,-8.600460944999918],[-37.15122281499995,-8.60086824799988],[-37.15132093499993,-8.601239388999916],[-37.15140997199997,-8.60161048699996],[-37.15149909699991,-8.601963502999952],[-37.15158817899994,-8.602325559999938],[-37.151677171999914,-8.602705697999959],[-37.15177520599991,-8.603094919999888],[-37.1518822789999,-8.60349322599993],[-37.151980224999924,-8.603900529999962],[-37.15207817099997,-8.604307832999936],[-37.15218515699998,-8.604724219999975],[-37.15228310399989,-8.605131522999924],[-37.152381049999946,-8.605538826999993],[-37.152479040999914,-8.60593708899991],[-37.15257711899994,-8.606317270999927],[-37.15267524199991,-8.606688411999887],[-37.152755283999944,-8.607041384999938],[-37.15287117999997,-8.607493977999939],[-37.15298711899991,-8.607937530999935],[-37.153085021999935,-8.608353874999981],[-37.153183144999915,-8.60872501599994],[-37.15328109299996,-8.609132318999993],[-37.15337908499999,-8.609530581999902],[-37.15346825599989,-8.60987455799992],[-37.15356620399993,-8.610281861999963],[-37.153655286999886,-8.610643918999937],[-37.15375323499993,-8.611051221999924],[-37.153842318999985,-8.611413278999962],[-37.15394039899993,-8.611793460999902],[-37.154038391999926,-8.61219172399994],[-37.15414542399995,-8.612599070999963],[-37.15424328499994,-8.613024455999913],[-37.15433254499988,-8.613350350999909],[-37.15442171699995,-8.613694326999925],[-37.154519841999914,-8.614065467999948],[-37.154608926999956,-8.614427524999922],[-37.15469801099991,-8.614789582999938],[-37.15479617999996,-8.61515168399991],[-37.15490308199994,-8.615586151999917],[-37.15500107599994,-8.615984414999966],[-37.155098981999956,-8.616400758999923],[-37.15520601599997,-8.61680810599996],[-37.15532222099994,-8.617197415999959],[-37.155429342999945,-8.617586681999935],[-37.15553646499993,-8.617975947999977],[-37.15557347096163,-8.618112444890455],[-37.15563463499992,-8.618338048999934],[-37.155707739999976,-8.618697725999937],[-37.155708057999966,-8.618718351999943],[-37.15570786999992,-8.618720157999983],[-37.155708963999935,-8.618735023999902],[-37.155712400999946,-8.618750655999929],[-37.15571981299996,-8.618767705999982],[-37.15581320199994,-8.618980798999925],[-37.15597504699994,-8.619325124999934],[-37.15615506099989,-8.619669536999954],[-37.15633529399996,-8.61996874699993],[-37.15656085899997,-8.620286255999956],[-37.156795683999974,-8.620567645999943],[-37.15705771799994,-8.62085820799995],[-37.157329010999916,-8.621112650999946],[-37.157645811999956,-8.62134923099991],[-37.15794448999999,-8.621576681999949],[-37.15827037599993,-8.621813304999945],[-37.15856001399992,-8.622031672999977],[-37.158631138597414,-8.622084247697446],[-37.15886777599992,-8.622259167999937],[-37.159184578999955,-8.622495746999974],[-37.15949234299997,-8.622723240999942],[-37.15979110999994,-8.622932610999923],[-37.16009882999999,-8.623169145999912],[-37.16041572299996,-8.623387642999935],[-37.160687238999934,-8.623596880999964],[-37.1610221249999,-8.623851626999967],[-37.16132993499992,-8.624070079999942],[-37.16167390599998,-8.624324869999917],[-37.162008880999956,-8.624561533999945],[-37.16228943899992,-8.624779855999959],[-37.1626243279999,-8.625034600999946],[-37.16277366999993,-8.625148324999952],[-37.162923011999915,-8.625262049999913],[-37.16323981999993,-8.625498625999922],[-37.16353854799997,-8.625717034999951],[-37.16388256699998,-8.625962781999924],[-37.164190291999915,-8.626199313999974],[-37.1644980619999,-8.626426805999909],[-37.16487828699998,-8.626699847999895],[-37.165249428999964,-8.626972846999951],[-37.16562961199995,-8.627254928999927],[-37.165928342999976,-8.627473335999934],[-37.166236114999954,-8.627700825999936],[-37.16654388699994,-8.627928316999903],[-37.166860699999965,-8.628164891999958],[-37.167168429999954,-8.62840142199995],[-37.16747620299999,-8.628628912999943],[-37.16777493699995,-8.628847317999941],[-37.16807362699994,-8.6290747649999],[-37.16836327699998,-8.629293126999906],[-37.16867105199995,-8.629520616999933],[-37.16896974299995,-8.62974806299995],[-37.1693680569999,-8.630039268999914],[-37.16966674899989,-8.630266714999944],[-37.16996548499997,-8.630485119999955],[-37.17026422099998,-8.630703523999937],[-37.1706625369999,-8.630994729999927],[-37.17104272799995,-8.63127680799996],[-37.171404968999965,-8.631513596999948],[-37.17177642499993,-8.631723306999953],[-37.17218417599994,-8.631942229999895],[-37.172510384999924,-8.632115559999933],[-37.17286376099998,-8.632307100999949],[-37.17319901199991,-8.63248951499996],[-37.17352522299993,-8.632662843999956],[-37.17395114499994,-8.632881852999908],[-37.17436798199995,-8.63310081699995],[-37.174784776999964,-8.633328821999944],[-37.17509286399995,-8.633493023999975],[-37.175400907999965,-8.633666265999942],[-37.17571807999995,-8.63383050999996],[-37.17614400499993,-8.634049515999937],[-37.176551716999896,-8.63427747599997],[-37.17686884699995,-8.63445076099988],[-37.17721318699994,-8.634633214999958],[-37.177557526999934,-8.634815668999975],[-37.17791090899994,-8.635007205999921],[-37.178246208999944,-8.635180575999938],[-37.178572424999935,-8.635353901999958],[-37.17889859799991,-8.63553626799998],[-37.179242982999924,-8.635709679999934],[-37.17966886899992,-8.635937723999954],[-37.180067544999886,-8.636156597999978],[-37.18039380699996,-8.636320881999898],[-37.180719980999996,-8.636503247999896],[-37.18105528399996,-8.636676614999924],[-37.18142683899997,-8.636868235999922],[-37.18182556099995,-8.637078067999898],[-37.182233280999995,-8.637306022999933],[-37.18264104599995,-8.637524937999915],[-37.18305785199989,-8.637752935999956],[-37.18347465799994,-8.637980932999914],[-37.18389150899996,-8.63819988999996],[-37.18429927499992,-8.638418802999984],[-37.18469800099992,-8.638628631999909],[-37.185087599,-8.638847458999985],[-37.18549549699999,-8.639039248999927],[-37.18591256599997,-8.639212999999888],[-37.18632972199997,-8.639368669999968],[-37.186755919999946,-8.639533422999913],[-37.18717303399991,-8.639698132999982],[-37.187590147999984,-8.639862841999957],[-37.18799817799991,-8.640027507999964],[-37.188397166999955,-8.640183089999935],[-37.18880524099996,-8.640338713999945],[-37.18921331599991,-8.640494338999932],[-37.18963043199994,-8.640659045999898],[-37.19004754899999,-8.640823752999928],[-37.19044653999997,-8.640979332999953],[-37.19083644699999,-8.641134869999973],[-37.191189971999925,-8.641299275999941],[-37.191615786999925,-8.641545390999962],[-37.19197796799991,-8.641800244999937],[-37.19215289430395,-8.641927717090004],[-37.19234010499997,-8.642064140999945],[-37.192629780999894,-8.64228248999997],[-37.19296475199997,-8.642528174999926],[-37.193290637999915,-8.642773815999911],[-37.19362565199996,-8.64301045999995],[-37.19396058099994,-8.643265184999908],[-37.19431363699995,-8.643529036999908],[-37.19468481999998,-8.643802013999967],[-37.195065044999986,-8.644084074999986],[-37.19544526999992,-8.644366134999899],[-37.19583458099991,-8.644648237999906],[-37.19622384999989,-8.644939380999977],[-37.196622203999944,-8.645230566999942],[-37.19702051599997,-8.645530793999987],[-37.19742795599996,-8.64582202199995],[-37.197699510999946,-8.646031241999948],[-37.198115950999956,-8.64634059299992],[-37.198523349999945,-8.646640860999948],[-37.19893987799997,-8.646932130999977],[-37.1993565349999,-8.647196277999948],[-37.19979149099995,-8.647433387999985],[-37.20023566099992,-8.64764341799996],[-37.20067991799991,-8.647835366999928],[-37.201124131999975,-8.648036354999904],[-37.20156834699996,-8.648237342999932],[-37.20201260499995,-8.648429289999966],[-37.20244777899996,-8.648621193999931],[-37.202873825999966,-8.648822095999899],[-37.203281531999956,-8.64905907499995],[-37.20366181199995,-8.649332087999905],[-37.204032965999936,-8.649614099999905],[-37.20440416199995,-8.649887070999963],[-37.20446795770264,-8.649936384072788],[-37.20475718999995,-8.650159955999895],[-37.2051192599999,-8.650441923999972],[-37.20548133099991,-8.650723891999975],[-37.20586157199993,-8.651005944999893],[-37.206241727999966,-8.65130607899991],[-37.206631011999896,-8.651597213999894],[-37.20702929699994,-8.651906473999922],[-37.20744570999991,-8.652224858999906],[-37.207853080999925,-8.652534160999936],[-37.20826949499999,-8.652852544999991],[-37.20866778199993,-8.653161803999964],[-37.20907515499994,-8.653471103999971],[-37.209473443999975,-8.653780361999978],[-37.209862690999955,-8.654080535999947],[-37.2102519819999,-8.654371668999948],[-37.21064122999995,-8.654671842999955],[-37.21103043599994,-8.654981056999913],[-37.211428770999895,-8.655281272999972],[-37.21184523399996,-8.655590613999962],[-37.21226165499993,-8.655908994999928],[-37.212687118999945,-8.656236459999931],[-37.21310349899995,-8.656563881999892],[-37.2135108799999,-8.65687317899991],[-37.213909218999945,-8.65717339299992],[-37.21429847399993,-8.657473563999915],[-37.214669643999976,-8.657755567999942],[-37.21503172899997,-8.658037529999943],[-37.21542098599992,-8.658337699999906],[-37.215828369999926,-8.65864699599992],[-37.216226712999955,-8.658947207999947],[-37.216615971999936,-8.659247376999932],[-37.21699618799994,-8.659538462999949],[-37.2173673199999,-8.659829505999921],[-37.21773849499989,-8.660111508999892],[-37.21810058499993,-8.660393467999892],[-37.21846271899994,-8.660666386999916],[-37.218824809999944,-8.66094834599994],[-37.219196029999985,-8.661221305999959],[-37.21955812199996,-8.661503264999933],[-37.219920257999924,-8.661776182999951],[-37.220282351999955,-8.662058140999896],[-37.22066261599997,-8.66234018299998],[-37.22104279699995,-8.6626403069999],[-37.22142301999997,-8.662931389999928],[-37.22180324499991,-8.663222472999943],[-37.22218346899996,-8.663513554999902],[-37.22255460899992,-8.663804594999887],[-37.22291674999997,-8.664077510999972],[-37.22326984799994,-8.66434134299992],[-37.223631988999955,-8.664614257999975],[-37.22401221699995,-8.664905338999981],[-37.22438335999994,-8.665196377999923],[-37.2247545029999,-8.665487415999975],[-37.225116646999936,-8.665760329999912],[-37.22546970599996,-8.666033201999925],[-37.22581372199992,-8.666296989999964],[-37.22616678199995,-8.666569861999989],[-37.22651975699992,-8.666860813999953],[-37.22683613699997,-8.667205842999975],[-37.227143304999956,-8.667577952999961],[-37.22745043099995,-8.667959102999887],[-37.22774842999995,-8.668349250999942],[-37.228046471999974,-8.668730358999905],[-37.228344556999915,-8.669102424999972],[-37.22863359899995,-8.669465408999947],[-37.228913640999934,-8.669810267999932],[-37.22918455499991,-8.670164125999932],[-37.229473598999945,-8.670527108999941],[-37.229762685999965,-8.670881051999963],[-37.23004268699998,-8.671234950999972],[-37.23032273099996,-8.671579809999931],[-37.23059373299996,-8.67191558599992],[-37.23088303299991,-8.672224322999956],[-37.23119975999995,-8.672497022999949],[-37.23181504299997,-8.673042338999956],[-37.23212268599997,-8.673314995999917],[-37.23244845799992,-8.673596777999897],[-37.23276514399997,-8.673878517999942],[-37.2330818739999,-8.674151216999993],[-37.23339856199991,-8.674432956999961],[-37.23371524999995,-8.674714695999937],[-37.23405006799993,-8.675005559999896],[-37.23439388699993,-8.67531454799993],[-37.23474679299993,-8.675623577999902],[-37.235099656999964,-8.675941647999913],[-37.235461606999905,-8.676259760999892],[-37.23582355799991,-8.676577872999943],[-37.23618555199994,-8.676886942999932],[-37.236556716999985,-8.677177973999926],[-37.23695522399997,-8.67745104899991],[-37.2373446029999,-8.677733121999946],[-37.23772498199997,-8.677997070999917],[-37.23807818899994,-8.678242812999917],[-37.23842235199995,-8.67847947099992],[-37.238775558999926,-8.678725211999978],[-37.23913781099998,-8.67898003499995],[-37.23950910599997,-8.679243940999955],[-37.23988948799993,-8.679507888999947],[-37.24027895699992,-8.679771877999924],[-37.24065929799999,-8.680044865999943],[-37.241039681999936,-8.680308812999957],[-37.24141102199992,-8.68056367699995],[-37.24178232099997,-8.680827580999946],[-37.24212644799996,-8.681073277999944],[-37.242443400999925,-8.681300766999941],[-37.242742224999986,-8.68151913099993],[-37.243068306999916,-8.68173761999997],[-37.243403432999955,-8.681965191999938],[-37.243738516999905,-8.68220180499995],[-37.244073559999954,-8.682447458999931],[-37.24442681799993,-8.682684154999928],[-37.24476194599996,-8.682911725999903],[-37.2450789019999,-8.683139212999942],[-37.24547738099991,-8.683421321999912],[-37.245663631395914,-8.683551296794175],[-37.245803423999966,-8.683648850999926],[-37.246147597999936,-8.683885503999944],[-37.246482727999926,-8.684113073999955],[-37.24676866735125,-8.6843072405231],[-37.246817858999954,-8.684340643999976],[-37.24714390399998,-8.684568171999947],[-37.24746986499998,-8.68481378099994],[-37.24779591099996,-8.685041308999898],[-37.24812199999997,-8.68525979499996],[-37.24844800499992,-8.685496362999972],[-37.24878313799994,-8.685723931999977],[-37.24910918599992,-8.68595145799999],[-37.24941710399999,-8.68616985999991],[-37.24981563099994,-8.686442924999938],[-37.250186941999985,-8.686706823999911],[-37.25054925199998,-8.686952597999943],[-37.25088434599992,-8.687189205999983],[-37.25119230799994,-8.687398565999944],[-37.251545491999934,-8.687653339999935],[-37.25185341299989,-8.687871739999897],[-37.252179505999955,-8.688090223999952],[-37.252514560999934,-8.688335871999943],[-37.25281343899998,-8.688545188999962],[-37.25315762199992,-8.688781837999922],[-37.25344749799996,-8.688973030999891],[-37.25380985499989,-8.689209762999937],[-37.25410890099989,-8.689382914999978],[-37.25445325399994,-8.689583398999947],[-37.25483395099993,-8.689784048999961],[-37.25512399599992,-8.689939076999938],[-37.25545030299995,-8.690112353999913],[-37.255812870999925,-8.690303878999906],[-37.256202613999925,-8.690513609999892],[-37.25659239999991,-8.690714299999973],[-37.25696401299993,-8.69091490699993],[-37.25733562799994,-8.69111551299991],[-37.257707283999956,-8.691307077999944],[-37.258069854,-8.691498600999967],[-37.258432383999896,-8.69169916499992],[-37.25882217199992,-8.69189985299994],[-37.259220962999976,-8.692118664999962],[-37.259628882999955,-8.69232847599993],[-37.26002767599994,-8.692547286999961],[-37.26042651099989,-8.692757055999929],[-37.26081630099993,-8.692957742999958],[-37.26121513699994,-8.69316751199994],[-37.26162305999998,-8.693377321999929],[-37.26203094099996,-8.693596171999971],[-37.26242069199996,-8.693805898999887],[-37.26281048499993,-8.694006583999972],[-37.26320023699996,-8.694216308999943],[-37.263580944999916,-8.694416951999925],[-37.26396165299998,-8.69461759499997],[-37.26436049299998,-8.69482736099995],[-37.26475933299997,-8.695037126999942],[-37.265158173999964,-8.695246891999918],[-37.26553888399995,-8.695447532999903],[-37.2658522035609,-8.69562086396136],[-37.26590142199996,-8.695648091999908],[-37.26626400199994,-8.695839608999954],[-37.266644754999916,-8.696031207999955],[-37.26703451199993,-8.696240930999968],[-37.267433355999984,-8.696450693999921],[-37.26783215799997,-8.696669497999945],[-37.26824008899995,-8.69687930299991],[-37.26865702399994,-8.697107229999997],[-37.26908304599989,-8.697335197999925],[-37.269518154999915,-8.69756320699999],[-37.26995326399994,-8.69779121599994],[-37.27037928799992,-8.698019182999916],[-37.2708053119999,-8.698247149999942],[-37.271213204999974,-8.698465992999926],[-37.271621098999944,-8.698684834999945],[-37.272028993999946,-8.698903676999963],[-37.27243692999998,-8.699113477999925],[-37.27282669399991,-8.699323195999927],[-37.273216499999926,-8.699523871999931],[-37.27359717799988,-8.699733547999921],[-37.2739869439999,-8.699943264999908],[-37.274385795999926,-8.700153022999888],[-37.274793693999946,-8.700371862999937],[-37.27520163399997,-8.700581660999921],[-37.27560953299993,-8.700800499999914],[-37.27601743299994,-8.701019337999965],[-37.27642533299996,-8.701238176999894],[-37.276851406999945,-8.701457096999912],[-37.27727743999996,-8.70168505799991],[-37.27769438699995,-8.701912976999921],[-37.278093243999926,-8.702122731999927],[-37.27848301499993,-8.702332444999945],[-37.278863699999924,-8.702542116999966],[-37.27922633699995,-8.702724582999936],[-37.27957079999994,-8.702906966999924],[-37.2799333959999,-8.70309847299996],[-37.280296032999914,-8.703280937999974],[-37.28065858899997,-8.70348148599993],[-37.281030271999924,-8.703673031999918],[-37.28140191499994,-8.703873619999953],[-37.28180077699994,-8.704083370999928],[-37.282199638999955,-8.704293122999909],[-37.28261659299992,-8.704521037999912],[-37.283033587999974,-8.704739911999937],[-37.28345963,-8.704967866999908],[-37.283885671999954,-8.705195821999943],[-37.28430266899994,-8.705414694999913],[-37.28471966599992,-8.705633566999941],[-37.28513666499997,-8.705852438999905],[-37.28554457699991,-8.706071268999958],[-37.28595248899996,-8.706290098999895],[-37.286351397999965,-8.706490806000003],[-37.28674138499996,-8.70665530699992],[-37.28714066499998,-8.706774642999939],[-37.28754919699996,-8.706857853999956],[-37.287957768999945,-8.706932023999942],[-37.28837546999992,-8.706997193999944],[-37.28878404399997,-8.707071362999914],[-37.28919265799995,-8.707136490999964],[-37.28960123199992,-8.707210659999895],[-37.290000718999934,-8.707284786999914],[-37.29040024799994,-8.70734987299994],[-37.29079973599995,-8.707423998999943],[-37.29119017799995,-8.707489042999967],[-37.29156244699989,-8.707554005999915],[-37.292034546999965,-8.707646539999889],[-37.29249764299994,-8.707720949999938],[-37.29294256599999,-8.707795278999976],[-37.29338744799999,-8.707878647999976],[-37.29384145799996,-8.70795301599996],[-37.29419555499993,-8.708017893999928],[-37.294576911999954,-8.70808289399997],[-37.29497640199996,-8.708157016999971],[-37.29528792515433,-8.708211214238377],[-37.295403152999896,-8.708231260999938],[-37.295838990999954,-8.708305544999934],[-37.29626574199996,-8.708379788999903],[-37.296665232999956,-8.70845390999992],[-37.29702841799995,-8.708518825999896],[-37.29749151699995,-8.708593230999973],[-37.29790009599994,-8.708667390999953],[-37.29810986999994,-8.708704658676407],[-37.29831776199997,-8.70874159199999],[-37.29870820799992,-8.708806627999941],[-37.29910774199992,-8.708871705999993],[-37.299507233999975,-8.70894582399992],[-37.299870379999966,-8.709019778999933],[-37.300233607999985,-8.709075650999976],[-37.30060588199997,-8.709140604999948],[-37.301005374999896,-8.70921472099993],[-37.30135042999994,-8.709270510999945],[-37.30174087799996,-8.709335544999949],[-37.302113152999915,-8.709400497999967],[-37.30249451399993,-8.709465490999925],[-37.30281230899991,-8.709521157999964],[-37.30316640999993,-8.709586027999908],[-37.303574991999916,-8.709660182999952],[-37.3040380959999,-8.709734579999944],[-37.30441945799994,-8.709799570999918],[-37.30482804099996,-8.70987372399994],[-37.30504315299991,-8.709911142542522],[-37.30525479799997,-8.709947957999887],[-37.30569060099995,-8.710031272999986],[-37.306126363999965,-8.710123628999948],[-37.30654378999998,-8.710252068999955],[-37.30692458499992,-8.710443633999926],[-37.30728700299989,-8.710680324999888],[-37.30765850799993,-8.710917055999968],[-37.30802997299994,-8.711162827999901],[-37.3084014799999,-8.711399557999925],[-37.30876385899997,-8.71164528899994],[-37.30913536699997,-8.711882017999908],[-37.30949774699996,-8.712127748999883],[-37.30986925499996,-8.712364477999916],[-37.31023167699992,-8.712601165999914],[-37.31060310499998,-8.71285597699992],[-37.310992707999965,-8.71311086899994],[-37.31140953199994,-8.71337492299992],[-37.31183536199993,-8.713657098999917],[-37.312270238999915,-8.713948355999923],[-37.312705157999986,-8.714230571999911],[-37.31313094899997,-8.714521787999972],[-37.31356586899994,-8.714804002999893],[-37.31400078999998,-8.715086217999964],[-37.314444716999944,-8.715386554999913],[-37.31488868599994,-8.715677850999958],[-37.31533269499991,-8.71596010499998],[-37.31575849099994,-8.716251318999943],[-37.31617524099993,-8.716533450999954],[-37.31659203299995,-8.716806541999935],[-37.31700886499991,-8.717070590999954],[-37.3174074829999,-8.717343599999893],[-37.31781522999995,-8.717607607999968],[-37.31820484299994,-8.717862493999947],[-37.318603503999924,-8.718126460999924],[-37.31899307799994,-8.718390387999898],[-37.319391738999954,-8.718654354999927],[-37.3197904419999,-8.718909278999915],[-37.320189064999944,-8.719182286999937],[-37.320596855999945,-8.719437250999903],[-37.32098643299996,-8.719701175999905],[-37.32138509799996,-8.719965140999923],[-37.32180189699996,-8.720238227999923],[-37.32221865699995,-8.720520354999964],[-37.322653550999945,-8.72081160299993],[-37.3230703529999,-8.721084688999937],[-37.323478026999965,-8.721366774999982],[-37.32384014499991,-8.721675783999947],[-37.324174759999934,-8.722038919999903],[-37.3243917259999,-8.722293038999949],[-37.32471721399995,-8.722665175999957],[-37.32503361599999,-8.723037272999912],[-37.325350058999966,-8.723400328999936],[-37.32566650199994,-8.723763383999904],[-37.32597389899995,-8.724117357999964],[-37.326290383999954,-8.724471370999947],[-37.326597781999965,-8.724825344999957],[-37.32689609299993,-8.725179277999944],[-37.32722158699989,-8.72555141399991],[-37.32755612799998,-8.725932630999937],[-37.32789066999994,-8.726313847999952],[-37.32823425899992,-8.72670414599999],[-37.32856876199993,-8.727094403999935],[-37.32889425899995,-8.727466538999986],[-37.329201620999946,-8.727829552999946],[-37.3294999779999,-8.728174442999956],[-37.329789326999965,-8.728501211000001],[-37.33006958999995,-8.728827938999938],[-37.330349893999944,-8.729145625999909],[-37.3306301979999,-8.729463311999965],[-37.33092875699996,-8.729762994999897],[-37.33126382799998,-8.73002667299993],[-37.33162620199993,-8.730281428999941],[-37.331997623999946,-8.730545266999979],[-37.332323447999926,-8.730845068999894],[-37.33261276199993,-8.731180876999952],[-37.3328929089999,-8.731534727999936],[-37.333191190999976,-8.731897698999965],[-37.333480425999944,-8.73225158999998],[-37.3337696619999,-8.732605479999949],[-37.334067945999905,-8.732968450999953],[-37.33438436599992,-8.733340542999947],[-37.33469173799991,-8.733703553999907],[-37.33499907099993,-8.73407560599996],[-37.33531549199991,-8.734447697999917],[-37.33561365899992,-8.734837792999908],[-37.33588452299993,-8.735236808999904],[-37.336109788999984,-8.735671790999914],[-37.336298583999934,-8.736133736999879],[-37.336478292999985,-8.736595643999946],[-37.33665804199994,-8.737048508999976],[-37.33683779099992,-8.737501373999944],[-37.337017579999944,-8.737945197999993],[-37.337188282999925,-8.738388981999913],[-37.33735898499995,-8.738832765999959],[-37.33752976799997,-8.739258466999962],[-37.33769150399996,-8.739675086999954],[-37.33784419199993,-8.74008262599991],[-37.33800600799996,-8.74048116299999],[-37.33815873699992,-8.740879659999923],[-37.33832059399998,-8.741269155999893],[-37.33848245199991,-8.741658651999952],[-37.33862617399995,-8.74203902699997],[-37.33877894399994,-8.742428482999935],[-37.338922665999974,-8.742808856999899],[-37.33908456399997,-8.743189311999965],[-37.33929210199992,-8.743524758999955],[-37.33953627299994,-8.743797074999964],[-37.339925848999954,-8.744070028999957],[-37.34033408099995,-8.744234565999948],[-37.34076981799992,-8.744344973999915],[-37.34113293299993,-8.744436979999938],[-37.34152327099995,-8.74453814699994],[-37.34192269699993,-8.744639352999931],[-37.34230394799991,-8.744740478999988],[-37.34266706299993,-8.744832483999916],[-37.34312085799994,-8.744970092999939],[-37.343528853999906,-8.7451888749999],[-37.34386382699992,-8.745479669999925],[-37.34413482699993,-8.745851558999975],[-37.344387610999924,-8.746232409999962],[-37.344658490999954,-8.746631421999966],[-37.34490230799997,-8.746985108999938],[-37.345029302622784,-8.747174069924647],[-37.345146085999914,-8.74734783699993],[-37.34538990299996,-8.747701523999993],[-37.34561546599998,-8.748073213999898],[-37.345768443999916,-8.748417460999955],[-37.34583939199991,-8.748815599999947],[-37.34586497899993,-8.749195458],[-37.34586775513272,-8.749262731065148],[-37.345881398999936,-8.749593357999936],[-37.34576157699995,-8.749972579999929],[-37.34560580299993,-8.750261228999928],[-37.34553739367223,-8.75039267797434],[-37.34541331699997,-8.75063109199994],[-37.345202614999934,-8.751009915999937],[-37.34501012799991,-8.751379777999919],[-37.34480863299993,-8.751731516999943],[-37.344625312999945,-8.752083335999911],[-37.344451200999956,-8.752408069999907],[-37.34442723136999,-8.75245277520143],[-37.34427708799995,-8.752732803999955],[-37.34408467899989,-8.753084582999945],[-37.34390147799995,-8.753409276999923],[-37.343736452999934,-8.753734049999958],[-37.34368568529342,-8.753824931023857],[-37.34353491499993,-8.754094829999936],[-37.34334234399994,-8.754482772999951],[-37.34322259799993,-8.75484391099996],[-37.34315718099995,-8.755250493999934],[-37.34316426799991,-8.755702601999886],[-37.34321715599999,-8.756073536999937],[-37.34326754248444,-8.75623407957923],[-37.34333366199995,-8.756444750999924],[-37.34345929599993,-8.756806962999944],[-37.34359397799991,-8.757178256999927],[-37.34372865999993,-8.757549549999942],[-37.34386334299994,-8.757920843999939],[-37.3438829646363,-8.757976270414272],[-37.34399798599998,-8.758301177999934],[-37.344132627999954,-8.758681512999912],[-37.34427627999999,-8.759079969999943],[-37.34443790799997,-8.75952371399992],[-37.34459040799995,-8.759976459999956],[-37.34476104499995,-8.760438325999951],[-37.344922633999886,-8.760891110999948],[-37.34508418399995,-8.761352937999929],[-37.34525482199992,-8.761814803999924],[-37.34542541999995,-8.762285710999912],[-37.34558700999999,-8.762738496999926],[-37.34574860099999,-8.763191282],[-37.34591023199992,-8.763635024999909],[-37.34606277399997,-8.764078728999946],[-37.34622448599997,-8.764504389999933],[-37.34641346299999,-8.764930169999966],[-37.34665696999992,-8.765356188999943],[-37.34692782299991,-8.765764244999929],[-37.34722614199992,-8.766127211999954],[-37.34754263899998,-8.766490258999974],[-37.34784996699992,-8.766871348999919],[-37.34812999099993,-8.767261360999914],[-37.34835540499993,-8.76766921699989],[-37.34855351399993,-8.768085994999943],[-37.34872423799988,-8.768529777999971],[-37.34888579399997,-8.768991603999948],[-37.349038260999954,-8.769453390999951],[-37.34919985799996,-8.769906174999932],[-37.34935236599992,-8.770358919999987],[-37.34951392299993,-8.77082074699993],[-37.34967551999994,-8.771273530999961],[-37.34983707799992,-8.771735357999944],[-37.349989586999975,-8.772188102999962],[-37.350142136999956,-8.772631805999945],[-37.35029472699994,-8.773066467999971],[-37.35044735599996,-8.77349208899994],[-37.35059089799996,-8.773917669999944],[-37.350698084999934,-8.77434309299999],[-37.35075982999994,-8.774768315999927],[-37.35076704199999,-8.77519330199994],[-37.35073793899995,-8.775609086999955],[-37.35065426499991,-8.77603367499991],[-37.35056150099995,-8.77645822299995],[-37.350459608999955,-8.776891772999909],[-37.35036672499992,-8.777343446000001],[-37.350255583,-8.777813120999895],[-37.3501535299999,-8.778282836999937],[-37.35005147599994,-8.778752551999974],[-37.34994942199991,-8.779222266999986],[-37.349847407999945,-8.779682940999967],[-37.349736263999894,-8.780152615999949],[-37.34963416899997,-8.780631371999968],[-37.349532073999974,-8.781110128999952],[-37.349420928999926,-8.781579803999884],[-37.349327961999926,-8.782049557999896],[-37.34922598499995,-8.782501189999916],[-37.349124047999965,-8.7829437799999],[-37.349022070999986,-8.783395411999921],[-37.348920012999905,-8.783865125999993],[-37.34882712399992,-8.784316796999937],[-37.34872514599991,-8.784768427999966],[-37.34866873199998,-8.785193134999878],[-37.34864871299992,-8.78560895899992],[-37.348674057999965,-8.786043063999912],[-37.348735759999975,-8.786477329999979],[-37.34880599499997,-8.78674543299993],[-37.34885195499995,-8.78692087499994],[-37.34898636799994,-8.787355458],[-37.34912986999996,-8.787790081999917],[-37.34927329199988,-8.788242787999923],[-37.34940770599997,-8.788677371999926],[-37.34954219999997,-8.789093872999949],[-37.34967669399993,-8.789510372999915],[-37.34981122899996,-8.789917832999945],[-37.34994572299993,-8.790334333999981],[-37.35007124899993,-8.79072366999996],[-37.35018776599995,-8.791094884999925],[-37.350304202999965,-8.791484181999943],[-37.35044782799995,-8.791891680999983],[-37.35058228299994,-8.792317222999962],[-37.35072582799992,-8.792742804999907],[-37.350896760999916,-8.793141381999886],[-37.35110428999994,-8.793485869999909],[-37.35137552399994,-8.79381255399994],[-37.35169240299996,-8.794094229999935],[-37.35205484799994,-8.794348979999942],[-37.35247186899991,-8.794594925999958],[-37.35291611799989,-8.794850033999982],[-37.35336941699996,-8.795114221999922],[-37.353822715999925,-8.795378408999987],[-37.35426696699994,-8.79563351499994],[-37.35455710199992,-8.795797530999911],[-37.35498321499995,-8.79604351599995],[-37.35540023999994,-8.796289459999954],[-37.355817305999935,-8.796526361999975],[-37.35622528299993,-8.79676322499997],[-37.35663325999996,-8.797000086999958],[-37.357050286999915,-8.797246029999947],[-37.357485533999984,-8.797483009999928],[-37.35792066099998,-8.797747114999911],[-37.35835582899994,-8.798002176999903],[-37.35880008699996,-8.798257278999927],[-37.359235295999916,-8.798503298999934],[-37.359670464999944,-8.798758359999974],[-37.36009654699997,-8.79901338099992],[-37.360549895999974,-8.799268520999874],[-37.36099415699995,-8.79952361999996],[-37.36142932999996,-8.799778679999932],[-37.36185541399995,-8.800033699999936],[-37.36228157799994,-8.80027063599996],[-37.362698612999964,-8.800516573999987],[-37.36311568899998,-8.800753469999941],[-37.36352367599996,-8.800990325999967],[-37.36394071299997,-8.801236262999941],[-37.36437588999998,-8.801491319999988],[-37.36480201799994,-8.801737295999947],[-37.365246285999895,-8.801992390999901],[-37.36525180865461,-8.801995627798327],[-37.36568146499996,-8.802247446999967],[-37.36612573399994,-8.802502541999933],[-37.36657000299995,-8.802757635999946],[-37.367023322999955,-8.803021810999955],[-37.36747664399995,-8.803285985999914],[-37.36793000499991,-8.80354111799992],[-37.368374237999944,-8.803805251999972],[-37.36881851099995,-8.804060343999911],[-37.369253694999955,-8.804315396999902],[-37.36967982999991,-8.804561367999929],[-37.37011505499988,-8.804807377999916],[-37.370532101999935,-8.805053308999938],[-37.37094918899989,-8.805290198999941],[-37.37137532699993,-8.805536167999959],[-37.37179241499995,-8.805773056999982],[-37.37220946399994,-8.806018985999918],[-37.37259003699994,-8.806291882999968],[-37.372934133999884,-8.80659174599997],[-37.37324167599992,-8.806936658999934],[-37.37350369199989,-8.807299457999957],[-37.37374737099995,-8.807698344999912],[-37.37397279199993,-8.808115235999944],[-37.374198253999936,-8.808523085999946],[-37.37442375499992,-8.80892189299993],[-37.37464921699992,-8.809329742999982],[-37.37487463999996,-8.809746633999977],[-37.37510006399999,-8.810163523999966],[-37.37532548799992,-8.810580414999922],[-37.375541861999935,-8.810988224999969],[-37.37574922599996,-8.811377911999957],[-37.37596564099994,-8.811776680999923],[-37.37617304499996,-8.812157326999916],[-37.37638949999991,-8.81254705299993],[-37.37660595499995,-8.812936779999973],[-37.376822371999886,-8.813335547999971],[-37.37703878799993,-8.813734315999957],[-37.377264294999925,-8.814133122999994],[-37.377480711999965,-8.814531890999904],[-37.37770614099995,-8.814948780999956],[-37.377940620999944,-8.815374751999943],[-37.37816601099995,-8.815800682999978],[-37.37840053099992,-8.816217612999921],[-37.37863505099996,-8.816634541999987],[-37.378860442999965,-8.817060472999945],[-37.37907682399999,-8.817468281999911],[-37.37930229499996,-8.817876129999966],[-37.37953681699999,-8.818293058999904],[-37.37978035099993,-8.818728109999949],[-37.38002384499994,-8.819172202999953],[-37.380037707371656,-8.819197924603687],[-37.380258289999986,-8.819607214999959],[-37.380483684999945,-8.820033145999917],[-37.38070907999994,-8.820459075999945],[-37.38093455499993,-8.820866924],[-37.38115093999994,-8.821274732999903],[-37.38137641499994,-8.821682580999973],[-37.38160189099994,-8.822090427999973],[-37.38182736699997,-8.822498275999989],[-37.38205284399989,-8.822906122999887],[-37.38226923099996,-8.823313931999955],[-37.38249474799992,-8.823712737999898],[-37.382711174999955,-8.824111503999939],[-37.38294574399996,-8.82451939099993],[-37.38317114399991,-8.824945320999984],[-37.38340563399998,-8.825371290999941],[-37.383640085999936,-8.82580630199993],[-37.38380092211336,-8.826104722702974],[-37.383874537999894,-8.826241311999967],[-37.38410899099991,-8.826676322999917],[-37.3843525729999,-8.827102331999976],[-37.38458702699992,-8.827537341999985],[-37.38483053199999,-8.82798143299993],[-37.38508312699995,-8.828425563999929],[-37.38530853199994,-8.828851493999895],[-37.38549761499992,-8.829268224999973],[-37.385577113999894,-8.829514323999947],[-37.38563215899995,-8.829684721999953],[-37.38570303099989,-8.830109986999902],[-37.38571936299996,-8.830535016999862],[-37.385690204999904,-8.830968892999932],[-37.385615477999956,-8.831429697999988],[-37.38554063199994,-8.831917627999932],[-37.385479704999916,-8.83230766399992],[-37.38546582599998,-8.83239651599998],[-37.38539105799994,-8.832866361999926],[-37.38532545899992,-8.833318164999952],[-37.38525993899995,-8.833751883999993],[-37.38521267699994,-8.834167597999963],[-37.385219956999954,-8.834583547999918],[-37.385299918999955,-8.83500885199993],[-37.385425333999926,-8.835434350999941],[-37.38560540799995,-8.835832960999895],[-37.38581275299993,-8.836231688999927],[-37.38602013799993,-8.836621374999897],[-37.386227562999984,-8.837002018999934],[-37.386425897999956,-8.837382623999908],[-37.38662431199997,-8.837745145999927],[-37.38682264799993,-8.83812575099995],[-37.38702098399989,-8.838506355999886],[-37.38709418392013,-8.838640683999925],[-37.387228409999985,-8.83888699999991],[-37.38742662899996,-8.839294728999969],[-37.38758840799994,-8.83972038599995],[-37.38772287699993,-8.840154965999908],[-37.38782094399991,-8.84059843099995],[-37.38790992199994,-8.841041856999954],[-37.38800798999993,-8.841485322999976],[-37.38814241999994,-8.841928944999905],[-37.38832234199996,-8.842363719999952],[-37.38852961399995,-8.842780529999933],[-37.38874593799996,-8.843206420999937],[-37.38895321199995,-8.843623230999993],[-37.38915151299996,-8.844012876999923],[-37.38934985299991,-8.844393481999933],[-37.38953009199996,-8.844755924999937],[-37.38968305899994,-8.845118250999928],[-37.38982689699996,-8.845489579999931],[-37.38996156499992,-8.845878951999932],[-37.39009615599997,-8.846286407999944],[-37.39023975799993,-8.846711984999942],[-37.39038336099999,-8.847137562999919],[-37.39052692499994,-8.84757218199994],[-37.39067048899996,-8.848006801999928],[-37.390814013999936,-8.848450461999944],[-37.390966550999934,-8.848912244999916],[-37.391146438999925,-8.849356061999934],[-37.39136288699993,-8.849754827999949],[-37.391625023999964,-8.850099538999881],[-37.39191462999995,-8.850399159999911],[-37.392195144999924,-8.850698741999969],[-37.39246653099996,-8.851007325999905],[-37.392719657999976,-8.851333914999934],[-37.39291812299995,-8.851687393999939],[-37.39307097699997,-8.852076843999903],[-37.39319655999996,-8.852466177999897],[-37.393331233999966,-8.852855549999937],[-37.39346586899993,-8.85325396399995],[-37.39360046399997,-8.853661418999893],[-37.393735059999926,-8.854068873999914],[-37.39386969499993,-8.854467287999926],[-37.39400433099993,-8.854865701999902],[-37.394129914999944,-8.855255034999955],[-37.39425549999989,-8.855644367999933],[-37.394381122999945,-8.856024659999955],[-37.39451575999995,-8.856423072999938],[-37.394641344999954,-8.856812405999914],[-37.39476689099996,-8.857210780999928],[-37.394892475999946,-8.857600113999958],[-37.39500904899992,-8.857971324999905],[-37.395080128999936,-8.858351382999954],[-37.39509662399994,-8.858740247999949],[-37.395067664999935,-8.85912891799997],[-37.3949932899999,-8.859508350999917],[-37.394918914999906,-8.85988778399993],[-37.39485366899993,-8.860258214999922],[-37.39476984999994,-8.860718982999988],[-37.39474966599992,-8.861180023999923],[-37.39478410699997,-8.861623215999916],[-37.394891471999934,-8.862021512999906],[-37.395044291999966,-8.862420004999944],[-37.39521529399994,-8.862818574999956],[-37.395386296999945,-8.863217144999929],[-37.395454979500215,-8.86337612874258],[-37.39556631199992,-8.863633836999908],[-37.39571932999997,-8.863987120999964],[-37.39588131999993,-8.864367568999947],[-37.39600733999998,-8.864657444999956],[-37.39616035799997,-8.865010728999923],[-37.396304323999935,-8.865354932999923],[-37.39645734199993,-8.865708216999955],[-37.39664637299997,-8.866143031],[-37.39679943099995,-8.866487272999919],[-37.39695241099993,-8.866849598999986],[-37.39710542999991,-8.867202882999955],[-37.397258410999946,-8.867565207999979],[-37.397420482999934,-8.867927572999932],[-37.39757342499994,-8.86829893999993],[-37.39773549699999,-8.868661303999904],[-37.39788843899996,-8.869032670999927],[-37.39805047299998,-8.869404076999974],[-37.39820341599994,-8.869775443999972],[-37.398356436999975,-8.870128727999953],[-37.398509458999946,-8.870482011999957],[-37.39869845399994,-8.870925866999883],[-37.39884250299994,-8.871251986999937],[-37.39898651199994,-8.871587148999927],[-37.39913949599997,-8.871949473999914],[-37.39929251899993,-8.872302757999906],[-37.39943648999995,-8.872646960999877],[-37.39961647399996,-8.873072693999937],[-37.39977851099994,-8.873444099999947],[-37.39994975599994,-8.87378841999993],[-37.40020278499995,-8.874142131999966],[-37.40049237499992,-8.874450791999942],[-37.40083666999993,-8.874723518999916],[-37.40114506999999,-8.874887591999931],[-37.40153533199995,-8.875042971999923],[-37.401889267999906,-8.875189155999966],[-37.40228862099992,-8.87534457499993],[-37.402642557999975,-8.875490756999977],[-37.40301467699994,-8.875637017999937],[-37.40316439730067,-8.875698855037351],[-37.40336861399989,-8.875783199999944],[-37.403768007999936,-8.87592957599997],[-37.40418531199995,-8.876139319999927],[-37.40447529799992,-8.876357561999958],[-37.40472864599992,-8.87663893999993],[-37.40490914499995,-8.876947130999945],[-37.405070875999925,-8.877390867999955],[-37.40514165399997,-8.877843258999949],[-37.40520345799992,-8.87826848499995],[-37.405256169999944,-8.87869367299993],[-37.40530022099991,-8.879019364999968],[-37.405362024999924,-8.879444591999922],[-37.405423789999894,-8.879878859999922],[-37.40547654199996,-8.880295006999972],[-37.40553830699994,-8.88072927499992],[-37.40559098099988,-8.881163504999948],[-37.40566171999996,-8.881624936999987],[-37.405723367999954,-8.882086329999938],[-37.40577611999995,-8.88250247699995],[-37.40583800299993,-8.88290961999996],[-37.405890754999966,-8.883325766999985],[-37.405943545999904,-8.883732871999936],[-37.40599637599994,-8.884130934999952],[-37.40606703799993,-8.884610449999956],[-37.40611963399994,-8.885062762999938],[-37.406217805,-8.885488144999952],[-37.40633415899995,-8.885913604999912],[-37.4065050639999,-8.886339298999921],[-37.40669422999997,-8.886746985999904],[-37.40689252699997,-8.887145670999919],[-37.407072758999966,-8.887517153999937],[-37.407253029999914,-8.887879593999976],[-37.40742424799994,-8.888232954999964],[-37.40763159999991,-8.888640719999973],[-37.40783891199993,-8.889057526999991],[-37.40805527799991,-8.889483413999926],[-37.40827164399994,-8.889909300999937],[-37.40846994499999,-8.890307985999927],[-37.408677258999944,-8.890724791999927],[-37.408829905999944,-8.891168490999968],[-37.408900648999975,-8.891629922999904],[-37.40888956699994,-8.892091005999905],[-37.408814880999934,-8.89254277499994],[-37.40873110199994,-8.89299450599994],[-37.408638192999916,-8.89345523899991],[-37.40854516599992,-8.893943097999912],[-37.40845217699996,-8.894421913999949],[-37.40836828099999,-8.894900768999923],[-37.40828446199999,-8.895361540999906],[-37.40822228699996,-8.895669854999946],[-37.408191550999945,-8.89582227399995],[-37.40813504599997,-8.896274120999934],[-37.408178472999914,-8.89674447799992],[-37.40832206799997,-8.897179095999913],[-37.40853863299996,-8.897559775999948],[-37.408828167999935,-8.897886516999971],[-37.40912695199996,-8.898177129999917],[-37.40924037099996,-8.898290893999915],[-37.409425696999946,-8.89847678499995],[-37.409715427999956,-8.898758316999924],[-37.40999606899991,-8.899039809999962],[-37.41027670899994,-8.899321302999988],[-37.41056644199994,-8.899602834999898],[-37.41085613699993,-8.899893408999933],[-37.41114587099994,-8.90017493999994],[-37.41140840699996,-8.900438271999963],[-37.411734353999975,-8.900756124999939],[-37.41205116999999,-8.901082980999965],[-37.41233181399997,-8.90136447299996],[-37.41263965599992,-8.901664163999968],[-37.4129564739999,-8.901991018999937],[-37.413291476999945,-8.902317951999983],[-37.41363553299993,-8.90265396399993],[-37.41397955099995,-8.902999017999898],[-37.41432356999992,-8.903344071999994],[-37.41467668099995,-8.903689163999971],[-37.41504789899993,-8.904052416999953],[-37.4154190799999,-8.904424710999951],[-37.415781206999924,-8.904787924999932],[-37.416134281999966,-8.905142057999928],[-37.41648739699998,-8.905487148999939],[-37.416831419999944,-8.905832200999924],[-37.41717544399991,-8.906177252999973],[-37.417510415999985,-8.90651322399996],[-37.417845387999925,-8.906849194999923],[-37.41817130699993,-8.907176085999906],[-37.4184972269999,-8.907502977000002],[-37.41881409399995,-8.90782078699991],[-37.41914906799995,-8.908156756999968],[-37.41949313499994,-8.908492765999952],[-37.41984621699989,-8.908846896999952],[-37.420190285999944,-8.909182904999955],[-37.42052522399993,-8.909527916999936],[-37.42086929299991,-8.909863924999927],[-37.42120427099997,-8.91019989399993],[-37.42153023499999,-8.910517740999982],[-37.42184710699996,-8.91083554899992],[-37.42215496499996,-8.911135235999971],[-37.422462823999986,-8.91143492199993],[-37.42279803799994,-8.911716639999963],[-37.42315143599996,-8.911998434999953],[-37.42353211299995,-8.91228034599991],[-37.423903658999926,-8.912571259999906],[-37.42426615199999,-8.912853092999942],[-37.4245829889999,-8.91317994099992],[-37.42485424999995,-8.913533721999926],[-37.42506166999989,-8.913932440999917],[-37.42522358999995,-8.914340008999956],[-37.425403656999926,-8.914756695999948],[-37.425565499999934,-8.915182346999902],[-37.425727459999926,-8.91558087399991],[-37.42588945799993,-8.915970358999994],[-37.42605145699996,-8.916359842999922],[-37.42621345699991,-8.916749327999955],[-37.426348139999924,-8.917147738999954],[-37.426400951999895,-8.917554844999923],[-37.426371932999956,-8.917961604999967],[-37.42624289499998,-8.918367940999923],[-37.42602304799992,-8.918746765999938],[-37.42569432299994,-8.919070878999953],[-37.42532938199993,-8.919358670999966],[-37.424946215999924,-8.919655426999913],[-37.42457221999992,-8.919934137999915],[-37.42419818499993,-8.920221889999885],[-37.42381505699996,-8.920509602999983],[-37.423422796999944,-8.920806317999935],[-37.42302144299995,-8.92110299399995],[-37.42262008899993,-8.921399669999966],[-37.42222778799991,-8.921705425999948],[-37.421835564999974,-8.92199309699993],[-37.421452432999956,-8.922280806999925],[-37.42108752499997,-8.922559551999942],[-37.420749815999926,-8.92285649599992],[-37.420466583999925,-8.923171753999938],[-37.4202196059999,-8.92351429199995],[-37.420017972999965,-8.92388414799993],[-37.41986168699996,-8.924281322999907],[-37.41975078499994,-8.924696772999921],[-37.41967617599991,-8.925130461999927],[-37.419619751999974,-8.925564227999928],[-37.41959914490294,-8.925722647856874],[-37.41959890268025,-8.92572450997672],[-37.41959924062977,-8.925721911944304],[-37.41959914490294,-8.925722647856874],[-37.419563327999974,-8.925997994999895],[-37.41950686399997,-8.926440801999915],[-37.41945047899997,-8.926865526999972],[-37.41940326299991,-8.927272206999932],[-37.41933786199998,-8.927678808999906],[-37.41928135899993,-8.928130657999898],[-37.419215684999934,-8.92860055199995],[-37.41915012699995,-8.929043320999936],[-37.419137391725926,-8.929160039044644],[-37.419105727099115,-8.929450243343963],[-37.419102793999976,-8.929477124999943],[-37.41905545999996,-8.92991092999997],[-37.41905358999995,-8.930344927999945],[-37.419079153999974,-8.930742875999947],[-37.41911346099989,-8.931222236999899],[-37.41914800099995,-8.931647348999952],[-37.41916443299992,-8.93205429899992],[-37.41919889499994,-8.932497493999916],[-37.419224380999914,-8.932913524999947],[-37.41924508299993,-8.933339928999949],[-37.41925012393011,-8.93338506810283]]}},{"type":"Feature","properties":{"fid":577,"CODIGO_SRE":"654EPE0010","UF":"PE","RODOVIA":"639","LOCAL_INIC":"Entr. BR-407 (Burrinho) / Núcleo 03","LOCAL_FIM":"Entr. VPE-639 (Núcleo 3)","KM_INICIAL":0,"KM_FINAL":9.89,"EXTENSAO":9.89,"SITUACAO":"PAV","DESC_SITUA":"PAVIMENTADA","TIPO_REVES":"TSD","DESC_REVES":"TRATAMENTO SUPERFICIAL DUPLO","IDENTIFICA":"Eixo Principal","OBSERVACAO":"11","EXTENSAO_1":9.89,"REGISTRO":"M11","STATUS_FED":"20.767.799,57","CONCT_ROD":"PE639","COD":"M11","Fase (Obra":"-","STATUS":"FINALIZADA","ROD.":"VPE639","DRO":"8","CUSTO OBRA":"20767799.57","CUSTO TOTA":"22.028.617,27"},"geometry":{"type":"MultiLineString","coordinates":[[[-40.61974031644677,-9.355186123850377],[-40.619538280114305,-9.354546768367886],[-40.61939506448623,-9.354037841403821],[-40.61927486565552,-9.353564718346776],[-40.61911374807393,-9.353007200366044],[-40.618950073070415,-9.352421550744081],[-40.618840103927425,-9.352101873002836],[-40.61866875665812,-9.351575044085262],[-40.61848590099013,-9.350970213798826],[-40.61833245567433,-9.350507320429502],[-40.61820969942168,-9.350064886435618],[-40.61818412520239,-9.349804029398761],[-40.61821225684362,-9.349581533690854],[-40.61833245567433,-9.349364152826807],[-40.618641903727855,-9.34912631258732],[-40.61924801272526,-9.348865455550463],[-40.620370720952515,-9.348412791868858],[-40.621040765498165,-9.348134032878493],[-40.62135277097362,-9.347998489516204],[-40.62161362801048,-9.347852716466196],[-40.62198701161225,-9.34755605552232],[-40.622273442868405,-9.347254279734583],[-40.62249082373245,-9.346926929727548],[-40.622833518271065,-9.346259442603825],[-40.6231097198395,-9.345620087121334],[-40.623314313593895,-9.34517253828359],[-40.62342939758074,-9.344916796090594],[-40.623529137036016,-9.344592003505488],[-40.62354703898953,-9.344180258574763],[-40.62345241437812,-9.343794087863337],[-40.623247820623725,-9.343459065590512],[-40.62276702530089,-9.34282226752995],[-40.622219737007875,-9.342131763608858],[-40.62186169793768,-9.341648410864094],[-40.62138857488063,-9.341057646398271],[-40.62118398112624,-9.340773772564045],[-40.62106378229553,-9.340553834278067],[-40.62093846862096,-9.340213697161381],[-40.620907779557804,-9.339789165121006],[-40.62099984674728,-9.338901739711307],[-40.62106633971746,-9.33800919945775],[-40.62116096432886,-9.33712688889191],[-40.62118653854816,-9.336242020904143],[-40.621288835425354,-9.334866127905821],[-40.62138601745869,-9.333444201312757],[-40.62148831433589,-9.332104112221455],[-40.62155480730607,-9.331577283303881],[-40.62168651453546,-9.33131259013413],[-40.621909010243364,-9.33100953563543],[-40.622265770602596,-9.330729497934097],[-40.62301893136097,-9.330418771169606],[-40.625264347815495,-9.329499377985787],[-40.62611852674011,-9.32915156860331],[-40.626399843152406,-9.329003238131373],[-40.6266044369068,-9.328819103752414],[-40.626885753319094,-9.32840480139976],[-40.62714021680113,-9.32796364611684],[-40.627367827352884,-9.327675936149719],[-40.627421533213415,-9.32749180177076]],[[-40.57698164278172,-9.30860448712048],[-40.57697027431999,-9.308775014046432],[-40.577053643039335,-9.308941751485104],[-40.57743638125087,-9.309150173283467],[-40.578251121008094,-9.309589753803644],[-40.578743754349674,-9.309813333550983],[-40.57955091513241,-9.310135439966619],[-40.580646076945605,-9.310438598946048],[-40.58199513440408,-9.310859232030007],[-40.58335177083704,-9.311283654601233],[-40.58421956341567,-9.311548918708226],[-40.58594756959843,-9.312075657434983],[-40.58747094347008,-9.312564501289327],[-40.58861915810468,-9.312905555141194],[-40.59083600814178,-9.313621768230094],[-40.59263980406939,-9.314167454393068],[-40.5960389741263,-9.315217142359348],[-40.59728192594197,-9.31559609108364],[-40.60009751496345,-9.316513146996417],[-40.60366721194627,-9.317604519322403],[-40.60634258993975,-9.318377574719946],[-40.61018513000406,-9.319605368586666],[-40.61378514288482,-9.320711898861564],[-40.61679399575569,-9.32163653374884],[-40.61968916400927,-9.32252327376368],[-40.62181885583978,-9.323175065569465],[-40.62468370819542,-9.324008752762895],[-40.62525971025633,-9.324243700971964],[-40.62543402666953,-9.324687070979385],[-40.62550981641438,-9.325047072267443],[-40.62565760641686,-9.325335073297925],[-40.62599866026873,-9.325835285613962],[-40.62637760899302,-9.326475708958041],[-40.62672245233211,-9.326956973837872],[-40.62726434900785,-9.327373817434612],[-40.627421533213415,-9.327491801770758]]]}},{"type":"Feature","properties":{"fid":574,"CODIGO_SRE":"638EPE0050","UF":"PE","RODOVIA":"638","LOCAL_INIC":"Entr. BR-428 (km 180)","LOCAL_FIM":"Entr. BR-407 (Burrinho)","KM_INICIAL":0,"KM_FINAL":17.72,"EXTENSAO":17.72,"SITUACAO":"PAV","DESC_SITUA":"PAVIMENTADA","TIPO_REVES":"CBUQ","DESC_REVES":"CONCRETO BETUMINOSO USINADO QUENTE","IDENTIFICA":"Eixo Principal","OBSERVACAO":"12","EXTENSAO_1":17.72,"REGISTRO":"M12","STATUS_FED":"39.729.963,68","CONCT_ROD":"PE638","COD":"M12","Fase (Obra":"O","STATUS":"EM ANDAMENTO","ROD.":"PE638","DRO":"8","CUSTO OBRA":"39729963.68","CUSTO TOTA":"40.739.968,13"},"geometry":{"type":"LineString","coordinates":[[-40.44627032999995,-9.293151869999939],[-40.446555799810255,-9.292946700130072],[-40.446600361043295,-9.292924563770029],[-40.44735920016689,-9.292547599891742],[-40.44770390041463,-9.292413199809294],[-40.4480002998739,-9.292331800372242],[-40.448251100108166,-9.292300100169433],[-40.44844297235999,-9.292293235360395],[-40.44858369997774,-9.292288200340122],[-40.449246199952135,-9.292285499676028],[-40.45250239956607,-9.292284200155674],[-40.454279299849766,-9.292282899735998],[-40.455794799590294,-9.292291999975754],[-40.4560270998707,-9.292293500044916],[-40.45734510039602,-9.292313300418385],[-40.45835360013848,-9.292306700293906],[-40.460130600246934,-9.292317299703603],[-40.46062680028655,-9.292321200063256],[-40.46136439994706,-9.292309300233944],[-40.46234409980031,-9.29231860012322],[-40.46254989975802,-9.29233779974959],[-40.46279330037051,-9.29238349969867],[-40.462997899733246,-9.292444999836851],[-40.46324529963084,-9.292543599707269],[-40.46339680032201,-9.29261439973469],[-40.46352889993876,-9.292685199762111],[-40.46368320021946,-9.292781199692564],[-40.46412140028234,-9.293068999834393],[-40.466477499936616,-9.294528999713524],[-40.46671905757569,-9.294686560756654],[-40.46687950571219,-9.294791216184661],[-40.467074799962,-9.294918600413038],[-40.46770380019018,-9.295297799553719],[-40.46944319964394,-9.296363899973983],[-40.46974090042215,-9.296565000074624],[-40.469843499577784,-9.296654999728359],[-40.46992870044914,-9.296750299986268],[-40.469995699941535,-9.296854900133466],[-40.47006880043478,-9.297007099597925],[-40.47016609988555,-9.297201300099852],[-40.470190000268246,-9.297239499703084],[-40.47021940000525,-9.297286699721344],[-40.47027639993588,-9.297351500371395],[-40.470330700101684,-9.297390199997663],[-40.47038669998618,-9.297415100426525],[-40.47047120028559,-9.297445799683883],[-40.47056639981946,-9.297463699789855],[-40.47071049998955,-9.297469000394011],[-40.470846699615436,-9.297469600241804],[-40.47099220002996,-9.297478900131061],[-40.47114569991407,-9.297505399554503],[-40.471260400347155,-9.297534499817285],[-40.47137240011614,-9.297585399646417],[-40.471483700212545,-9.297650300121232],[-40.47181899984692,-9.297841499585488],[-40.472420499706224,-9.298211499561036],[-40.47254790036527,-9.298288200040355],[-40.47270140024937,-9.298371599569593],[-40.4728535997138,-9.298443700016714],[-40.47300789999456,-9.29850460030698],[-40.47314130003094,-9.298548900011648],[-40.47337730012225,-9.298616400426509],[-40.473583199904674,-9.298668699600746],[-40.47395739971421,-9.298762700338324],[-40.47586109990976,-9.299217300438038],[-40.47651670028545,-9.29937500015609],[-40.476699000058765,-9.299425200312712],[-40.47696010022837,-9.299491900330912],[-40.477299400047244,-9.299563099657297],[-40.4774302001436,-9.299594799860076],[-40.47778819956572,-9.299687099979623],[-40.478065199749146,-9.299753299974784],[-40.478822900156665,-9.299919400260086],[-40.479360700136176,-9.300037199756908],[-40.480007100447274,-9.300200000429648],[-40.48068029965605,-9.300354799834098],[-40.481797499554936,-9.300631399819222],[-40.482661300178805,-9.300843899726154],[-40.48310499959603,-9.300953000080805],[-40.484017100109035,-9.301172299761781],[-40.48475860012923,-9.30133020002864],[-40.48621039998995,-9.301679000285562],[-40.48701531784982,-9.301831856585357],[-40.4878535346269,-9.302075136687234],[-40.48791537997827,-9.302090089035316],[-40.488054399590844,-9.302123699748904],[-40.488253499599296,-9.302149500399091],[-40.48843730034112,-9.302161400228378],[-40.48865919996207,-9.302165299688784],[-40.48883090032575,-9.302177900089994],[-40.488886900210225,-9.302187500352831],[-40.48897839993315,-9.302210299965317],[-40.48912929987722,-9.302277800380125],[-40.48922720007516,-9.302316500006443],[-40.48933650007938,-9.30233669967891],[-40.48941020042036,-9.302341400435244],[-40.48946189974685,-9.302335400158544],[-40.48956509964962,-9.302320799665154],[-40.48963419995834,-9.302293099646755],[-40.4896844999397,-9.302257300334071],[-40.489752899676546,-9.302191100338966],[-40.48988030033552,-9.302062099786047],[-40.48996810024762,-9.301962200395145],[-40.490072099647655,-9.301851000123527],[-40.490147800080855,-9.30176899993933],[-40.490275900412435,-9.301673000008897],[-40.49055759955354,-9.301516800359988],[-40.49095280783864,-9.301330108602668],[-40.49098305239476,-9.301315821410919],[-40.491126200413746,-9.301248199844494],[-40.49135010012696,-9.301148900301477],[-40.49162100020897,-9.301016600135938],[-40.49191479972818,-9.300856400302548],[-40.492247299773,-9.300649999597747],[-40.4926362997254,-9.30044480038719],[-40.4935053002294,-9.300014699618654],[-40.4943461996174,-9.299624300321165],[-40.49481619970783,-9.29940460044187],[-40.4953498996781,-9.29914560018927],[-40.49584959987909,-9.298905599913432],[-40.49643609994604,-9.298618299794674],[-40.497505800352364,-9.298127400359188],[-40.498464000113465,-9.297669499747524],[-40.499418356398856,-9.297215776975143],[-40.49946186605967,-9.297195091427113],[-40.499786400122204,-9.29704079989295],[-40.50060680036352,-9.296653100360237],[-40.500967899748716,-9.296480999798225],[-40.501341399885625,-9.296308900135616],[-40.50170679982892,-9.29615080021921],[-40.502166800357486,-9.295969499592662],[-40.502414300079856,-9.295874200234085],[-40.502745499705,-9.295755100317592],[-40.50316330044591,-9.295566499893999],[-40.50335440008546,-9.295479100180279],[-40.50358239980785,-9.295367300060764],[-40.50376540015304,-9.295269300038104],[-40.503979300304415,-9.295136300200031],[-40.50417919981014,-9.295019200375727],[-40.504346099592794,-9.294903400071805],[-40.504531900426805,-9.294763100436672],[-40.504732399780345,-9.294585799994632],[-40.504940900402175,-9.294412399912254],[-40.50497803484471,-9.294382851147276],[-40.50567519955076,-9.293828099587074],[-40.506252499553185,-9.29337110009609],[-40.50685529983217,-9.292913499858054],[-40.507507800244746,-9.2924310999153],[-40.50839889978938,-9.291777899830146],[-40.50866920002352,-9.29156680016763],[-40.50887440013344,-9.291399400361959],[-40.50902460040493,-9.291283000210234],[-40.509178100289034,-9.29118100000311],[-40.50934240013162,-9.291081099712935],[-40.50943699981762,-9.291047400317174],[-40.50953020015857,-9.291016299962212],[-40.50964479986761,-9.290986500026909],[-40.51004750009201,-9.290858799893675],[-40.51019070004072,-9.290794599990754],[-40.51033680030304,-9.290706600429235],[-40.51043810915254,-9.290638076792732],[-40.51049897728256,-9.290596906576518],[-40.51060100043577,-9.290527899742754],[-40.510832399595536,-9.29037039967414],[-40.511444800137376,-9.289941799874104],[-40.511521700266194,-9.289887999731365],[-40.51222709970085,-9.289385699590301],[-40.51233839979727,-9.289315600134787],[-40.51252080029469,-9.28919180036126],[-40.51258350012834,-9.289134599881818],[-40.512637499920615,-9.28907430033866],[-40.51277290004924,-9.288909200099456],[-40.51296609960576,-9.28864449994364],[-40.51298220016839,-9.288625999989847],[-40.51315110004322,-9.288401000405766],[-40.513344299599666,-9.288160099908598],[-40.51354939988488,-9.287935100324539],[-40.5138229997316,-9.287663800044296],[-40.51401279985076,-9.287497699758992],[-40.51422069972547,-9.287338900170068],[-40.514623700323455,-9.287023200360332],[-40.51646369973992,-9.285609699927647],[-40.51742789977771,-9.284887000234834],[-40.517679839721,-9.28469469898214],[-40.51792221416717,-9.284509698694519],[-40.51953549966356,-9.283278300153345],[-40.52054999968271,-9.282505299579825],[-40.5213989003389,-9.281848200034348],[-40.522027899667826,-9.281365100419],[-40.522693799978875,-9.280860800185732],[-40.52318260039665,-9.280492199555317],[-40.52408180013492,-9.279800000369656],[-40.525293800268635,-9.27889049979662],[-40.52550070009721,-9.278735200369146],[-40.52594800039985,-9.278414899627867],[-40.52634430014927,-9.278132999937954],[-40.52663589992683,-9.277902000077168],[-40.526784100106106,-9.277791500377417],[-40.52698930021597,-9.277658499639978],[-40.527230699836885,-9.277559899769535],[-40.527507000347725,-9.277513599972625],[-40.527760500346744,-9.27751619991267],[-40.52794180007396,-9.277546599695771],[-40.52810080021168,-9.27759100012448],[-40.52881789982615,-9.27785370018807],[-40.53018050042972,-9.278344700347589],[-40.53283980021655,-9.279327400339186],[-40.532947000303736,-9.279368500256037],[-40.53336709971184,-9.279521900315387],[-40.53434869983261,-9.279878299843604],[-40.53689420030708,-9.280802400010712],[-40.537005119906446,-9.280846523997347],[-40.537266999872095,-9.28095070001471],[-40.537470899562315,-9.281067199991238],[-40.53755909967264,-9.28112920015241],[-40.53761859971855,-9.281183799792482],[-40.53767690006884,-9.281248300068945],[-40.537722500193176,-9.281334300437539],[-40.53774999966272,-9.28140680018361],[-40.53776810031753,-9.28148849999421],[-40.53777049970875,-9.281569299583431],[-40.537765399653445,-9.281646699735344],[-40.53774159999477,-9.281789299836207],[-40.53764440036872,-9.282177100093062],[-40.53743989993137,-9.282970599813265],[-40.536070489508866,-9.287957734590211],[-40.53603310034725,-9.288093899913516],[-40.53549259970368,-9.290134799781121],[-40.53502189994066,-9.291852700041998],[-40.53450150004414,-9.293844899822197],[-40.534479099730625,-9.29396339989095],[-40.53446729972604,-9.29407589968296],[-40.53446400011347,-9.294193299880817],[-40.53447740001194,-9.294325000198565],[-40.534507600145545,-9.29446329974142],[-40.534549799933295,-9.2945837999024],[-40.534605799817776,-9.294711500035644],[-40.534650399896016,-9.294775000265988],[-40.53471480034772,-9.294859100367155],[-40.53478210021369,-9.294928900348445],[-40.53488170013032,-9.295021199568687],[-40.53680960018283,-9.296551799825634],[-40.53911460035845,-9.29838880000307],[-40.54172489968431,-9.300461900096577],[-40.542103648731135,-9.30075611295554],[-40.5422369997377,-9.300859699915168],[-40.5425140566684,-9.301080334520933],[-40.54365460017959,-9.301988599993823],[-40.54450009959987,-9.302674899626867],[-40.54469973942936,-9.302833205129739],[-40.544853885993966,-9.302955436240394],[-40.547631100095145,-9.305157600442845],[-40.548518700377656,-9.305865099794467],[-40.551316400431524,-9.308090300426958],[-40.55138766767705,-9.308146895654929],[-40.55299313895506,-9.309421830658842],[-40.55382120028811,-9.310079400244083],[-40.554395199778575,-9.31054790026535],[-40.55516930022298,-9.311178000364416],[-40.55537749957193,-9.311337499625836],[-40.55589190009107,-9.311746899799525],[-40.55693479980111,-9.312575500059213],[-40.55728550032551,-9.312854199961293],[-40.55919360000461,-9.314375399604941],[-40.56080259956029,-9.315650599595457],[-40.561581100387464,-9.316279800372426],[-40.56330170041309,-9.317633700035172],[-40.56383550020814,-9.318065100324082],[-40.56435180009542,-9.318472700054997],[-40.564506700224,-9.318596800202096],[-40.565062599959006,-9.31904049961928],[-40.56587359958691,-9.319689099672184],[-40.566226700401835,-9.319971500284456],[-40.566374899681804,-9.320099200417701],[-40.56645999982907,-9.320187899651778],[-40.566555300086975,-9.320310899928012],[-40.56665249971304,-9.320469099669124],[-40.56668410976109,-9.320537596120444],[-40.566714200399986,-9.32060280007907],[-40.56676050019688,-9.320740700322999],[-40.56678460022909,-9.3208733997875],[-40.56680470007683,-9.321031499703908],[-40.56682680001677,-9.32135440038525],[-40.566862399679955,-9.32173759971039],[-40.56687979976288,-9.321821599986762],[-40.56689619979971,-9.321883500323224],[-40.566919000311586,-9.32195030016616],[-40.566950599790296,-9.322020799819972],[-40.56698820044506,-9.322085599570702],[-40.567031699753116,-9.322134299658163],[-40.56708370035243,-9.32218359959342],[-40.56724120042099,-9.322292100100293],[-40.56795269995711,-9.322720799725063],[-40.568141099831855,-9.322824399826105],[-40.568453319999946,-9.32301034999994]]}},{"type":"Feature","properties":{"fid":233,"CODIGO_SRE":"095EPE0030","UF":"PE","RODOVIA":"095","LOCAL_INIC":"Entr. PE-050 (Limoeiro)","LOCAL_FIM":"Entr. BR-104 (Caruaru)","KM_INICIAL":0,"KM_FINAL":79.72999999999999,"EXTENSAO":79.73,"SITUACAO":"PAV","DESC_SITUA":"PAVIMENTADA","TIPO_REVES":"TSD","DESC_REVES":"TRATAMENTO SUPERFICIAL DUPLO","IDENTIFICA":"Eixo Principal","OBSERVACAO":"18","EXTENSAO_1":74.67,"REGISTRO":"M18","STATUS_FED":"39.392.498,92","CONCT_ROD":"PE095","COD":"M18","Fase (Obra":"O","STATUS":"EM ANDAMENTO","ROD.":"PE095","DRO":"2","CUSTO OBRA":"39392498.920000002","CUSTO TOTA":"50.599.151,25"},"geometry":{"type":"LineString","coordinates":[[-35.432658999912874,-7.890438300387138],[-35.43277640011075,-7.890465600207219],[-35.43297080026217,-7.890580199916279],[-35.433011800354286,-7.890604799971474],[-35.433139799961744,-7.89068179992505],[-35.43328399995659,-7.890773099998543],[-35.43403570008742,-7.8911822996234005],[-35.43587230006655,-7.892138099993241],[-35.435921900375384,-7.892163999568856],[-35.43685199991984,-7.892636899972904],[-35.437312000448365,-7.89287330026252],[-35.43763120041947,-7.893008800215883],[-35.43781689963016,-7.893079899717526],[-35.437973100178404,-7.8931257003906925],[-35.43826150016803,-7.893194799800144],[-35.4393624996796,-7.8934485003479935],[-35.43945839978527,-7.8934698997160275],[-35.441958899983184,-7.893956000369045],[-35.44234920035528,-7.894036999607826],[-35.44297139991012,-7.894152600262267],[-35.44438760010763,-7.894451499836811],[-35.44489460010565,-7.894519199901092],[-35.44503810042795,-7.894533199647428],[-35.44525399977216,-7.894545100376028],[-35.44555979984482,-7.894537799679618],[-35.445915200226246,-7.894501899642885],[-35.446203500391164,-7.894463399666103],[-35.44650120027013,-7.8944036001459725],[-35.446839199669256,-7.8943298998049345],[-35.4473039000549,-7.894165199764099],[-35.447426599957545,-7.894115399805753],[-35.44778060009457,-7.893949300419836],[-35.44830504054205,-7.8936833311168115],[-35.448948699822616,-7.893356899900906],[-35.45019290018213,-7.892747399672676],[-35.4503809996833,-7.892676700369389],[-35.450611700069864,-7.892612999590199],[-35.45084770016121,-7.892582400157618],[-35.45109340034006,-7.89256939955807],[-35.45202688047878,-7.892548488823728],[-35.45204404777856,-7.892548104261894],[-35.45318260009685,-7.892522599738129],[-35.453727100025624,-7.892518599553692],[-35.45405569971071,-7.892502700439284],[-35.45442270044716,-7.892465699632294],[-35.45597749966186,-7.8922237001635835],[-35.45693410042828,-7.892071700348664],[-35.45714670016003,-7.892037900228771],[-35.457707500300806,-7.891948799897109],[-35.45802399960787,-7.891910200095617],[-35.45825939985135,-7.891889600224846],[-35.458465900380915,-7.89187770039549],[-35.45877299997387,-7.891887000284785],[-35.45911300036461,-7.891902299551428],[-35.45949380029861,-7.891972700279839],[-35.46041379955713,-7.892198500260509],[-35.461457200189585,-7.892470799687551],[-35.46163120011973,-7.892515600314634],[-35.46236519979408,-7.892707299802019],[-35.4628037002305,-7.892820199792367],[-35.463354200435944,-7.892990200437343],[-35.46370089987657,-7.89311779984658],[-35.46406300020725,-7.893278499702915],[-35.464609500228235,-7.8935607995911905],[-35.46596199964652,-7.894284100031115],[-35.46730040039311,-7.895002699714804],[-35.4678529996162,-7.895309599658299],[-35.46836930040282,-7.8956377002196385],[-35.468744799732704,-7.8959353002738135],[-35.46944350011741,-7.896550299856412],[-35.471314300414555,-7.89830379978046],[-35.4715409997173,-7.898484399835114],[-35.47173809963355,-7.89861460008372],[-35.471904399568366,-7.89869429980208],[-35.47216530008846,-7.898778700276739],[-35.47243420007824,-7.8988430998291355],[-35.47420040022821,-7.8990688998098175],[-35.475671600264064,-7.899265499702988],[-35.47633410023847,-7.899355899555032],[-35.47675390017231,-7.899432900407942],[-35.477012000203594,-7.899529900384497],[-35.47719310028129,-7.899620900084396],[-35.47767650027021,-7.899949700318314],[-35.48077719990784,-7.902558600299104],[-35.48219070034046,-7.9039679998232835],[-35.482382499652594,-7.904152600062349],[-35.48319920008297,-7.904960300077738],[-35.48350099997108,-7.905265799776729],[-35.48367659979523,-7.905477000163374],[-35.48380939998375,-7.905646999909067],[-35.484082999830534,-7.906060099893663],[-35.48458730006379,-7.906802699784768],[-35.48478309956028,-7.907094900309336],[-35.48514510368982,-7.907606484081736],[-35.48566499993968,-7.90834119968658],[-35.4858907999204,-7.9086889000726694],[-35.486227399974496,-7.909236199590886],[-35.48732850021005,-7.911489100241721],[-35.48765440013037,-7.912144000045554],[-35.487795799636395,-7.912432200385723],[-35.48791720001872,-7.912644800117397],[-35.48802580035038,-7.912791500227497],[-35.48811909961667,-7.912913100259259],[-35.48834910033065,-7.913154800253747],[-35.488606499790045,-7.91336739998546],[-35.48881310014436,-7.913500200174024],[-35.48918720012911,-7.913708699896537],[-35.489862500154224,-7.914089300180956],[-35.490088499784385,-7.9142361001158825],[-35.49024070014811,-7.914357600322947],[-35.490396899796984,-7.914521699616695],[-35.49052429955674,-7.914686399657531],[-35.490620599860684,-7.914869200353299],[-35.49082069991532,-7.9152722000519],[-35.49111310008947,-7.915974399698742],[-35.49134109981184,-7.916371999867876],[-35.49154489967728,-7.916669599922064],[-35.491788999962345,-7.916922000050172],[-35.49217470030213,-7.917176300445864],[-35.49427339959762,-7.918593999813178],[-35.49545829956082,-7.919391700266732],[-35.49588609986355,-7.919718100210088],[-35.49621189995914,-7.919987699872435],[-35.497654899953574,-7.921223100365703],[-35.49792720028,-7.921483400138704],[-35.49975450036985,-7.923052100174251],[-35.50074340028764,-7.923911500415418],[-35.5011766999447,-7.924273900220257],[-35.50161389996144,-7.924663400195691],[-35.5020243001813,-7.925016699760835],[-35.50244610020728,-7.925387900331312],[-35.50287789979516,-7.925758500154549],[-35.503258400254936,-7.926088300434641],[-35.50425789958234,-7.926971899633401],[-35.50475032107134,-7.927397390275868],[-35.504991565185435,-7.927605843879842],[-35.50556600037055,-7.928102199956541],[-35.50728499960304,-7.929587499563412],[-35.507506699574456,-7.929767999793303],[-35.507725299582845,-7.930033600170458],[-35.50786479972065,-7.9302435001373475],[-35.50799490014444,-7.930533099822648],[-35.50806060011654,-7.93075360009846],[-35.508102200056435,-7.931015200291165],[-35.50808270005645,-7.931463100441661],[-35.507972800204534,-7.9326198003634465],[-35.507840400214214,-7.933793000146802],[-35.50780600024667,-7.934169500422048],[-35.507828100186636,-7.934363899674167],[-35.5078714996699,-7.934514599968794],[-35.50792379974354,-7.934638299917537],[-35.50804639982147,-7.934835100359514],[-35.5082500000374,-7.9350246001051445],[-35.50911079962367,-7.935685299636801],[-35.5093559997795,-7.935886899760581],[-35.509549200235384,-7.9360838998520435],[-35.509638100018215,-7.936241499745403],[-35.509706800128704,-7.936452899781457],[-35.50979303363843,-7.936710203020056],[-35.50989810031706,-7.937023700383394],[-35.50999250035357,-7.937357699598112],[-35.510002400090606,-7.937393800183691],[-35.51013110026999,-7.937747499947102],[-35.510250600384786,-7.938027100070542],[-35.51036649961423,-7.938223600138976],[-35.51084769986137,-7.938830200053678],[-35.51087909969065,-7.938869799901292],[-35.51112910042753,-7.939174799577255],[-35.51126320013651,-7.939358100296014],[-35.51135839967036,-7.939545299575882],[-35.51138919965176,-7.9397296003407005],[-35.51141600034807,-7.9401829000207655],[-35.51142950007126,-7.940561400388293],[-35.511442899969836,-7.9409665998287],[-35.51146840024639,-7.941566899992371],[-35.51150859994187,-7.941763499885516],[-35.51157160014918,-7.941946799705005],[-35.51170860017176,-7.942190800165229],[-35.51224170029413,-7.943064899825247],[-35.51248579967991,-7.9434733997775],[-35.51269130016334,-7.943921299927971],[-35.51325110025797,-7.9453176997519614],[-35.5133887999531,-7.945679100410127],[-35.513587399938515,-7.94621009971627],[-35.514097599724344,-7.947574099664922],[-35.514263799834445,-7.94791739966818],[-35.51434899980641,-7.948039399898298],[-35.51451450024392,-7.948200300303593],[-35.51473210020624,-7.948329700155486],[-35.51656589969641,-7.949168399801723],[-35.51679789960327,-7.949282600211774],[-35.516941399925564,-7.949416799745432],[-35.517025900225036,-7.949564599726429],[-35.51709479998496,-7.9497438004360275],[-35.51720230044576,-7.950463099792155],[-35.51724770002131,-7.950692999782049],[-35.51731339999335,-7.950865999666108],[-35.51735080009925,-7.950961499573525],[-35.51740679998375,-7.951050300430977],[-35.51757159984941,-7.951263599835205],[-35.51834289980495,-7.9521316002930105],[-35.51860299992844,-7.95241850021359],[-35.5191395003876,-7.953017499957596],[-35.519325900170074,-7.953248999841442],[-35.519429100072834,-7.953405400039104],[-35.51949890005412,-7.953555499586568],[-35.519551200127715,-7.953721500047171],[-35.51960479972168,-7.953983100239786],[-35.51970539968438,-7.954736199715807],[-35.51976579995161,-7.955230299838454],[-35.519820799789976,-7.95545480029878],[-35.5199105997943,-7.955647400007449],[-35.520021899890715,-7.95579350026972],[-35.52019889995921,-7.955950199941758],[-35.52079839972634,-7.956349999852545],[-35.5210854003709,-7.95653860027615],[-35.52130400037925,-7.956652799786816],[-35.52150919958983,-7.956727199800382],[-35.52165670009654,-7.956759099652653],[-35.521864599971224,-7.956765699777201],[-35.52302870041412,-7.956787000219808],[-35.525384999717915,-7.956840099790729],[-35.52606089959079,-7.956850700099639],[-35.52630099969128,-7.956866699938155],[-35.5264672996261,-7.956907799855074],[-35.526708700146344,-7.957016800384966],[-35.52691919996107,-7.957162899748004],[-35.52705999961926,-7.957283700282464],[-35.52798270044118,-7.958153699933219],[-35.528803499981464,-7.958926699607457],[-35.52953970029686,-7.959625300167424],[-35.53113029972345,-7.961116900424507],[-35.53170559963362,-7.961640199735332],[-35.53206500019954,-7.961980200126104],[-35.53222729994993,-7.962139599562837],[-35.532376199801725,-7.962322799557488],[-35.53253240034993,-7.962555599860986],[-35.53265379983292,-7.9627545002199565],[-35.53277050035824,-7.963005500103676],[-35.532974300223685,-7.9634877003970175],[-35.53342630038343,-7.964599300217409],[-35.533693099556814,-7.965281999864377],[-35.533849999777615,-7.965697699788906],[-35.53403510003973,-7.966177200317438],[-35.53418399989159,-7.966539799771929],[-35.534299300172464,-7.966772199877033],[-35.53440929984923,-7.966916999719664],[-35.534591700346645,-7.967093599589918],[-35.53483309996756,-7.967292900147169],[-35.53528770006726,-7.967635499578591],[-35.535879099640695,-7.968092400144033],[-35.536597999697875,-7.968629000427987],[-35.5368112001767,-7.968765799901642],[-35.536974800346755,-7.968842799855282],[-35.53713440033225,-7.968898600090233],[-35.53737849971793,-7.968950400140784],[-35.53776739984552,-7.9690419996885],[-35.53803300022276,-7.969135000379938],[-35.53834679976493,-7.969279800222557],[-35.538804099629424,-7.969520199797291],[-35.53975899977798,-7.970027500168959],[-35.540707100152545,-7.970529599761158],[-35.54099409989773,-7.970649099876029],[-35.54131730005328,-7.970740700323015],[-35.541644500393325,-7.970793899718635],[-35.54201870020275,-7.970838999819939],[-35.542391499767874,-7.970877499796772],[-35.54264370024651,-7.97089480005489],[-35.54282340007977,-7.970892100290131],[-35.54295480002395,-7.970873600336354],[-35.54304729979296,-7.970844300424029],[-35.54320289959408,-7.970770000235263],[-35.54350470038155,-7.970553500143851],[-35.54429720005566,-7.969987699772498],[-35.54510060041231,-7.969407299807032],[-35.54538219972867,-7.9692199998030935],[-35.545547200143105,-7.969127000010988],[-35.545801999662515,-7.969010199660966],[-35.54600580042729,-7.968931800362245],[-35.5466160003281,-7.968733900049384],[-35.54704519997592,-7.968602400280459],[-35.54720210019669,-7.968567899588845],[-35.5473335001409,-7.968561199639585],[-35.54751860040302,-7.968566600068488],[-35.54778279963642,-7.968611700169805],[-35.550906199961055,-7.969310299830439],[-35.55170710020246,-7.9694903000372],[-35.55185170039557,-7.969522799737338],[-35.55219639974399,-7.969579900392043],[-35.5524901003378,-7.969601199935393],[-35.55314319969882,-7.96959719975093],[-35.5536433999229,-7.96959719975093],[-35.55405649990749,-7.96959319956648],[-35.55427240015108,-7.969610499824674],[-35.55440249967556,-7.969626399838442],[-35.55462380034805,-7.969670200419351],[-35.55496980011606,-7.9697737996210956],[-35.555421699551765,-7.969966400229188],[-35.55578920031134,-7.970103199702754],[-35.555979600278306,-7.970169600246856],[-35.55626259983904,-7.970181599900859],[-35.55641280011055,-7.970158999937807],[-35.55649730041002,-7.970135099555127],[-35.556634099883766,-7.970086000168732],[-35.55718789970174,-7.969828300335752],[-35.55783449966237,-7.969528999663582],[-35.55825140018189,-7.969350200051585],[-35.558624299571655,-7.969202700444181],[-35.559661500277976,-7.968654499805259],[-35.55978680012061,-7.968582500082268],[-35.559963200341365,-7.968485299556893],[-35.56015310028535,-7.96838190000466],[-35.56027380009565,-7.968343400027803],[-35.56039449990619,-7.968322200309292],[-35.56062649981305,-7.968343400027803],[-35.56081110005222,-7.968425000013619],[-35.561063799654534,-7.96859079992544],[-35.5616229999015,-7.96903669998368],[-35.56220189979779,-7.969465899631542],[-35.56282189961092,-7.9698043999530475],[-35.56426739972067,-7.970463600314899],[-35.56466740018031,-7.970653500258758],[-35.56486390024876,-7.970733199977106],[-35.5651360998511,-7.970819900018333],[-35.56547980005268,-7.970872700114944],[-35.566088300234796,-7.970963000142289],[-35.56677159972948,-7.971103500326236],[-35.567044999926736,-7.971129300077127],[-35.56737049964878,-7.971132800238434],[-35.56766039970757,-7.971086700091058],[-35.56793880013548,-7.971025899625547],[-35.568163400420495,-7.970971100336002],[-35.56940759988075,-7.970529999959464],[-35.56958839958489,-7.97049939962755],[-35.56971099966282,-7.970495099968814],[-35.56993779968968,-7.970508900065588],[-35.57015639969801,-7.970586400042282],[-35.57050939978891,-7.970790100082992],[-35.57068549963602,-7.970910600243921],[-35.5710063004004,-7.971102899579085],[-35.57125730028409,-7.971266999772168],[-35.57143979970693,-7.971394699905424],[-35.571603800075216,-7.971502400015663],[-35.57173600041604,-7.971615100356512],[-35.57198440035972,-7.971857699673052],[-35.572191900036096,-7.9721007000871795],[-35.572505099730485,-7.972478800256376],[-35.5726690002741,-7.972625399642419],[-35.57275749985872,-7.972705100260088],[-35.57331069982885,-7.9731154995806035],[-35.57356150006315,-7.973304100004169],[-35.57380150033888,-7.973478000109563],[-35.57444389956627,-7.97395880015844],[-35.57492220039911,-7.974335699732708],[-35.57590309994801,-7.975093099766671],[-35.57658169958576,-7.975627500308858],[-35.57666750030482,-7.975695099649093],[-35.57719419995233,-7.976100700187064],[-35.57731389971663,-7.976179499684089],[-35.57745199961006,-7.976257800057432],[-35.57763709987218,-7.976340200439808],[-35.57782489989916,-7.976407899604819],[-35.57793179961283,-7.976439400158157],[-35.578042599686164,-7.976465100084197],[-35.578095499607535,-7.976470100314833],[-35.57816919994851,-7.9764769999135785],[-35.578336800302964,-7.976481599945794],[-35.5784831002148,-7.976472800079579],[-35.5786089999054,-7.976454200301078],[-35.57869159993735,-7.976438699586245],[-35.57890020038385,-7.976390799895457],[-35.579230300138185,-7.976314899812689],[-35.57999359972478,-7.976098500445384],[-35.58044940041945,-7.975949700418304],[-35.58092279994718,-7.975797599879313],[-35.580983800062214,-7.975782400437382],[-35.581276899908985,-7.975711300036442],[-35.581392200189796,-7.975688700073377],[-35.58144319984373,-7.975678800336291],[-35.58153299984802,-7.975672100387133],[-35.58173219968127,-7.975678099764404],[-35.58193600044601,-7.975707299851903],[-35.5821009999611,-7.975761699842503],[-35.58221690008981,-7.975797400229751],[-35.58228418607066,-7.97583028442142],[-35.582336599854116,-7.9758559002295755],[-35.582519399650536,-7.975984899883201],[-35.5826679002034,-7.976111699795034],[-35.5831771997679,-7.97682029991685],[-35.58329989967055,-7.976984999957698],[-35.5833561999286,-7.9770778999251295],[-35.58343600037107,-7.977198800284377],[-35.58396710040131,-7.977967799774088],[-35.584077799750624,-7.978135099754998],[-35.58443079984147,-7.978635800002129],[-35.58445110023803,-7.978668500251011],[-35.584513600422284,-7.978758699554262],[-35.584810699554076,-7.979171099866343],[-35.58499810028206,-7.979439999856085],[-35.585685599610706,-7.980399800410414],[-35.58580010039427,-7.980580000266712],[-35.58602769991834,-7.9808945003808525],[-35.58623170033258,-7.981181799600302],[-35.58644189977375,-7.981442999594702],[-35.58656690014223,-7.981598200096794],[-35.58674450005859,-7.981785500100708],[-35.58718980026903,-7.982219799803865],[-35.58774460013311,-7.982734800170787],[-35.58797500014608,-7.98294479996249],[-35.58810850000723,-7.983066399994303],[-35.58837799984477,-7.983326500117818],[-35.5884870003747,-7.98343170011281],[-35.58860999975163,-7.98355449984023],[-35.58864089955781,-7.983586700066121],[-35.58869960010638,-7.983651399992048],[-35.58876689997243,-7.983725200157823],[-35.58887820006885,-7.983858600194167],[-35.588962099621156,-7.983972900428967],[-35.58913709959747,-7.984194100377421],[-35.58933020022853,-7.984486800025735],[-35.58943969988214,-7.984648999951298],[-35.58974099974726,-7.985102299631363],[-35.589830299728526,-7.985236599889129],[-35.58994509998628,-7.985381999579526],[-35.59017430030366,-7.985636399799942],[-35.59024279986525,-7.985701400099541],[-35.59035819997091,-7.985796300159],[-35.59069210026017,-7.986072599770594],[-35.59079129997844,-7.986142999599698],[-35.591633499786106,-7.986618699593215],[-35.591760299698024,-7.986683500243276],[-35.591866899937436,-7.986749300040101],[-35.59224579960391,-7.987000899771636],[-35.59257530040975,-7.987264900254916],[-35.59289040037164,-7.9875678998386475],[-35.59308800031091,-7.98777390034517],[-35.593400399608704,-7.988157700417479],[-35.593781499916254,-7.988771100106126],[-35.59393089979113,-7.989070800077345],[-35.59402539965242,-7.9892872003439575],[-35.59413940041291,-7.989576800029246],[-35.59421380042651,-7.989843000254204],[-35.59426480008039,-7.9900708003271435],[-35.59434859980797,-7.990507100122469],[-35.59457074115027,-7.991699059963684],[-35.5945923540194,-7.991815029510573],[-35.594680500005026,-7.992287999691347],[-35.59477980044735,-7.992792700122916],[-35.59490320002255,-7.993556399907897],[-35.59498299956569,-7.993974000099971],[-35.595020500395705,-7.994136700048601],[-35.59511169974506,-7.994474700347065],[-35.59535439978563,-7.995273599596855],[-35.59632340040455,-7.998947000103846],[-35.596442699970545,-7.999391200443436],[-35.59652000029775,-7.99968829957535],[-35.596638199992825,-8.000143299873335],[-35.59671400025087,-8.000381800079959],[-35.59680149978932,-8.000600400088263],[-35.59691549965054,-8.00078829994003],[-35.597040900217294,-8.000967599574993],[-35.59731650015628,-8.001251100058198],[-35.597832600394135,-8.001735699742692],[-35.59889500010406,-8.002733199877243],[-35.599852500192675,-8.003589799629427],[-35.60018779982704,-8.00385280006661],[-35.600466700277934,-8.004053300319532],[-35.600712199908045,-8.004203399866995],[-35.600992399879296,-8.004342800180007],[-35.60144170027422,-8.004542000013288],[-35.60223560019271,-8.004856799601537],[-35.60292907299873,-8.005137361262456],[-35.602941555296574,-8.005142411284574],[-35.60332860023463,-8.005298999848907],[-35.603822800182044,-8.005492899977268],[-35.603946199757246,-8.005547999640408],[-35.604240600023616,-8.005676199796707],[-35.6045222002393,-8.005836899653119],[-35.60468049980515,-8.005947099878732],[-35.60488839967982,-8.006109100154783],[-35.60515790041671,-8.006348200209223],[-35.60575199975491,-8.006931200114789],[-35.606097399675214,-8.007282899785944],[-35.606358800218366,-8.007539200273815],[-35.606653199585395,-8.007783400383577],[-35.606948199699595,-8.00798260021682],[-35.607178999910914,-8.00809590040541],[-35.60742439971621,-8.008190099893174],[-35.6092952998381,-8.008851400171878],[-35.60973509979499,-8.00900690014827],[-35.61009319994111,-8.009147599981675],[-35.61039759976939,-8.00929770042846],[-35.61070509956068,-8.009471999832902],[-35.61098369963796,-8.00967219971218],[-35.61123309962774,-8.009881999854384],[-35.611426200258876,-8.010098499945771],[-35.611644800267264,-8.010364100322926],[-35.61183799982377,-8.010640300109706],[-35.611997499984554,-8.010909899772003],[-35.61252459983033,-8.011953800427499],[-35.61342719990526,-8.013749199765703],[-35.61357599993233,-8.014005500253525],[-35.61375710001009,-8.014235300418669],[-35.61396490006002,-8.014430500067464],[-35.61428550027553,-8.014632299840704],[-35.61466099960541,-8.014792999697141],[-35.61506209993593,-8.014910100420744],[-35.62023729991143,-8.016008199618636],[-35.62062219985457,-8.016124999968683],[-35.62087829979364,-8.016224599885337],[-35.6211787003367,-8.016362699778696],[-35.62132900043294,-8.016435800271866],[-35.62152880011395,-8.016539400373034],[-35.62169910023323,-8.0166495996992],[-35.6220451000013,-8.01689789981812],[-35.622407200331914,-8.017207299876915],[-35.62395619981874,-8.01859110019906],[-35.62544610035714,-8.01994170024922],[-35.62653779997938,-8.020920400056372],[-35.62717750034126,-8.021486099703667],[-35.6274604999021,-8.02171320010404],[-35.62769249980896,-8.021872600440133],[-35.62798220021831,-8.022049200310272],[-35.62862859963015,-8.022375899727916],[-35.62897589981788,-8.022527299695057],[-35.62937419965952,-8.022664000243322],[-35.629820900114396,-8.022787600367366],[-35.63016010010847,-8.022878500242541],[-35.63055170000089,-8.02293359990568],[-35.63092150032696,-8.02298640000228],[-35.632184264202564,-8.02316521769802],[-35.633804099979194,-8.023394599581065],[-35.63386329965151,-8.023403099973045],[-35.63466219980063,-8.023521900415323],[-35.635189299646406,-8.023600299714007],[-35.636549099761076,-8.023819399745442],[-35.63668049970526,-8.023843300128133],[-35.63701180005447,-8.023944199565094],[-35.63815309998547,-8.024345299895648],[-35.639240699598574,-8.024739700276841],[-35.64150989956211,-8.025539100449032],[-35.64184780003589,-8.025637399945982],[-35.64214559973957,-8.02570240024549],[-35.642537199631995,-8.025778199604176],[-35.64423640028958,-8.026092900267086],[-35.64466950029714,-8.026154000206843],[-35.644976599890086,-8.026171199741018],[-35.64523949960313,-8.026176500345171],[-35.64607629988127,-8.026123399874967],[-35.64624130029569,-8.026116799750444],[-35.646505500428425,-8.026126099639688],[-35.64678309956034,-8.026148599778004],[-35.64701510036656,-8.026180499630314],[-35.64778020039593,-8.026346500090852],[-35.647983400413594,-8.02639399958336],[-35.649000000349666,-8.026609399803952],[-35.64979390026823,-8.026798000227442],[-35.65013589985188,-8.026912199738197],[-35.65056880020985,-8.027082499857435],[-35.65213180034222,-8.027718200034874],[-35.653389399701005,-8.028229600415678],[-35.65362270002752,-8.028346399866367],[-35.65492700028077,-8.029045600274214],[-35.65501620043723,-8.029066200144996],[-35.655150300146204,-8.02908339967912],[-35.65528439985511,-8.02908339967912],[-35.65540239990075,-8.029051599651586],[-35.655512399577546,-8.02899709983625],[-35.65618149967646,-8.02849579974134],[-35.656415600399576,-8.028326499668072],[-35.65703589968699,-8.027916200172408],[-35.65820930001909,-8.027229600165878],[-35.658472199732195,-8.02711410023547],[-35.658655899749945,-8.027051699875983],[-35.65885709967533,-8.02699849958103],[-35.65910379990035,-8.026965300208403],[-35.65933450028689,-8.026966699553471],[-35.65956919995854,-8.026993199876236],[-35.6598226999576,-8.027055600235723],[-35.66098809992082,-8.027385000317457],[-35.66122550025658,-8.027442100072792],[-35.66278119969253,-8.027741499670404],[-35.66289780039309,-8.027762800113047],[-35.66315729976948,-8.02781190039884],[-35.66390899990041,-8.02795200038448],[-35.66468549973594,-8.028129999599727],[-35.66571949975508,-8.028428800248907],[-35.66621040008982,-8.028568199662649],[-35.66724159962008,-8.028840499989],[-35.66779550016217,-8.028982500242122],[-35.66905620038329,-8.029294600065688],[-35.6699359001216,-8.029516399861933],[-35.670478200308665,-8.029639099764605],[-35.67087350001195,-8.029733099602806],[-35.671079100320135,-8.029788299990017],[-35.671198600435005,-8.029815800358866],[-35.67128190013954,-8.029833400091285],[-35.671421599926845,-8.029869800151136],[-35.67322839997064,-8.03030650014483],[-35.67440519974012,-8.03062789985764],[-35.676249899912904,-8.031163000072354],[-35.679157399993954,-8.032051399852136],[-35.68102949981149,-8.032607799610224],[-35.681692099610615,-8.03282960030579],[-35.681889200426205,-8.032929200222407],[-35.68208370040237,-8.033049999857571],[-35.68225670028648,-8.033193500179818],[-35.682396099700235,-8.033343499902571],[-35.68256239963498,-8.033533399846482],[-35.684865200068906,-8.036821100013707],[-35.68525520006739,-8.037219700228926],[-35.685449899693054,-8.037405500163624],[-35.68578780016681,-8.037520400246228],[-35.686373022868416,-8.037655801729935],[-35.68950439960829,-8.03838029961109],[-35.69090150000415,-8.03870359959142],[-35.69166500868291,-8.038882125658375],[-35.69362449967088,-8.039340299814931],[-35.69459779994841,-8.03963429988296],[-35.69507550003425,-8.039887600232417],[-35.695448599972856,-8.04026220024032],[-35.69574999966269,-8.040566000220688],[-35.69695829998549,-8.04261939976544],[-35.697310999702786,-8.043252199629212],[-35.69759419981242,-8.043834499862186],[-35.69790710003253,-8.044285400151086],[-35.698195300372795,-8.044630100398733],[-35.69982531962199,-8.04636087471974],[-35.70050880004103,-8.047086600366272],[-35.702019034625856,-8.048661040971313],[-35.70207658742625,-8.048721040446976],[-35.703554999863236,-8.050262299865215],[-35.704235999791536,-8.050964899710324],[-35.70463300011286,-8.051506699874272],[-35.70517390005537,-8.052536000036243],[-35.70587370031093,-8.053937699565092],[-35.70691090011789,-8.0556458997384],[-35.70699900040352,-8.055791099779412],[-35.70735000040209,-8.056202900243601],[-35.70793360015542,-8.056720999674344],[-35.70906749956545,-8.057631399569399],[-35.712096999876586,-8.059780200096077],[-35.71595599976952,-8.062650600444758],[-35.716392199740184,-8.062924099567486],[-35.71652249981351,-8.063005900102173],[-35.71663279986375,-8.063061099590023],[-35.71713230041528,-8.063311399801163],[-35.71719629976939,-8.063343400377594],[-35.71804309960931,-8.063575599933904],[-35.719340400439066,-8.063969399568036],[-35.7199154998004,-8.064171200240661],[-35.720443300218065,-8.064407499806245],[-35.72108589999425,-8.064778400003116],[-35.72313669959897,-8.066502500190229],[-35.728037400405626,-8.070928199776567],[-35.72847530009501,-8.071367899908552],[-35.7287699998356,-8.071754499570407],[-35.73156340023071,-8.075679099610705],[-35.73196580008156,-8.07627000006042],[-35.732033099947536,-8.076352000244555],[-35.73230009966982,-8.076677300317066],[-35.732539199724236,-8.076864499596883],[-35.732914100105546,-8.07711810032006],[-35.73389730012024,-8.07750829996801],[-35.73423850020653,-8.077691999985703],[-35.73456170036208,-8.077911100017202],[-35.734850399825994,-8.078243000214247],[-35.73500899976546,-8.078485800079582],[-35.735151199668096,-8.078703499866615],[-35.73529870017481,-8.078969100243743],[-35.73596659967871,-8.080142899874852],[-35.73660489979623,-8.08125820040556],[-35.73681069975394,-8.08160270010449],[-35.737221799646285,-8.082272599700666],[-35.73729890032393,-8.082410099746234],[-35.73776099987021,-8.083234000148895],[-35.73798629982782,-8.083614999732388],[-35.73818210022368,-8.083957600063195],[-35.738304099554476,-8.084142200302272],[-35.738443599692346,-8.084322699632793],[-35.738642099852974,-8.084548499613463],[-35.73906720039089,-8.08499989992538],[-35.73961709984919,-8.08555490033826],[-35.740169600146906,-8.086115199556792],[-35.74076499990477,-8.086723300439902],[-35.74152409965743,-8.087501400169447],[-35.74244679958005,-8.088478699732162],[-35.743283599858195,-8.089304500402267],[-35.743979200279824,-8.090020599970671],[-35.7442236998638,-8.090283100384735],[-35.74452279998714,-8.09056590029604],[-35.74515580039981,-8.091062499634665],[-35.74563589776037,-8.091452185888608],[-35.746071800373244,-8.091805999747066],[-35.74659480020981,-8.092207000252795],[-35.74693679979343,-8.092467200201073],[-35.747310999602895,-8.092755399641907],[-35.74749070033548,-8.092905400263982],[-35.7477065996798,-8.093111200221633],[-35.74789570012645,-8.093315699759646],[-35.748362399704924,-8.093836099656277],[-35.74887199964302,-8.094403099723225],[-35.749248900116555,-8.094854500035103],[-35.74947010006498,-8.095074899586884],[-35.74961630015208,-8.095203699590998],[-35.749825500446406,-8.095337800199227],[-35.750064300127306,-8.095460000078896],[-35.7502251996332,-8.09552100019398],[-35.75037809966954,-8.095563500355212],[-35.750615400180514,-8.095608700281176],[-35.75107010010499,-8.095656500147278],[-35.75214300029913,-8.0957095997182],[-35.75311929981577,-8.095752099879432],[-35.753738900329964,-8.095781299966943],[-35.75418009963185,-8.095826400068272],[-35.75457040000389,-8.095898100317005],[-35.7548761002518,-8.095975100270593],[-35.755093399840455,-8.096048199864455],[-35.75527440009344,-8.096118499868885],[-35.755484999732886,-8.096208799896116],[-35.755755899814865,-8.096332300195424],[-35.75654309978417,-8.096754500419792],[-35.75736309982712,-8.097193300330517],[-35.75765220038866,-8.097347999910221],[-35.758513199624396,-8.097826000369627],[-35.7601814995765,-8.098723500389232],[-35.76235149982183,-8.099898600439943],[-35.76632510032308,-8.1020613998137],[-35.76988440024483,-8.103979999976927],[-35.77044959986905,-8.104279199925092],[-35.77210130013482,-8.105153699783363],[-35.77252589975036,-8.105374399708737],[-35.77333950021774,-8.105818199849983],[-35.77349829980664,-8.10591510000184],[-35.77363749957085,-8.105984999807825],[-35.77372969986572,-8.106029500061274],[-35.774303399881944,-8.106336700378401],[-35.774509900411516,-8.106416300271949],[-35.77467170013883,-8.106459299557029],[-35.774847899810716,-8.106493300225589],[-35.77505169967616,-8.10650930006408],[-35.77521539967086,-8.106502500290109],[-35.77556539962346,-8.106449499644679],[-35.77630159993885,-8.106338599746563],[-35.77646019987828,-8.106318900097115],[-35.77646438546162,-8.106318688064814],[-35.776620100237395,-8.106310799903389],[-35.776770599983124,-8.106315399935733],[-35.7769130004346,-8.106319599769655],[-35.77712369989876,-8.106381799580323],[-35.77725249990289,-8.106429600345733],[-35.77741879983764,-8.106498699755107],[-35.777673100233336,-8.106619100091324],[-35.77865120019269,-8.107092799992662],[-35.7788544002104,-8.107192999757068],[-35.77923999982608,-8.107392199590235],[-35.780796999681726,-8.108164899790252],[-35.780977400086904,-8.10824589992829],[-35.78124089964775,-8.108364099623431],[-35.78199729963562,-8.108735800216937],[-35.78254309998398,-8.109021299893014],[-35.78327129993049,-8.109392999587199],[-35.78362139970774,-8.109565600172273],[-35.78427990039706,-8.109897600194069],[-35.786123899997925,-8.110800399918505],[-35.78648729984893,-8.11097029983945],[-35.78679440034124,-8.111099099843527],[-35.78720350014141,-8.111258400354895],[-35.78744889994671,-8.111342100257628],[-35.788099300442305,-8.111553199920177],[-35.78860890038037,-8.111711200011804],[-35.78896300034217,-8.111821400237316],[-35.792585299571854,-8.112954000126896],[-35.79461660007599,-8.113592999917026],[-35.796856299578515,-8.114297500029604],[-35.7973455001946,-8.11445679964155],[-35.7987229000417,-8.1148995997367],[-35.80157290016916,-8.115778199604133],[-35.80183629990529,-8.115862799728353],[-35.8040033000122,-8.11654460005317],[-35.80497930005456,-8.116853500088896],[-35.805520600195514,-8.117024900078952],[-35.80651289955061,-8.117338099773427],[-35.80659389968865,-8.117363600050046],[-35.80925559976607,-8.118203699940734],[-35.81055069995474,-8.118612400441883],[-35.81133710042677,-8.118860699661536],[-35.811407799730134,-8.118883000150277],[-35.811499199628265,-8.11891189986422],[-35.81432110043841,-8.119802799759325],[-35.81628460015411,-8.120422699747708],[-35.81747469999735,-8.120798399626382],[-35.81811920004096,-8.121001900017607],[-35.81834049981411,-8.121071799823616],[-35.819634099933694,-8.121480199951247],[-35.821350699774925,-8.122003299612498],[-35.821395000378885,-8.122018199580207],[-35.82151630003716,-8.122059699695354],[-35.82225320002511,-8.122305999722109],[-35.82257380024065,-8.122434799726223],[-35.823407200182096,-8.122811800024497],[-35.824128800004075,-8.123124499695804],[-35.8245081996936,-8.123300300068731],[-35.82514460044288,-8.12359509963409],[-35.82735960006543,-8.124606800063669],[-35.827570099880155,-8.124702999643675],[-35.827975700418186,-8.124888299555295],[-35.831128999603564,-8.12632399975274],[-35.831152999810996,-8.126334900435245],[-35.83272860034457,-8.127052300423275],[-35.83546110044934,-8.128297599754358],[-35.83707910042008,-8.129042400286476],[-35.83782519957324,-8.129382700151446],[-35.838971399910086,-8.129905399614428],[-35.83966209992592,-8.130222700217372],[-35.84053380019466,-8.130612999690147],[-35.84103160012819,-8.130839600067402],[-35.841273399947404,-8.130949599744197],[-35.843301899962654,-8.131880899883553],[-35.84693290013321,-8.133524800329214],[-35.847706100356234,-8.133875300304762],[-35.84812199993027,-8.134067700364009],[-35.84841950015977,-8.1341883003497],[-35.848674400403205,-8.13431360019247],[-35.84882960000598,-8.134381300256713],[-35.849094700360034,-8.13450460000724],[-35.84924470008278,-8.134570800002368],[-35.84951810028009,-8.134700400403107],[-35.84981289984539,-8.134849400079661],[-35.850319200170915,-8.135073399617625],[-35.851583000355134,-8.13565119964308],[-35.852291300103396,-8.135983199664901],[-35.85304500032643,-8.136324700124735],[-35.853242799915236,-8.136410699594087],[-35.85327400009498,-8.136426999806147],[-35.853466800352486,-8.136514900442252],[-35.85357810044894,-8.136564700400548],[-35.853879199765224,-8.136705400233993],[-35.854690499766704,-8.137067899863618],[-35.85503920019888,-8.137233799600075],[-35.855815700034476,-8.137594300036893],[-35.856010500384194,-8.137678599787481],[-35.85632749971431,-8.137825000423373],[-35.8573295998811,-8.138287000144878],[-35.85745420005117,-8.138340800287635],[-35.85761120009673,-8.138414899927595],[-35.85783609985606,-8.138512300102532],[-35.85788830010494,-8.138536699608931],[-35.858817799801564,-8.138956200068513],[-35.85930159998879,-8.139178200413618],[-35.85960220018135,-8.139322299684336],[-35.85992290022165,-8.13946560035715],[-35.860178099939326,-8.139585499770916],[-35.86039619992462,-8.139672199812168],[-35.86069410035239,-8.139811500300418],[-35.861046700244934,-8.139975300119957],[-35.861550899754135,-8.140141900428338],[-35.8619310998403,-8.140274699717557],[-35.862541399565856,-8.140461200224117],[-35.86262179985612,-8.140479100330166],[-35.864197600039134,-8.140848200084276],[-35.86444099975226,-8.140895400102549],[-35.86502849986529,-8.141015500065263],[-35.86547099958691,-8.141102399755873],[-35.86571369962748,-8.141156899571236],[-35.86608464827662,-8.141238736777895],[-35.86643259968466,-8.141315500409974],[-35.86691069996876,-8.141423699643973],[-35.86736730016067,-8.141555099588084],[-35.867706599979535,-8.141683299744459],[-35.867899699711295,-8.141769499762528],[-35.86825750038323,-8.141954100001632],[-35.868633999759226,-8.142181800249823],[-35.86971629966747,-8.142877399772116],[-35.87007699975365,-8.143112399817356],[-35.870389499775555,-8.143303600180996],[-35.870677799940474,-8.143461600272609],[-35.870861599783005,-8.143543899930966],[-35.87120350044114,-8.143642099603117],[-35.871361800007016,-8.143675299875142],[-35.8716474004071,-8.14373770023463],[-35.87192370001865,-8.1437907998055],[-35.872118199994844,-8.143845199796086],[-35.872305900197084,-8.143934200303075],[-35.87244669985528,-8.1440112002566],[-35.8726533002096,-8.14414260020075],[-35.87305960042012,-8.144426699632437],[-35.87340310007293,-8.144701699723573],[-35.87346040037716,-8.144747600221514],[-35.873817399753094,-8.145033400271107],[-35.873965799581896,-8.145160800030858],[-35.87418079960417,-8.145345400269974],[-35.874734700146185,-8.145868400106513],[-35.87527920007496,-8.146425999560172],[-35.87547760041087,-8.146647700430938],[-35.87570429971361,-8.146933200107027],[-35.87589469968057,-8.147177400216801],[-35.876192500283594,-8.147575700058411],[-35.876263400135755,-8.147679399984252],[-35.876338599646566,-8.147789399660944],[-35.876602799779334,-8.148111999968746],[-35.87680399970479,-8.148345699594296],[-35.876915299801176,-8.148457200239562],[-35.87717010021993,-8.14865900001283],[-35.87732024407964,-8.148767947172567],[-35.877526899946425,-8.148917900440749],[-35.87783660037876,-8.149131600043205],[-35.878137099847166,-8.14930819991341],[-35.87854209963813,-8.14949540009256],[-35.87877270019988,-8.14956970028139],[-35.87905030023116,-8.14964670023494],[-35.87929889343499,-8.14970438868788],[-35.87947949987898,-8.149746300151568],[-35.87994620035683,-8.149852500192745],[-35.88014740028222,-8.149901599579115],[-35.880376700424314,-8.149933500330745],[-35.88069860016017,-8.14996270041822],[-35.88091980010861,-8.1499599997541],[-35.88119070019063,-8.14995470004923],[-35.88141869991299,-8.149937399791087],[-35.88185859969457,-8.149882999800552],[-35.882075900182556,-8.149849800427885],[-35.88247820020869,-8.149768800289847],[-35.88276455242465,-8.14970438868788],[-35.882879199815164,-8.149678600087288],[-35.883276200136486,-8.149568999709542],[-35.8834759998175,-8.149513900046427],[-35.88363630037492,-8.149468000447833],[-35.88402759989379,-8.14935599977951],[-35.884220499976024,-8.149300800291634],[-35.88435709980029,-8.14926169956769],[-35.88448539978131,-8.149236899862984],[-35.884741999743426,-8.149187400278258],[-35.88524489973227,-8.14913429980804],[-35.8856056996433,-8.149103700375385],[-35.88584169973461,-8.14909579983122],[-35.88603349994595,-8.14910640014022],[-35.88623600029113,-8.149136899748076],[-35.886406300410336,-8.149182099674091],[-35.886576599630274,-8.149244500033566],[-35.886793900118306,-8.149329399632022],[-35.887012500126694,-8.149425000263458],[-35.887217700236604,-8.149529899884906],[-35.88746979999122,-8.149675900322515],[-35.887504800919146,-8.14970438868788],[-35.887613300313454,-8.149792699773231],[-35.887696400368554,-8.14986580026644],[-35.887774199819404,-8.149934799851078],[-35.887953899652665,-8.150157800242289],[-35.888360299687996,-8.150760499797151],[-35.88862620043873,-8.151187999726362],[-35.88902560015126,-8.151829999654693],[-35.88909619962984,-8.151940299704979],[-35.88932320020543,-8.152295200063396],[-35.88962760003369,-8.152765100329038],[-35.88981669958096,-8.153013400447973],[-35.89003669983379,-8.153268299792135],[-35.89022440003599,-8.153447499602388],[-35.89041749976772,-8.153614799583321],[-35.89057709975329,-8.153730300412962],[-35.89082389980309,-8.15390419961906],[-35.89119940003224,-8.154132499715042],[-35.891419400285,-8.154267899843692],[-35.89176669957347,-8.154508199593689],[-35.891943199618915,-8.154645199616201],[-35.89220789977466,-8.15485070009972],[-35.892775200215254,-8.155339200143954],[-35.892940199730354,-8.15547599961761],[-35.89312260022777,-8.155630000424107],[-35.89329290034704,-8.155750800059336],[-35.893533600295335,-8.155896500123301],[-35.89408139983671,-8.156190199817877],[-35.8942987003247,-8.156313700117044],[-35.89440329957253,-8.156388000305911],[-35.89456160003774,-8.156510100360755],[-35.89472379996335,-8.156652200438627],[-35.894876699999635,-8.156798199976878],[-35.8950362999852,-8.15697079966262],[-35.89509979617682,-8.157050817748372],[-35.895178499887834,-8.157150000372168],[-35.895421199928336,-8.157535000140149],[-35.8957188998073,-8.158103199902715],[-35.89576590017609,-8.158182799796313],[-35.89582759996377,-8.158304999675892],[-35.89613070027153,-8.158861900356396],[-35.89627750020646,-8.159120700060194],[-35.89635600022914,-8.159253500248784],[-35.896501499744375,-8.159459900054241],[-35.89676900038898,-8.15977319957349],[-35.89696479988554,-8.159964999784858],[-35.897230400262714,-8.160168799650341],[-35.89789180036623,-8.160598400395804],[-35.89889489967978,-8.161292400024184],[-35.89906550017261,-8.16142320012058],[-35.89922059995067,-8.16155870007388],[-35.89940399959487,-8.161742699565885],[-35.89961219984309,-8.162003699910771],[-35.900176500145335,-8.162831999796893],[-35.90067320020798,-8.163477900084924],[-35.90086210010579,-8.163664200042765],[-35.90140219965169,-8.164135999676583],[-35.90152279963742,-8.164236300165136],[-35.901893400360095,-8.164536299610425],[-35.90232109993873,-8.164926900356166],[-35.90270280009412,-8.1653156997597],[-35.903002000042235,-8.165658999762933],[-35.90316140037824,-8.165862400329408],[-35.90411660000101,-8.167081600435415],[-35.904497899958066,-8.167568300036955],[-35.90539139979323,-8.168708699746679],[-35.90564809958007,-8.169097699698995],[-35.905765099579604,-8.169308099688966],[-35.905949199795685,-8.169823199880712],[-35.90606529957387,-8.17012179998101],[-35.90615940013616,-8.170292399574494],[-35.90625540006661,-8.170435100399517],[-35.906512000028705,-8.170687499628356],[-35.90699070441637,-8.171015495823164],[-35.90771330002867,-8.171510599634393],[-35.90787180014341,-8.17161250001682],[-35.90814010028535,-8.17183360014045],[-35.90831450041383,-8.171951899660392],[-35.90855389994246,-8.17214960032373],[-35.908873199738274,-8.172452199709218],[-35.90898744174932,-8.17259783377656],[-35.90900282906301,-8.172617449297983],[-35.90985470003431,-8.173703400391554],[-35.9099850001076,-8.173850499800677],[-35.91014479974267,-8.174029900159711],[-35.91024689977457,-8.17414869970267],[-35.910598799994595,-8.174505799802715],[-35.910866100090395,-8.174812400271962],[-35.91118859967413,-8.1753380998734],[-35.91137290043895,-8.175582100333598],[-35.9116024002305,-8.175836600378751],[-35.911735700442144,-8.175971399760238],[-35.91188730005883,-8.176133900059408],[-35.912062999707636,-8.176370300349063],[-35.91219239955957,-8.17655980009463],[-35.91240340029661,-8.176915999973353],[-35.91252300023616,-8.177098399571443],[-35.91262949975155,-8.177245499879838],[-35.91296780042357,-8.177598800344303],[-35.91352899986339,-8.17812840030539],[-35.913669400222616,-8.17832340030461],[-35.91376819974258,-8.178499199778127],[-35.91389270008801,-8.178834500311856],[-35.914025000253474,-8.179422799922241],[-35.91418579993468,-8.180028999638587],[-35.91436495630178,-8.180645802841457],[-35.914376399551145,-8.180685199861996],[-35.914438899735366,-8.18082629989376],[-35.91450380021014,-8.180921500326916],[-35.91462850020506,-8.181119299915757],[-35.91486000008887,-8.181525100103213],[-35.91493290003324,-8.181690099618384],[-35.914967700199135,-8.181825899945265],[-35.91499059963644,-8.181990099963096],[-35.91499679956261,-8.182143900220725],[-35.91497709991319,-8.18305320024496],[-35.91497719973797,-8.183456899616179],[-35.91498770022211,-8.183844000200372],[-35.915109599728225,-8.184751999804929],[-35.9151945002259,-8.185209199844694],[-35.91528189993971,-8.185587899861593],[-35.915389799699405,-8.185945400160046],[-35.9155430001093,-8.186327700163178],[-35.9157017996982,-8.186592400318986],[-35.915779400398954,-8.186721800170865],[-35.91606399985366,-8.187195199698646],[-35.91646980004116,-8.187935699672758],[-35.91653819977804,-8.188085700294781],[-35.91660799975931,-8.188263599685342],[-35.91669920000804,-8.188469299818284],[-35.91684940027955,-8.188924599590528],[-35.91695000024227,-8.189213999626318],[-35.917071999573025,-8.189583100279815],[-35.91719940023212,-8.189933500430625],[-35.91732279980732,-8.190311800249345],[-35.91737109969644,-8.190449900142731],[-35.91744079985299,-8.190690100068029],[-35.917509199589865,-8.19094899959659],[-35.917565499847925,-8.191217100089043],[-35.91759639965404,-8.191381700305154],[-35.91761250021664,-8.191607399561805],[-35.91762449987074,-8.191827700188208],[-35.9176227003273,-8.192183499868587],[-35.917621899930694,-8.192329500306133],[-35.917615100156695,-8.193192299984625],[-35.917619200165895,-8.19363169974304],[-35.917635299829165,-8.193947600101621],[-35.91764599996287,-8.194568799610336],[-35.91768089995352,-8.195305499948791],[-35.917700999801205,-8.195954699849487],[-35.91772650007786,-8.196311700124783],[-35.91778280033595,-8.197337799599707],[-35.9178069003681,-8.197859499915877],[-35.91782440027581,-8.19820060017753],[-35.91784719988833,-8.198479399904285],[-35.91787000040016,-8.198689100221777],[-35.91791599982347,-8.199164999864793],[-35.917939699657346,-8.199537300306154],[-35.91796920011843,-8.200013799796935],[-35.91799869968017,-8.200222199694737],[-35.91804029962006,-8.200446600330288],[-35.91809530035773,-8.20060980030196],[-35.918142200002464,-8.200733299701998],[-35.91820260026972,-8.200848799632329],[-35.91823469977148,-8.200907199807403],[-35.91838759980783,-8.20116729993087],[-35.918567299641055,-8.201434199828444],[-35.91875239990327,-8.20170890044533],[-35.91888920027635,-8.201889399775967],[-35.91907159987437,-8.202116400351551],[-35.919316300007175,-8.202441599700004],[-35.91940690040808,-8.202574399888544],[-35.919561099964746,-8.202837199776894],[-35.91962810035644,-8.20296730020065],[-35.919692499908884,-8.203114600158642],[-35.9197715997794,-8.203366799737944],[-35.9198092004342,-8.203539400323006],[-35.91983200004669,-8.203666800082745],[-35.91983739957629,-8.203759700050062],[-35.91982930028197,-8.20400399998456],[-35.91980790001448,-8.205529099987915],[-35.91980110024054,-8.205825100148202],[-35.91979440029129,-8.207050299631572],[-35.919806499770104,-8.208259500175744],[-35.91981049995453,-8.208774499643395],[-35.919821299912954,-8.209199299807747],[-35.91982330000526,-8.209275699913595],[-35.919836000231115,-8.209580300290535],[-35.919830699627,-8.210058100201095],[-35.91985479965922,-8.210928900248526],[-35.919864200272535,-8.211324399601294],[-35.9198614996085,-8.211734600171582],[-35.91985750032332,-8.212115499930325],[-35.91986099958542,-8.21218970029438],[-35.91986819955769,-8.212339799841882],[-35.919884300120295,-8.212619899988324],[-35.919881600355524,-8.21278579972478],[-35.91986690003737,-8.212965000434366],[-35.91986020008812,-8.213166800207581],[-35.91985879984364,-8.213322099635167],[-35.919876199926634,-8.213456100418634],[-35.919900399783565,-8.2136020999569],[-35.919945999907945,-8.213793300320463],[-35.91999019978778,-8.213969800365891],[-35.92012169955678,-8.214476900188714],[-35.92015520020222,-8.214610900072937],[-35.92020479961178,-8.21476220021533],[-35.92025849992979,-8.214924199592048],[-35.92032550032155,-8.215072799969644],[-35.920392599638696,-8.215210899863077],[-35.920462299795226,-8.215315699659726],[-35.9205307004314,-8.215423299945318],[-35.92062060026047,-8.215540100295327],[-35.920863300301036,-8.215833399791483],[-35.92102960023582,-8.216033800219606],[-35.9212186997831,-8.216252800426341],[-35.921351499971685,-8.216390900319801],[-35.921486900100284,-8.216514299894964],[-35.921622400053636,-8.216616499751627],[-35.92180069964248,-8.21673199968196],[-35.92195759986329,-8.216819599944495],[-35.92223259995448,-8.21692370006864],[-35.92284809956006,-8.217159399786434],[-35.923827099740805,-8.217540400269247],[-35.924185199887,-8.217677099918179],[-35.92457150007464,-8.217839000369468],[-35.924854399810656,-8.217977100262955],[-35.92602660044715,-8.218659999559256],[-35.92617610014684,-8.218745599729573],[-35.92686070006122,-8.219130499672767],[-35.927599699966166,-8.21955520001247],[-35.92781160002523,-8.219689299721392],[-35.928000699572564,-8.21982600026967],[-35.928193800203665,-8.219975999992359],[-35.92836909965413,-8.220135299604355],[-35.9287785996526,-8.220532100276161],[-35.92911219956828,-8.220855900279469],[-35.929482599742116,-8.221247599996634],[-35.93045489997361,-8.222424899789278],[-35.930625200092884,-8.222633299687017],[-35.930851799570846,-8.222937300216202],[-35.931042300261865,-8.223218699883041],[-35.93131590010865,-8.223632799913734],[-35.93147280032941,-8.223882399553064],[-35.9316028998539,-8.224115900428346],[-35.931673900430084,-8.224277899805218],[-35.9317235996643,-8.224451700085874],[-35.93176380025913,-8.224628299956002],[-35.93179460024052,-8.224811400125942],[-35.9318429001297,-8.225196399893846],[-35.931853700088126,-8.225395400077591],[-35.93184960007892,-8.22561979981382],[-35.93182950023123,-8.225857399799084],[-35.93179329982087,-8.226059099747587],[-35.93161629975238,-8.226790399657167],[-35.93149159975744,-8.227314699913409],[-35.93138560026517,-8.227773999870118],[-35.93132660024235,-8.22802480010435],[-35.93130250021017,-8.228215999568683],[-35.93129980044537,-8.228433600430263],[-35.93131049967975,-8.22861149982081],[-35.93134670009011,-8.228798699999974],[-35.93139230021439,-8.228987099874708],[-35.93151839955449,-8.229402600149829],[-35.931731600033245,-8.23003039978304],[-35.93185499960852,-8.230456399643012],[-35.93201590001367,-8.230932900033254],[-35.93229760005415,-8.23172140042225],[-35.93238470029364,-8.231965599632613],[-35.932479899827456,-8.232220400051347],[-35.932656999720734,-8.232655799625451],[-35.932805799747804,-8.232942499896382],[-35.93294260012081,-8.233176099697168],[-35.93338790033131,-8.233882199703723],[-35.934032900397945,-8.23488959957531],[-35.93433339986646,-8.235393899808548],[-35.93451979964893,-8.235655400176515],[-35.93466859967611,-8.235841200111228],[-35.93485639970302,-8.23605489971381],[-35.93502800024196,-8.23621680016519],[-35.93523459969694,-8.236390700270519],[-35.93583940006822,-8.236863199576902],[-35.93638930042586,-8.237303899755172],[-35.93662529961784,-8.237528199666666],[-35.93675540004162,-8.237680800228699],[-35.93691430035463,-8.237896499923488],[-35.93700220009136,-8.23806310023183],[-35.93707460001275,-8.238237000337238],[-35.93730120039001,-8.238801000265882],[-35.93757609975715,-8.239472599580784],[-35.9377170001394,-8.239833600040543],[-35.93781080032808,-8.240052600247292],[-35.93801600043802,-8.2404349002504],[-35.93820109980088,-8.240718899857274]]}},{"type":"Feature","properties":{"fid":320,"CODIGO_SRE":"170EPE0050","UF":"PE","RODOVIA":"170","LOCAL_INIC":"Entr. BR-423 (Lajedo)","LOCAL_FIM":"Canhotinho","KM_INICIAL":0,"KM_FINAL":31.28,"EXTENSAO":31.28,"SITUACAO":"PAV","DESC_SITUA":"PAVIMENTADA","TIPO_REVES":"TSD","DESC_REVES":"TRATAMENTO SUPERFICIAL DUPLO","IDENTIFICA":"Eixo Principal","OBSERVACAO":"21","EXTENSAO_1":31.28,"REGISTRO":"M21","STATUS_FED":"22.803.919,24","CONCT_ROD":"PE170","COD":"M21","Fase (Obra":"-","STATUS":"FINALIZADA","ROD.":"PE170","DRO":"7","CUSTO OBRA":"22803919.240000002","CUSTO TOTA":"56.668.632,68"},"geometry":{"type":"LineString","coordinates":[[-36.331041859999935,-8.65859929999992],[-36.329017500157434,-8.66165019969692],[-36.32875780023228,-8.66204850043784],[-36.32845650036713,-8.662458299910538],[-36.32832859968512,-8.662638899965204],[-36.32776750007003,-8.663447299653134],[-36.327403000348134,-8.663946599655738],[-36.3268121997232,-8.664796600182884],[-36.3264680003979,-8.665282899586092],[-36.32636779973405,-8.665424399816148],[-36.32619720014063,-8.665665400138032],[-36.32614590011313,-8.665737800059404],[-36.32548860001882,-8.666661400203367],[-36.32542569963626,-8.666746299801849],[-36.32471970035387,-8.667752400153129],[-36.32423259965464,-8.668440299679988],[-36.323595500132136,-8.669340199990167],[-36.323486399777494,-8.669494299722055],[-36.3234159001236,-8.669593899638684],[-36.32329899994885,-8.669756399937866],[-36.323174299953926,-8.66992970019543],[-36.323131699967924,-8.669986799950866],[-36.32280000031971,-8.670463900188759],[-36.322679599983495,-8.67063220021583],[-36.32201169958018,-8.671579799667963],[-36.321870200249535,-8.671780499570344],[-36.3216154996555,-8.672141800403736],[-36.321384099596415,-8.672470200439387],[-36.32108350030325,-8.672896599598342],[-36.31834109956208,-8.676787299694036],[-36.31806489977525,-8.677183899817086],[-36.31787409960995,-8.677447699751509],[-36.317637399846085,-8.677775099741025],[-36.316980699599576,-8.678721799871107],[-36.31682940035643,-8.678951600036278],[-36.31652499962899,-8.67935700002553],[-36.3164421999475,-8.679469399992797],[-36.31572270004255,-8.680504300233233],[-36.315426600057464,-8.680927700153182],[-36.31531300039458,-8.681076199806757],[-36.31518490006307,-8.681236000341041],[-36.315086300192505,-8.68134730043745],[-36.31491330030853,-8.681534300067794],[-36.31482749958936,-8.681617800321169],[-36.31467859973754,-8.681757599933203],[-36.31448490015797,-8.681917399568306],[-36.31431989974351,-8.682053899567752],[-36.31416029975798,-8.682166000060771],[-36.31400539962943,-8.682272700124926],[-36.313827000215824,-8.682383400373517],[-36.313616500401096,-8.682505999552145],[-36.31341199996377,-8.682606100391187],[-36.31316860025062,-8.682722800017165],[-36.31305389981758,-8.682772500150659],[-36.31286609979063,-8.682842099583178],[-36.312742100367586,-8.68288120030711],[-36.31254289963501,-8.682940900002516],[-36.31237129999541,-8.682984599859369],[-36.31215200031454,-8.683040900117385],[-36.31194280002014,-8.68308400012646],[-36.31184089963774,-8.683102599904974],[-36.31170880002107,-8.683121800430687],[-36.311567899638824,-8.683136400024777],[-36.31137420005919,-8.683157599743351],[-36.311123399825,-8.683179500033862],[-36.31090479981665,-8.683200699752424],[-36.310548000090044,-8.683238500056678],[-36.309973399852495,-8.68329879959985],[-36.309370300099175,-8.683355900254544],[-36.30916600021068,-8.683375699728664],[-36.30665760036795,-8.683636100225735],[-36.303633299936806,-8.683945100086262],[-36.30244370011659,-8.684064399652314],[-36.30131449966439,-8.684175799573447],[-36.30058090018829,-8.684261899766781],[-36.30012902770504,-8.684306282954024],[-36.30008201674035,-8.68431090039899],[-36.29960859995686,-8.684357399674196],[-36.298162900197674,-8.684500599622954],[-36.297161100404374,-8.684598700369687],[-36.29685800009651,-8.68461990008821],[-36.29652679957212,-8.684651700115783],[-36.29613120039454,-8.684687500327819],[-36.29526880001503,-8.68477370034594],[-36.29445209958469,-8.68486520006888],[-36.29397200010764,-8.684918199814977],[-36.29339260018829,-8.684969900040766],[-36.29270729970206,-8.68503619986071],[-36.291753799797974,-8.685147499957093],[-36.291044400178826,-8.68521650044105],[-36.29088210042857,-8.685231100035153],[-36.290503900434615,-8.685277499656777],[-36.29030540027396,-8.685299999795143],[-36.29012440002097,-8.685330500302308],[-36.28984410022503,-8.685382199628764],[-36.28965630019802,-8.685433899854555],[-36.28945780003739,-8.6854974999097],[-36.28914399959582,-8.685610200250485],[-36.28870280029396,-8.685799799820865],[-36.28847209990742,-8.685913799682046],[-36.28818650040661,-8.686078200248684],[-36.287739899776525,-8.686391099569553],[-36.28736300020226,-8.686698600260172],[-36.287127000110885,-8.686900099659844],[-36.28670450041228,-8.687297900377747],[-36.28617080044207,-8.687798999923888],[-36.28392850010016,-8.689877700095698],[-36.280399000113704,-8.693166799608056],[-36.27940154341934,-8.694084988395709],[-36.279392060311174,-8.694093717870244],[-36.27838570043967,-8.695020099997539],[-36.27772319956596,-8.695639199589298],[-36.276683800017295,-8.696603000328153],[-36.27602259956321,-8.697212800030604],[-36.275620300436415,-8.69759059982631],[-36.274875999927424,-8.698283899782098],[-36.274414699878406,-8.698690899665213],[-36.272982900040745,-8.699928800273868],[-36.27098119982248,-8.70190669993421],[-36.267829800005224,-8.705020499996003],[-36.26716959959731,-8.705931100439903],[-36.26672399991262,-8.706841799809183],[-36.26597069988786,-8.70904679986987],[-36.263233599750734,-8.717059000272553],[-36.26314639968656,-8.717314299814994],[-36.261879299889706,-8.720917000119403],[-36.2604054000891,-8.725176299946192],[-36.25929149980284,-8.728471399735243],[-36.25828650022172,-8.731847999685362],[-36.25801429972012,-8.732799100198315],[-36.25753079990641,-8.73442420031649],[-36.25740240010062,-8.734864899595351],[-36.25709760007409,-8.735952500107748],[-36.25668119957764,-8.737348999756463],[-36.25644520038562,-8.73816620020994],[-36.25631579963442,-8.738590700000762],[-36.255896600447684,-8.74006030014271],[-36.2558604998621,-8.74017539987475],[-36.25563050004752,-8.7409424999963],[-36.25522410001219,-8.742364200447437],[-36.25509870034471,-8.742781000242925],[-36.254804399903065,-8.7437552996673],[-36.254563000282154,-8.744602999728569],[-36.254210199840806,-8.745827700088242],[-36.25403050000748,-8.746448699947484],[-36.253718699658194,-8.747485899754423],[-36.25357189972329,-8.747991600232114],[-36.25334859985794,-8.748753799947842],[-36.25312189965589,-8.749536399884867],[-36.25246749987521,-8.751791799751707],[-36.252301199940355,-8.752365099569673],[-36.25214229962738,-8.75291519957673],[-36.2519243003661,-8.753640199735354],[-36.25174260044056,-8.754260499922081],[-36.251529399961804,-8.754994799969987],[-36.25140600038654,-8.75542830017588],[-36.25126319973686,-8.755901500054163],[-36.25108509979748,-8.756516499636685],[-36.25078710044429,-8.757535800236935],[-36.25059669957793,-8.758203599916119],[-36.250553700293,-8.758354300210682],[-36.250022700087484,-8.760170800342095],[-36.2496813003517,-8.761353100365184],[-36.24960149990927,-8.76171500014711],[-36.249551299752596,-8.76202450003055],[-36.249523800283065,-8.762257099785268],[-36.24950499995569,-8.7625055995537],[-36.249489599965045,-8.762856800101172],[-36.24949699958682,-8.763205399809289],[-36.249510299660535,-8.763465900131148],[-36.24953579993716,-8.764222700317282],[-36.24955060008011,-8.764684000366284],[-36.24956399997858,-8.764947699576611],[-36.24959279986777,-8.765702600394635],[-36.24961560037959,-8.766525700400749],[-36.24963510037952,-8.76704329980836],[-36.249646199812226,-8.767347300337573],[-36.24965720031948,-8.767648299829123],[-36.24968600020874,-8.768640400434053],[-36.24968939964606,-8.768755699815618],[-36.24974970008857,-8.770482700316297],[-36.249767799844015,-8.770978400332844],[-36.249767799844015,-8.771321700336127],[-36.249760099848665,-8.771502000017186],[-36.24975709971031,-8.77157220019683],[-36.249719599779624,-8.771949999992458],[-36.24966989964607,-8.772452300133528],[-36.249555899784916,-8.773502700189388],[-36.24939100009455,-8.775033599920656],[-36.2493393996935,-8.775542500186186],[-36.24928100041778,-8.776114799957991],[-36.24914310017392,-8.77739629969944],[-36.24904970018347,-8.778283399958866],[-36.24901680028505,-8.778627399634727],[-36.24893969960741,-8.779258300130339],[-36.24889079987046,-8.779818899722388],[-36.248776999658745,-8.78086199998126],[-36.24875129973265,-8.781097599874279],[-36.24868830042469,-8.78168369974292],[-36.24840999982159,-8.784370900096913],[-36.248339699817194,-8.785016599836176],[-36.24831120030155,-8.785278100204055],[-36.248278210293726,-8.78557935871003],[-36.24822019970239,-8.786109099855038],[-36.248094100362366,-8.78727809980442],[-36.24796809994781,-8.788428499975199],[-36.247930500192375,-8.788836699553972],[-36.24791310010945,-8.788957400263747],[-36.247871500169516,-8.789393399685604],[-36.247758899653405,-8.790390100322801],[-36.24769450010099,-8.791201199775529],[-36.24763009964928,-8.791720700349956],[-36.24759259971866,-8.792028200141242],[-36.247533599695835,-8.792287999891252],[-36.2474799002771,-8.79252650009785],[-36.24738340032359,-8.792839299593904],[-36.24713930003858,-8.79353640008472],[-36.24673430024769,-8.79459929981779],[-36.24621929988073,-8.796020100047516],[-36.24594029960505,-8.79682589979537],[-36.245731100210016,-8.797366600088449],[-36.24557419998928,-8.797805300174362],[-36.24534489984719,-8.798278500052644],[-36.245170499718775,-8.79858859978399],[-36.24511709977425,-8.798670699792888],[-36.244899599636724,-8.79900469990685],[-36.24445979967997,-8.79967270013498],[-36.2434887998682,-8.801149100050887],[-36.24287459978291,-8.802103299627468],[-36.24220129985007,-8.803131800292302],[-36.241772200026965,-8.803765299828665],[-36.241589800428876,-8.804067400090382],[-36.241420799829996,-8.804345799618893],[-36.241273300222545,-8.804624100221977],[-36.24117670044432,-8.804828199561708],[-36.241085500195624,-8.80503760040489],[-36.24092459979034,-8.805398000117524],[-36.24074759972188,-8.805907000207828],[-36.24040960032278,-8.806863799724495],[-36.240103800250154,-8.807711999808872],[-36.23987319968834,-8.808345500244569],[-36.239634499832256,-8.808981599721005],[-36.23930449990267,-8.809893399860488],[-36.2390121995533,-8.810670000420153],[-36.2388056999231,-8.811247900270335],[-36.23865010012192,-8.81164539971532],[-36.23854549997482,-8.811868099732951],[-36.238403300072186,-8.812154299980927],[-36.23826649969914,-8.812411499790787],[-36.23810290042849,-8.81266330007122],[-36.237794500415816,-8.813058199576172],[-36.237148000279895,-8.813850700149642],[-36.2367591001523,-8.814309199709728],[-36.23633000032919,-8.81483399998905],[-36.23579089993005,-8.815493999848153],[-36.23523030033802,-8.816175200325176],[-36.23470990044146,-8.816808699861577],[-36.23424589972838,-8.817362600403625],[-36.23418910034667,-8.817432799683857],[-36.23384890030643,-8.817852999816083],[-36.23350560030311,-8.81827439964371],[-36.23302819969156,-8.818858799793652],[-36.232612399942205,-8.819353200289868],[-36.23250789961981,-8.819480900423189],[-36.23216990022068,-8.819893899683626],[-36.23199819985697,-8.82010989975202],[-36.231708500346954,-8.820474299649142],[-36.231118400293894,-8.82118200044888],[-36.230327200140145,-8.822138799965625],[-36.22979069968101,-8.822782899810948],[-36.22955469958967,-8.823058499749887],[-36.229374999756345,-8.823246699975147],[-36.22913090037067,-8.823490599711315],[-36.228873400187226,-8.823729099917925],[-36.22860789963484,-8.82393320015699],[-36.22818680018061,-8.824238000183543],[-36.2274142996302,-8.824733600375279],[-36.22652920036225,-8.825274299769085],[-36.225705700157896,-8.825801799813142],[-36.22494399956585,-8.826254999668432],[-36.224104500422285,-8.826777100182984],[-36.22318450026443,-8.827341699959394],[-36.2225433996581,-8.827739200303803],[-36.22186480002043,-8.828168599601177],[-36.22126669959843,-8.828545000051697],[-36.22080269978471,-8.828825899695444],[-36.220306499745064,-8.8291360003261],[-36.21990950032311,-8.829414300029862],[-36.21949369967442,-8.829750900083885],[-36.21913430000787,-8.830074299888953],[-36.21882320023047,-8.830389700224414],[-36.218257300034345,-8.830986000203737],[-36.21549609986501,-8.834120300311525],[-36.21495979995475,-8.834814600313475],[-36.21461669960094,-8.83542409964241],[-36.2144557002703,-8.835981000322873],[-36.21444490031181,-8.836834699761491],[-36.21465549995131,-8.837540199920179],[-36.21520939959404,-8.838415400350389],[-36.21646020007812,-8.839872699565394],[-36.21651379967208,-8.839939299758816],[-36.216722999966414,-8.840198700209765],[-36.21705829960078,-8.840644000420252],[-36.217238000333374,-8.840935500372996],[-36.21740120030509,-8.841273399947402],[-36.21756259983407,-8.841791600102177],[-36.21762960022583,-8.842204999561034],[-36.217656400022804,-8.84254159961502],[-36.21764839965386,-8.842867600259519],[-36.217584000101446,-8.843339399893347],[-36.21749549961752,-8.843707799974919],[-36.217283599558414,-8.844298800249383],[-36.217087800061854,-8.844838799970562],[-36.21685449973531,-8.845382799876315],[-36.21658619959337,-8.845870399699125],[-36.216318000175484,-8.846254699794502],[-36.21602300006132,-8.846535700162368],[-36.215877700195676,-8.846660699631506],[-36.215731900306956,-8.846786100198283],[-36.21554959963425,-8.846914599828894],[-36.215372499741044,-8.84702730016973],[-36.21513250036454,-8.847142599551267],[-36.21463900008971,-8.847354600334484],[-36.21383430021273,-8.847646100287216],[-36.21208900030705,-8.848242099892932],[-36.21194059957895,-8.848292800072626],[-36.21076050019687,-8.848719499605163],[-36.210304499852725,-8.848913000434512],[-36.20999340007526,-8.849106399640561],[-36.209746600025554,-8.849299899570642],[-36.209483700312475,-8.849572899569623],[-36.20927990044704,-8.849808799836172],[-36.20908140028628,-8.850174500152958],[-36.20898490033284,-8.85038919980165],[-36.20886679956311,-8.850752300178454],[-36.20877300027367,-8.851186900255154],[-36.20825010026182,-8.854830099729217],[-36.20789589957604,-8.857298399701323],[-36.20758469997388,-8.859352300168478],[-36.20743990013123,-8.860441499675366],[-36.20735410031139,-8.860950399940984],[-36.20725429984599,-8.861352600142334],[-36.207158299915605,-8.861634099633935],[-36.207029499911435,-8.861904399868143],[-36.206788100290524,-8.862293999668276],[-36.20649839988117,-8.862620000312724],[-36.20614439974422,-8.862940700352956],[-36.20509129992349,-8.86365319993519],[-36.20506280040785,-8.863672500285576],[-36.20348900031702,-8.864737499935613],[-36.20305989959458,-8.865013099874592],[-36.202842600005916,-8.865172100012352],[-36.20263069994675,-8.865354999633485],[-36.202314199740485,-8.865678299613739],[-36.20187160019408,-8.866181800349713],[-36.20170270031936,-8.866438900334876],[-36.20144520013577,-8.866852299793782],[-36.20125199967999,-8.867292199575303],[-36.20103749968081,-8.867872600440116],[-36.200825599621645,-8.868500700446909],[-36.2005625002591,-8.869071000126457],[-36.200423299595585,-8.869584600249066],[-36.20026230026491,-8.870718800032524],[-36.2002354995686,-8.871079299570008],[-36.20022559983149,-8.871331500048617],[-36.200216399766944,-8.871567599964678],[-36.200198499660964,-8.872028099617046],[-36.20017100019147,-8.872731900057083],[-36.200175200025384,-8.872983200314396],[-36.2001773997671,-8.873015700014484],[-36.2001797002329,-8.87340279969942],[-36.20018020025594,-8.873488499694487],[-36.20018070027906,-8.873570400053897],[-36.20020230019592,-8.873755600140766],[-36.2002024000207,-8.873866800412502],[-36.20019450037588,-8.873942800319918],[-36.20018459973944,-8.874009100139798],[-36.20015500035291,-8.874128100231575],[-36.20012940025154,-8.874219699779266],[-36.20007999959227,-8.874367899958518],[-36.2000672004409,-8.874396199824746],[-36.200011000007564,-8.874519899773514],[-36.19992610040916,-8.874670100044984],[-36.19988400044621,-8.87473300042759],[-36.19984129973613,-8.874796800132183],[-36.19975840022989,-8.874890399772065],[-36.19964390034563,-8.87500930003912],[-36.19930570039769,-8.875282399862797],[-36.19918020000616,-8.875383700397448],[-36.19893349978114,-8.875555200212279],[-36.1988462997169,-8.875627699958287],[-36.198753799947845,-8.875726600202338],[-36.19863060002208,-8.875886399837414],[-36.198558700123804,-8.875990400136747],[-36.198504800156336,-8.876096899652158],[-36.198409400073714,-8.876336899927958],[-36.19834379992632,-8.876567899788736],[-36.19808540042082,-8.878046600170379],[-36.19804560002437,-8.878111800119386],[-36.19801739998295,-8.878290499906583],[-36.19790500001568,-8.879004399733232],[-36.19765300008578,-8.879823700103602]]}},{"type":"Feature","properties":{"fid":408,"CODIGO_SRE":"300EPE0050","UF":"PE","RODOVIA":"300","LOCAL_INIC":"Entr. BR-423 (Águas Belas)","LOCAL_FIM":"Entr. BR-316 (Inajá)","KM_INICIAL":0,"KM_FINAL":96.51000000000002,"EXTENSAO":96.51000000000002,"SITUACAO":"PAV","DESC_SITUA":"PAVIMENTADA","TIPO_REVES":"TSD","DESC_REVES":"TRATAMENTO SUPERFICIAL DUPLO","IDENTIFICA":"Eixo Principal","OBSERVACAO":"23","EXTENSAO_1":96.52,"REGISTRO":"M23","STATUS_FED":"99.139.086,22","CONCT_ROD":"PE300","COD":"M23","Fase (Obra":"O","STATUS":"EM ANDAMENTO","ROD.":"PE300","DRO":"7","CUSTO OBRA":"99139086.219999999","CUSTO TOTA":"129.482.818,82"},"geometry":{"type":"LineString","coordinates":[[-37.11551202999991,-9.130222089999943],[-37.11513247199996,-9.128753849999903],[-37.11507903399994,-9.128536604999951],[-37.115025596999956,-9.128319359999972],[-37.1149630629999,-9.128102067999984],[-37.11489143299995,-9.127884728999973],[-37.11482894599994,-9.127658395999916],[-37.11475731599991,-9.127441056999917],[-37.11469487699995,-9.12720568499999],[-37.114632485999955,-9.126961272999932],[-37.11456109399992,-9.126698732999946],[-37.114480652999895,-9.126427105999948],[-37.11440025899998,-9.126146438999973],[-37.114319912999974,-9.125856731999882],[-37.11423956799993,-9.125567024999919],[-37.11415922199993,-9.12527731799993],[-37.114078923999934,-9.124978570999888],[-37.113989481999916,-9.124688816999926],[-37.11390918399992,-9.12439006999991],[-37.11381978999999,-9.124091274999916],[-37.11373949199999,-9.123792527999951],[-37.11365914699995,-9.123502820999937],[-37.11357880199994,-9.123213113999922],[-37.11349840999999,-9.122932446999908],[-37.11342711299991,-9.122651827999936],[-37.113346625999924,-9.122389240999913],[-37.11327514,-9.122144780999957],[-37.11322179799997,-9.121909455999937],[-37.11315931299999,-9.121683123999961],[-37.11310597199995,-9.12144779899993],[-37.11304353499998,-9.121212426999925],[-37.11295380899993,-9.120976912999922],[-37.11288232299994,-9.120732453999944],[-37.11281093199993,-9.120469913999932],[-37.112739541999886,-9.120207374999937],[-37.11265905499991,-9.119944787999954],[-37.112587711999915,-9.119673207999915],[-37.11251627399992,-9.119419708999896],[-37.11245383699999,-9.11918433699998],[-37.112391209999906,-9.118985124999883],[-37.11232882099991,-9.118740712999978],[-37.11234820099996,-9.118514805999927],[-37.11245825499995,-9.118343610999927],[-37.11263183899997,-9.118199866999902],[-37.112841711999934,-9.11807439199994],[-37.113051679999934,-9.117930835999982],[-37.11327074299994,-9.11778732799995],[-37.11348975899996,-9.117652859999946],[-37.11370886999994,-9.11750031099996],[-37.11392793299997,-9.117356801999962],[-37.114156091999945,-9.117213340000001],[-37.1143112449999,-9.117114700999945],[-37.114475541999965,-9.117007068999923],[-37.11463979199989,-9.11690847699998],[-37.11480408899996,-9.116800844999945],[-37.11497748099994,-9.116693258999954],[-37.11514172999993,-9.116594666999946],[-37.11529697799991,-9.116477946999984],[-37.11546127499998,-9.1163703149999],[-37.115534204655496,-9.116322537592305],[-37.11562557099992,-9.116262681999912],[-37.11578986699992,-9.11615504899991],[-37.11595416399992,-9.11604741599996],[-37.11612755599997,-9.115939829999958],[-37.116291851999975,-9.115832196999945],[-37.11644705099995,-9.115724516999933],[-37.11661134699995,-9.11561688399997],[-37.116775642999954,-9.115509250999917],[-37.11693079499998,-9.11541060999998],[-37.11699445462187,-9.115368905543049],[-37.11709509099996,-9.115302976999967],[-37.117241146999945,-9.11520428899994],[-37.11745101699993,-9.115078809999948],[-37.11765183799992,-9.114944243999929],[-37.11784346799992,-9.114827711999933],[-37.117989570999924,-9.114719982999889],[-37.11819953499997,-9.114576423999956],[-37.11838206899993,-9.11445984399997],[-37.11858288999995,-9.114325276999947],[-37.118792805999924,-9.114190757999914],[-37.11910544520115,-9.113985808235062],[-37.11921263799995,-9.113921717999991],[-37.119413362999985,-9.11380523099992],[-37.11960499199993,-9.113688696999942],[-37.11976933399995,-9.113572021999943],[-37.1199157669999,-9.113401011999958],[-37.120016625999945,-9.113247846999938],[-37.12016291699993,-9.113103957999963],[-37.120336353999924,-9.112987328999932],[-37.12050078899991,-9.112852572999952],[-37.12052897499995,-9.11268095199993],[-37.120611783999955,-9.112500572999997],[-37.12068559099995,-9.11230206599993],[-37.120876887999934,-9.112248811999963],[-37.12109547299997,-9.112195698999937],[-37.12127767399992,-9.112142396999968],[-37.12145982799996,-9.112098135999888],[-37.12166022099993,-9.112044927999902],[-37.12185151799998,-9.111991672999979],[-37.12204281499991,-9.111938418999948],[-37.12221587299994,-9.111894110000007],[-37.12238921399995,-9.111795559999923],[-37.12250802699998,-9.111687688999933],[-37.12265426999993,-9.11155283799995],[-37.1228276109999,-9.111454287999944],[-37.123019237999976,-9.111337751999942],[-37.12321086499999,-9.111221214999949],[-37.123393442999905,-9.11109559199996],[-37.12358502299997,-9.110988094999906],[-37.12377660199997,-9.11088059799994],[-37.12520941499995,-9.109974903999966],[-37.125373705999905,-9.109867266000006],[-37.12553809199995,-9.109741546999961],[-37.125720620999964,-9.109624961999915],[-37.125912245999984,-9.109508423999955],[-37.12601479458589,-9.109442704330755],[-37.12612215799989,-9.109373898999932],[-37.12634111699997,-9.109248460999936],[-37.12656926699994,-9.109104988999928],[-37.12674260599989,-9.109006436999938],[-37.12691603899996,-9.108889803999913],[-37.127080281999945,-9.108791204999912],[-37.12724452499995,-9.108692606],[-37.12740872099992,-9.108603046999951],[-37.12757296399993,-9.108504446999984],[-37.12780111199994,-9.108360974999886],[-37.128010927999966,-9.10824452899994],[-37.128175217999924,-9.108136888999983],[-37.128339459999914,-9.108038288999952],[-37.12851284499991,-9.107930694999938],[-37.12871361199991,-9.107805161999991],[-37.12893266399995,-9.107661641999918],[-37.12916071799993,-9.107536247999981],[-37.12938881799993,-9.107401813999953],[-37.12954401099996,-9.107294126999884],[-37.12971739599989,-9.10718653299996],[-37.12989078,-9.107078937999967],[-37.13006421199994,-9.106962303999952],[-37.13023754899996,-9.106863749999938],[-37.130410932999965,-9.106756154999934],[-37.13057526799998,-9.106639473999971],[-37.13073960299989,-9.106522791999952],[-37.13089479599991,-9.106415103999904],[-37.13105913099996,-9.10629842199995],[-37.13122341799989,-9.106190780999913],[-37.131387705999956,-9.106083138999923],[-37.131561136999906,-9.105966503999966],[-37.13172551799993,-9.105840780999928],[-37.1318808509999,-9.105705971999935],[-37.132017991999895,-9.105571068999945],[-37.13218270099995,-9.105382065999935],[-37.132292648999986,-9.105228942999888],[-37.13242997699993,-9.105057878999963],[-37.13257644799996,-9.104877821999908],[-37.132732155,-9.104670690999917],[-37.132860292999986,-9.104517660999887],[-37.13302472099993,-9.104382896999908],[-37.133234532999964,-9.104266446999892],[-37.13347149099997,-9.104177257999963],[-37.133753974999934,-9.10407926099997],[-37.134054697999936,-9.103972316999931],[-37.13435537299993,-9.103874411999938],[-37.134610897999956,-9.103712992999924],[-37.134857372999896,-9.103542487999938],[-37.1351130379999,-9.10335394799994],[-37.13535960699993,-9.103165360999943],[-37.135615270999935,-9.102976820999983],[-37.13586183899998,-9.102788233999947],[-37.13611754999992,-9.102590652999941],[-37.13638235599991,-9.102393117999892],[-37.136638065999946,-9.102195536999925],[-37.13691201399992,-9.101989007999931],[-37.13704901099988,-9.101881222999975],[-37.13719510399995,-9.10177348499998],[-37.137341196999955,-9.101665746999982],[-37.137633428999905,-9.101441229999972],[-37.13777956899999,-9.101324450999906],[-37.13792566099992,-9.101216712999884],[-37.13808089599998,-9.101099979999951],[-37.13822703499993,-9.100983200999924],[-37.13852831499994,-9.100767769999973],[-37.138674453999954,-9.100650990999958],[-37.1389666379999,-9.100435512999969],[-37.1392679639999,-9.100211040999971],[-37.13942319799995,-9.10009430699992],[-37.13956933599997,-9.099977527999918],[-37.1397245699999,-9.099860794999934],[-37.13987066199997,-9.099753054999955],[-37.14001679999993,-9.099636274999948],[-37.14016289099993,-9.099528534999918],[-37.14030898199994,-9.099420795999917],[-37.140601210999904,-9.0991962749999],[-37.14089339199995,-9.098980794999916],[-37.14118562099998,-9.098756274999968],[-37.14147780199993,-9.09854079399994],[-37.14162389199994,-9.09843305299993],[-37.14176993599994,-9.098334352999926],[-37.142071117999905,-9.098136997999934],[-37.14238130299995,-9.097957769999942],[-37.14254549099994,-9.09786820199999],[-37.14286458499996,-9.097725180999902],[-37.14303777499997,-9.09765373999994],[-37.14321096499997,-9.097582298999939],[-37.14338415499998,-9.097510856999984],[-37.14356639399994,-9.097448501999965],[-37.143940013999945,-9.09731479799992],[-37.14412229899993,-9.09724340199992],[-37.14431367999994,-9.097172052999905],[-37.14449596499999,-9.097100656999919],[-37.144687299999916,-9.09703834799997],[-37.14486958499997,-9.096966951999944],[-37.14505182299993,-9.096904595999897],[-37.14524320399991,-9.096833245999928],[-37.14542548899989,-9.096761849999966],[-37.14561686999998,-9.096690499999948],[-37.14580820399991,-9.096628189999905],[-37.145999583999995,-9.09655683899992],[-37.146181868999975,-9.096485442999908],[-37.14637324899993,-9.096414091999936],[-37.14656458299989,-9.096351781999905],[-37.146755962999976,-9.096280430999933],[-37.146938247999955,-9.096209033999942],[-37.14712962799997,-9.096137682999919],[-37.14732100799993,-9.096066330999943],[-37.14750324599989,-9.096003973999888],[-37.14769462599998,-9.095932622999916],[-37.14788600599996,-9.09586127099994],[-37.14807738599992,-9.095789919999966],[-37.14826876499994,-9.095718567999914],[-37.148441340994935,-9.095654226677556],[-37.14846014499996,-9.09564721599995],[-37.148651524999906,-9.095575863999908],[-37.14884290399993,-9.095504511999906],[-37.14904333299991,-9.09544224599995],[-37.14923471299993,-9.09537089399991],[-37.14942613799996,-9.095290500999926],[-37.14962661299992,-9.095219194999954],[-37.14982708799991,-9.095147887999916],[-37.15001846799999,-9.095076535999977],[-37.150218941999995,-9.09500522899999],[-37.15041941699999,-9.0949339219999],[-37.15061993799999,-9.094853574999922],[-37.15082041299992,-9.094782267999959],[-37.151029982999916,-9.094711005999908],[-37.15123045799991,-9.094639698999934],[-37.15143097799992,-9.094559350999914],[-37.151640594999904,-9.09447904899999],[-37.15184106899989,-9.09440774199995],[-37.15205068499994,-9.09432743999995],[-37.15225115899994,-9.09425613199993],[-37.15245163399993,-9.094184822999985],[-37.152652108,-9.094113514999979],[-37.15285258199996,-9.094042206999974],[-37.15304400599996,-9.093961811999943],[-37.15324447999993,-9.093890502999933],[-37.15347761345191,-9.093809076559237],[-37.15362718999996,-9.093756833999985],[-37.153827663999955,-9.09368552499996],[-37.15401904199991,-9.093614168999952],[-37.15421041999994,-9.093542813999898],[-37.154602270999895,-9.093400148999958],[-37.155978342999916,-9.092891800999963],[-37.156178862999994,-9.092811449999916],[-37.15637019399994,-9.09274913299993],[-37.15657066699994,-9.092677822999994],[-37.1567620439999,-9.092606465999916],[-37.156953420999926,-9.092535108999943],[-37.157135702999916,-9.092463705999911],[-37.15732703299993,-9.092401388999939],[-37.157509314999984,-9.09232998599997],[-37.15770069199991,-9.092258627999929],[-37.15788297299997,-9.092187224999922],[-37.15807434999993,-9.092115866999917],[-37.15825658499991,-9.092053502999947],[-37.15843886599997,-9.091982099999916],[-37.158621100999945,-9.091919735999971],[-37.158785144999975,-9.09185728099994],[-37.15912228099996,-9.091741455000008],[-37.159450367999966,-9.09161654399997],[-37.15976931299994,-9.091500625999988],[-37.15992421499992,-9.091447163999899],[-37.160224968999955,-9.09133115399993],[-37.16053481799993,-9.091215189999964],[-37.16085376299998,-9.091099270999939],[-37.160870713322424,-9.091092817462474],[-37.16118184899992,-9.090974357999904],[-37.16151902999992,-9.090849489999872],[-37.161692168999934,-9.090787078999941],[-37.161865306999935,-9.090724666999943],[-37.16187261377482,-9.090722033144496],[-37.16203844599994,-9.090662255999963],[-37.16221162999993,-9.09059080399995],[-37.16238476799994,-9.09052839199995],[-37.16273104499989,-9.090403568999907],[-37.16290418299996,-9.090341156999973],[-37.16308646299993,-9.090269750999951],[-37.16325960099993,-9.090207338999928],[-37.16361501799994,-9.090073519999931],[-37.16379729799997,-9.090002112999919],[-37.16397953099995,-9.08993974599996],[-37.164161764999925,-9.089877378999939],[-37.164353139999896,-9.089806017999907],[-37.16453541899996,-9.089734609999955],[-37.16472679399989,-9.089663248999962],[-37.164918167999936,-9.089591886999889],[-37.16510954299997,-9.08952052499993],[-37.165300917999936,-9.08944916299992],[-37.165492245999886,-9.08938684099995],[-37.165683620999964,-9.089315478999914],[-37.16587499499993,-9.089244115999964],[-37.16605727399993,-9.089172707999998],[-37.166248647999964,-9.089101345999937],[-37.16643088099992,-9.089038977999962],[-37.166622254999886,-9.088967614999934],[-37.16680453399995,-9.088896205999914],[-37.16699586199998,-9.088833882999914],[-37.16717814099994,-9.088762474999935],[-37.167369514999976,-9.088691110999905],[-37.16756088899995,-9.08861974799989],[-37.16775226199996,-9.088548383999935],[-37.167943635999926,-9.088477020999946],[-37.168135009999965,-9.088405656999939],[-37.16832638399994,-9.088334292999958],[-37.168526806999935,-9.088272014999921],[-37.16871818099994,-9.088200650999953],[-37.168918649999945,-9.08812933199991],[-37.16911916499998,-9.088048972999918],[-37.16931963299989,-9.087977654999982],[-37.16952924399989,-9.087897340999925],[-37.16972971299997,-9.087826021999907],[-37.1699393229999,-9.087745707999929],[-37.170139790999954,-9.087674388999988],[-37.170340305999915,-9.0875940289999],[-37.1705498699999,-9.08752275499991],[-37.17075033899991,-9.087451434999926],[-37.17095994799995,-9.087371119999917],[-37.17116041699996,-9.087299799999881],[-37.17137002599996,-9.087219485999992],[-37.171570494999976,-9.087148164999977],[-37.17178010399995,-9.087067849999931],[-37.171980617999914,-9.086987488999979],[-37.1721901819999,-9.086916213999933],[-37.17239979099994,-9.086835898999949],[-37.17260025899995,-9.08676457799991],[-37.17280986799996,-9.086684261999935],[-37.17301943099994,-9.086612985999947],[-37.173229040999914,-9.08653266999996],[-37.17343864999998,-9.086452353999958],[-37.17364821299997,-9.086381077999945],[-37.17386691699991,-9.08630080699992],[-37.17407652599992,-9.086220489999915],[-37.174286133999935,-9.086140172999935],[-37.17450483899994,-9.086059901999922],[-37.17471444699988,-9.085979584999942],[-37.17492400999994,-9.085908307999938],[-37.17512447699992,-9.08583698599992],[-37.17532494399994,-9.085765662999934],[-37.17550721999988,-9.085694248999955],[-37.17569859199996,-9.085622880999917],[-37.175880821999954,-9.085560506999965],[-37.17605400199996,-9.085489047999946],[-37.17623623199995,-9.085426673999967],[-37.17641850799998,-9.08535525999995],[-37.17659164199994,-9.085292840999971],[-37.17694705199994,-9.085159006999943],[-37.17712018699992,-9.085096586999958],[-37.177302416999915,-9.085034212999993],[-37.17764873099994,-9.084900332999922],[-37.17782186499993,-9.084837912999912],[-37.178004093999924,-9.084775537999954],[-37.17817722799998,-9.084713117999957],[-37.17835040799995,-9.084641656999967],[-37.178705770999926,-9.084516861999925],[-37.178888045999905,-9.084445445999947],[-37.17906117999993,-9.084383024999894],[-37.17924345499991,-9.084311608999906],[-37.179425683999966,-9.084249233999936],[-37.179607958999945,-9.084177817999947],[-37.17979023399989,-9.084106401999946],[-37.17997246299992,-9.084044025999921],[-37.18015473799993,-9.083972609999933],[-37.18034606199993,-9.083910278999959],[-37.18052833699994,-9.083838861999888],[-37.18071056499997,-9.08377648599999],[-37.18090193499996,-9.083705114999953],[-37.18108420999993,-9.083633697999934],[-37.18126648399995,-9.083562280999965],[-37.181457807999955,-9.083499948999938],[-37.1816400819999,-9.083428531999969],[-37.18183145199998,-9.083357159999927],[-37.18201367999992,-9.083294782999936],[-37.182195953999965,-9.08322336599993],[-37.18238727799993,-9.08316103399994],[-37.18256955199992,-9.08308961599994],[-37.182751825999965,-9.083018197999893],[-37.182934053999894,-9.082955820999901],[-37.18312542299998,-9.082884447999929],[-37.183307696999925,-9.082813029999931],[-37.18348992499996,-9.08275065199996],[-37.183672198999936,-9.082679232999933],[-37.183854426999936,-9.08261685499995],[-37.18403669999999,-9.082545436999963],[-37.18421892799992,-9.082483058999955],[-37.18440120099997,-9.08241163999999],[-37.1845834289999,-9.082349260999914],[-37.18476570299995,-9.082277841999899],[-37.18494792999992,-9.082215463999901],[-37.18513020299994,-9.08214404399992],[-37.18531243099991,-9.082081665999937],[-37.18548560899991,-9.082010200999965],[-37.185667835999915,-9.08194782199994],[-37.185850108999894,-9.081876401999946],[-37.18603233599997,-9.081814022999932],[-37.186214608999954,-9.081742602999924],[-37.186396835999915,-9.08168022399995],[-37.18657001399996,-9.08160875799996],[-37.18675224099993,-9.08154637899996],[-37.1869344679999,-9.081483998999968],[-37.18710764499994,-9.081412532999941],[-37.187289871999916,-9.08135015299991],[-37.18747209899995,-9.08128777299993],[-37.187645275999934,-9.081216306999943],[-37.187827502999895,-9.081153926999937],[-37.18800067999992,-9.081082460999937],[-37.18818290699991,-9.081020079999979],[-37.18853830999996,-9.080886233999959],[-37.18871144099993,-9.080823807999922],[-37.188893712999985,-9.080752385999983],[-37.18907593999995,-9.080690004999921],[-37.18925821199998,-9.080618583999986],[-37.18943134299997,-9.080556156999945],[-37.189613568999945,-9.080493775999948],[-37.18979584099993,-9.080422353999918],[-37.189978066999934,-9.080359971999904],[-37.19015119799993,-9.080297545999892],[-37.19033342399997,-9.08023516399994],[-37.19050659999989,-9.080163696999948],[-37.19067977599997,-9.0800922289999],[-37.190862002999935,-9.08002984699995],[-37.19104422899994,-9.079967464999974],[-37.191399629999935,-9.079833614999938],[-37.191581901999925,-9.079762191999954],[-37.19177326799992,-9.079690813999935],[-37.19195553899991,-9.079619390999902],[-37.19214690599994,-9.079548011999941],[-37.19233827199997,-9.079476633999947],[-37.19252959299995,-9.079414295999943],[-37.192730054999956,-9.079342962999913],[-37.192921420999916,-9.079271583999978],[-37.19311278699995,-9.079200204999928],[-37.19331324899998,-9.07912887099997],[-37.19350465999997,-9.079048451999958],[-37.193696025999934,-9.078977071999917],[-37.19389648699994,-9.078905737999932],[-37.194087853,-9.078834358999897],[-37.194288313999934,-9.07876302399997],[-37.194479679999965,-9.078691644999923],[-37.19468014099991,-9.078620309999922],[-37.19487155199995,-9.078539888999924],[-37.19507201299992,-9.07846855399991],[-37.195281568999974,-9.07839726399995],[-37.195482029999916,-9.078325928999947],[-37.19568253599993,-9.078245552999915],[-37.195892091999944,-9.07817426199991],[-37.19610169399994,-9.078093930999943],[-37.19631129499994,-9.078013599999924],[-37.19652085099992,-9.07794230899997],[-37.19673045199991,-9.077861976999948],[-37.1969309579999,-9.077781599999973],[-37.19713141799998,-9.07771026399993],[-37.19732278299995,-9.077638882999922],[-37.19751414799998,-9.077567500999987],[-37.197705466999935,-9.077505159999905],[-37.197896831999934,-9.077433777999918],[-37.198079100999934,-9.077362351999934],[-37.198261324999976,-9.077299964999948],[-37.198443593999976,-9.077228538999965],[-37.19862586299997,-9.07715711199995],[-37.19881718299992,-9.077094769999992],[-37.19899945199992,-9.077023342999928],[-37.19919081599995,-9.076951959999949],[-37.19937303999996,-9.076889572999962],[-37.199564403999936,-9.076818190999937],[-37.19993803699997,-9.076675379999903],[-37.20012940099994,-9.076603996999962],[-37.200320764999915,-9.076532613999984],[-37.20051212899995,-9.076461229999913],[-37.20070349299992,-9.076389846999986],[-37.20089485599989,-9.076318463999918],[-37.20108617499994,-9.07625612099994],[-37.20126844299995,-9.076184691999943],[-37.20145980699992,-9.076113307999949],[-37.201642074999924,-9.076041878999925],[-37.201833393999934,-9.075979535999961],[-37.20202475699991,-9.075908151999952],[-37.20220697999996,-9.075845762999931],[-37.20239829799991,-9.075783418999963],[-37.20258966199995,-9.075712034999981],[-37.20279007499991,-9.075649735999912],[-37.20298143799989,-9.075578350999924],[-37.203163705999955,-9.07550692099991],[-37.20334597399996,-9.075435490999958],[-37.20352828599991,-9.075355020999929],[-37.20371055399991,-9.075283590999941],[-37.20389282099992,-9.07521216099994],[-37.204075043999964,-9.075149771999982],[-37.20425726599995,-9.075087381999918],[-37.20443043799998,-9.075015906999926],[-37.20461265999996,-9.074953516999901],[-37.20478583199993,-9.074882041999974],[-37.20495895899994,-9.074819606999935],[-37.20513208599995,-9.07475717199996],[-37.205487479999896,-9.074623305999976],[-37.20566060599998,-9.074560870999974],[-37.20583373299993,-9.074498435999947],[-37.20601599999999,-9.07442700499994],[-37.20618912599994,-9.074364568999972],[-37.20637134799992,-9.074302177999904],[-37.20654451899996,-9.074230701999934],[-37.20672674099994,-9.074168310999955],[-37.20690900799995,-9.074096878999931],[-37.207091228999936,-9.07403448799994],[-37.20727349599994,-9.073963055999942],[-37.207455761999945,-9.073891623999955],[-37.20764707899997,-9.073829276999948],[-37.20782934499991,-9.073757844999925],[-37.20802070699995,-9.073686456999937],[-37.20821206899993,-9.073615068999974],[-37.20839428999992,-9.073552676999926],[-37.208585650999936,-9.073481288999963],[-37.208777012999974,-9.073409899999918],[-37.20895927899992,-9.073338466999928],[-37.20914149999991,-9.073276074999931],[-37.20932376599991,-9.073204641999968],[-37.209515081999946,-9.073142293999968],[-37.20969734799995,-9.07307085999996],[-37.20987961299996,-9.072999426999958],[-37.21006183399988,-9.072937033999906],[-37.210244099999954,-9.072865599999911],[-37.210426364999904,-9.072794165999918],[-37.210617680999924,-9.072731817999955],[-37.211000357999936,-9.072598078999903],[-37.21119171899991,-9.072526689999936],[-37.21138307899993,-9.0724552999999],[-37.211583579999974,-9.072374913999974],[-37.21178403599999,-9.072303567999947],[-37.211975395999914,-9.072232177999963],[-37.212166755999895,-9.07216078799999],[-37.21236721199992,-9.072089441999939],[-37.21255861699992,-9.072009010999949],[-37.212759071999976,-9.071937664999936],[-37.21295043299996,-9.071866273999946],[-37.21315088799999,-9.071794926999928],[-37.2133422479999,-9.07172353599999],[-37.213533607999956,-9.071652144999963],[-37.21372492299998,-9.071589794999953],[-37.213907186999926,-9.071518358999988],[-37.21409854699994,-9.071446967999998],[-37.214280811999956,-9.071375531999893],[-37.21446303099995,-9.071313135999954],[-37.21464529499997,-9.071241699999938],[-37.214818419999986,-9.071179259999939],[-37.214991543999936,-9.07111681899991],[-37.21533779199994,-9.070991938999951],[-37.21567494399995,-9.070867012999894],[-37.21583897299993,-9.070804527999908],[-37.216185220999904,-9.070679646999956],[-37.21652237299995,-9.07055471999992],[-37.2166954969999,-9.070492278999906],[-37.21686861999992,-9.070429837999939],[-37.21705088399993,-9.070358399999991],[-37.21722400699993,-9.070295958999923],[-37.21740622599999,-9.070233561999904],[-37.21757939399996,-9.070162078999953],[-37.21776161299996,-9.070099681999984],[-37.21794387599991,-9.070028243999946],[-37.218126094999896,-9.069965845999922],[-37.21830835799995,-9.069894407999909],[-37.21849971599994,-9.069823013999931],[-37.218691075,-9.069751619999929],[-37.21887333699992,-9.06968018099995],[-37.219064695999975,-9.069608786999934],[-37.21925605399996,-9.069537391999939],[-37.21944736699993,-9.069475037999926],[-37.219629629999915,-9.06940359899992],[-37.219820943999956,-9.06934124499997],[-37.22000320599991,-9.069269804999923],[-37.2201945639999,-9.069198409999952],[-37.220376826999946,-9.06912697099991],[-37.22056813999992,-9.069064615999942],[-37.220750401999936,-9.068993175999882],[-37.220941759999924,-9.068921780999938],[-37.221133117999955,-9.068850384999926],[-37.221315334999886,-9.068787985999974],[-37.22150669299994,-9.06871658999991],[-37.221688954999934,-9.06864514999994],[-37.22207166999991,-9.068502356999911],[-37.22226302699994,-9.068430960999937],[-37.22245433999991,-9.068368604999927],[-37.222645696999905,-9.06829720899999],[-37.22283705399997,-9.068225811999948],[-37.22302841099993,-9.068154414999983],[-37.22321067299995,-9.06808297399993],[-37.223402029999946,-9.06801157699994],[-37.223593385999905,-9.067940179999923],[-37.22377560299997,-9.067877778999936],[-37.22396695999997,-9.067806381999919],[-37.22414917699994,-9.067743980999944],[-37.224331437999965,-9.067672538999915],[-37.224513699999946,-9.067601096999947],[-37.22469591699995,-9.06753869599991],[-37.224869081999934,-9.067467208999979],[-37.225051298999965,-9.06740480799994],[-37.22522441999993,-9.067342361999978],[-37.22540668099996,-9.067270919999908],[-37.22557980299995,-9.067208473999882],[-37.22575292399991,-9.067146027999957],[-37.225926044999945,-9.067083581999919],[-37.226099210999955,-9.067012094999912],[-37.22644540799993,-9.066896242999949],[-37.226618528999936,-9.066833795999969],[-37.226791649999896,-9.06677134899995],[-37.22712884099997,-9.066637370999967],[-37.2274750829999,-9.06651247699993],[-37.2276482029999,-9.066450029999936],[-37.227812272999984,-9.066378497999928],[-37.228158513999944,-9.066253603999892],[-37.22834072999995,-9.066191199999917],[-37.22851389499991,-9.066119711999905],[-37.22868701499994,-9.066057263999909],[-37.22904235099994,-9.065932412999864],[-37.229224566999946,-9.065870008999953],[-37.22940682699994,-9.065798563999998],[-37.22977130199994,-9.065664714999977],[-37.2299535609999,-9.065593269999946],[-37.23013577699994,-9.065530865999971],[-37.23032713199994,-9.065459464999936],[-37.23050939099994,-9.065388018999899],[-37.23070070099992,-9.065325658999933],[-37.23089205599992,-9.065254256999932],[-37.231092505999996,-9.065182899000005],[-37.23128385999993,-9.06511149799997],[-37.2314752149999,-9.065040095999917],[-37.231675663999944,-9.064968737999939],[-37.231867062999996,-9.06488829499993],[-37.23205841699997,-9.064816892999916],[-37.23224977099991,-9.064745489999924],[-37.23244112599994,-9.06467408799996],[-37.23262333999995,-9.064611681999912],[-37.23299690899993,-9.064477872999896],[-37.233179166999925,-9.064406425999959],[-37.233361425999895,-9.064334979999922],[-37.23354368499996,-9.064263531999915],[-37.23373499399994,-9.064201169999913],[-37.23391725299994,-9.064129722999924],[-37.23409946699994,-9.064067315999987],[-37.23429081999992,-9.063995911999937],[-37.23447307899995,-9.063924464999921],[-37.234664431999924,-9.063853060999962],[-37.23745264899996,-9.062826799999945],[-37.237634906999965,-9.062755349999978],[-37.23781711999991,-9.062692940999968],[-37.23799028199994,-9.062621447999922],[-37.238172494999915,-9.062559038999924],[-37.238527825999945,-9.062434176999943],[-37.23856221478963,-9.062419978781321],[-37.23870098799994,-9.062362682999904],[-37.23888319999998,-9.062300273999957],[-37.23905631799993,-9.06223782099995],[-37.23922947999993,-9.062166326999938],[-37.23958480999995,-9.062041462999924],[-37.239757926999964,-9.061979009999927],[-37.23993104499993,-9.061916555999966],[-37.24010420599997,-9.06184506099991],[-37.24045044099995,-9.06172015299995],[-37.24062355799996,-9.061657698999976],[-37.24096983599997,-9.061523749999894],[-37.241142952999915,-9.061461295999921],[-37.241489142999946,-9.061345426999907],[-37.24181718599992,-9.061220429999922],[-37.24199030299994,-9.061157975999937],[-37.242318345999905,-9.061032977999973],[-37.24265548399993,-9.060908023999968],[-37.2428195059999,-9.060845524999916],[-37.24315664399992,-9.060720570999885],[-37.243320664999956,-9.060658070999944],[-37.24365780299997,-9.06053311599991],[-37.243994895999904,-9.060417201999893],[-37.24434112799993,-9.060292289999978],[-37.244514244999905,-9.06022983299994],[-37.244687404999944,-9.060158335999965],[-37.24486961599993,-9.060095922999961],[-37.24505182699995,-9.060033510999936],[-37.245234037999936,-9.059971097999972],[-37.24541629299995,-9.059899643999925],[-37.24560764299993,-9.059828232999946],[-37.24578985399995,-9.059765819999905],[-37.24598120399993,-9.059694409999993],[-37.24617255399992,-9.059622998999938],[-37.24636390399996,-9.059551587999973],[-37.24655525399992,-9.059480176999955],[-37.246746603999966,-9.059408765999901],[-37.24694709199996,-9.059328357999963],[-37.24713839799991,-9.05926598699991],[-37.24732974799996,-9.059194575999944],[-37.247530235999946,-9.05911416699995],[-37.24772158599996,-9.059042755999895],[-37.24791293499988,-9.058971343999913],[-37.248104327999954,-9.058890890999962],[-37.24828662599993,-9.058810394999966],[-37.24847801899994,-9.058729941999951],[-37.248660316999974,-9.058649445999956],[-37.24885170999991,-9.058568991999913],[-37.249216348999916,-9.058398957999911],[-37.249407784999946,-9.05830946399989],[-37.249590125999944,-9.058219925999948],[-37.2497724679999,-9.058130387999944],[-37.24995480899996,-9.058040849999937],[-37.250128053999916,-9.0579512689999],[-37.25031039499988,-9.05786172999993],[-37.25047458899995,-9.057763063999966],[-37.2506478349999,-9.057673481999888],[-37.25081202899995,-9.057574815999963],[-37.250976178999935,-9.057485189999937],[-37.251149467999944,-9.057386566999968],[-37.25131366199999,-9.057287900999915],[-37.25148699499992,-9.057180236999976],[-37.25165118799997,-9.057081569999983],[-37.25182452099993,-9.056973905999918],[-37.251988758,-9.056866197999957],[-37.252162133999924,-9.056749492999884],[-37.25232637099997,-9.056641784999924],[-37.25249060699996,-9.056534077],[-37.252654887999924,-9.056417327999918],[-37.25281912499998,-9.05630961999997],[-37.252974265999946,-9.056201867999961],[-37.25312940699991,-9.056094116999907],[-37.25328454899993,-9.055986364999974],[-37.25343964599995,-9.055887653999958],[-37.2537407899999,-9.055681146999962],[-37.25388679199993,-9.055582391999963],[-37.25417879599996,-9.055384881999963],[-37.254470799999964,-9.055187372000002],[-37.254762846999924,-9.054980820999958],[-37.25490884799996,-9.054882065999958],[-37.25506398899995,-9.054774312999932],[-37.25521908499996,-9.054675600999937],[-37.25536512999995,-9.054567804999957],[-37.255529365999955,-9.054460094999948],[-37.25568450499999,-9.054352341999934],[-37.255848739999934,-9.054244631999952],[-37.25601301899995,-9.054127880999925],[-37.256177253999965,-9.054020170999916],[-37.25635062699997,-9.05390346299992],[-37.25651490499996,-9.053786711999981],[-37.25667918299993,-9.05366996099998],[-37.256852512999906,-9.053562293999939],[-37.25701679099994,-9.05344554199997],[-37.25718102499995,-9.053337831999974],[-37.25734530299998,-9.053221079999968],[-37.257509537,-9.053113368999956],[-37.257673813999894,-9.052996616999973],[-37.25783804799994,-9.052888905999948],[-37.2580023249999,-9.05277215399998],[-37.25816655899991,-9.05266444299998],[-37.258330792999985,-9.052556731999967],[-37.258495025999935,-9.052449019999898],[-37.2586593029999,-9.052332267999905],[-37.25897867499995,-9.052116801999896],[-37.25913381299992,-9.05200904599997],[-37.259288950999924,-9.051901290999972],[-37.25932536503257,-9.051873884211528],[-37.25944413199992,-9.051784494999943],[-37.25960832099998,-9.051685823999932],[-37.25976345899995,-9.051578068999948],[-37.259918596999924,-9.051470312999971],[-37.26007373399997,-9.051362557999898],[-37.260228871999935,-9.051254801999972],[-37.260384008999914,-9.051147046999949],[-37.260694239999935,-9.050940575999965],[-37.260995375999954,-9.050734060999932],[-37.26130560599995,-9.050527589999897],[-37.26146074299993,-9.050419833999959],[-37.261615879999965,-9.050312076999953],[-37.26177101599994,-9.050204320999939],[-37.26193524799992,-9.05009660799993],[-37.26209947999995,-9.049988893999954],[-37.26226371099996,-9.049881180999918],[-37.262427985999935,-9.049764425999962],[-37.26259221699992,-9.049656711999898],[-37.26275644799994,-9.049548998999978],[-37.26292072199992,-9.049432243999945],[-37.26308495299994,-9.049324529999918],[-37.263249183999925,-9.049216815999916],[-37.26341341499994,-9.049109100999924],[-37.26356855099992,-9.04900134399993],[-37.263887916999956,-9.048785871999893],[-37.26404300899998,-9.048687154999888],[-37.264198143999955,-9.048579397999946],[-37.26449927599999,-9.04837287999995],[-37.264791312999876,-9.048166317999957],[-37.264937308999926,-9.048067557999923],[-37.265229301999966,-9.047870036999898],[-37.26538439299999,-9.04777131899994],[-37.265471194446874,-9.047712601478304],[-37.265676385999896,-9.047573797999966],[-37.26596837799996,-9.047376275999977],[-37.266114416999976,-9.04726847499996],[-37.2662604129999,-9.047169713999907],[-37.26655240499996,-9.046972190999911],[-37.266853490999914,-9.046774711999914],[-37.26714548199989,-9.046577188999919],[-37.267437472999966,-9.046379665999911],[-37.26772946299994,-9.046182141999923],[-37.26787545799993,-9.046083380999935],[-37.26815830999991,-9.045894855],[-37.26843206699995,-9.04570628499989],[-37.26870582299995,-9.04551771599991],[-37.268988673999935,-9.045329188999945],[-37.26927152399998,-9.045140661999916],[-37.26955441799996,-9.04494309399997],[-37.26985550099992,-9.044745610999916],[-37.270156626999935,-9.044539086999919],[-37.27044865799998,-9.044332519999955],[-37.27074064499993,-9.04413499399992],[-37.27104172699996,-9.043937509999951],[-37.271342808999954,-9.043740025999929],[-37.27163479599994,-9.043542497999924],[-37.271926781999966,-9.043344970999923],[-37.272218767999924,-9.043147442999969],[-37.27251075299992,-9.042949913999946],[-37.2728027819999,-9.042743344999948],[-37.272957868999974,-9.042644622999921],[-37.27310390499993,-9.042536817999963],[-37.27325899199993,-9.042438095999923],[-37.27356011399996,-9.04223156899995],[-37.27370614899992,-9.04212376299991],[-37.273861235999924,-9.042025040999935],[-37.274162314999934,-9.0418275539999],[-37.274454298999935,-9.041630023999963],[-37.27460028999997,-9.041531258999967],[-37.274892273999924,-9.04133372799991],[-37.275184299999985,-9.041127155999936],[-37.275330290999925,-9.041028389999925],[-37.27548537699993,-9.04092966799991],[-37.275777358999974,-9.040732135999962],[-37.27607847899994,-9.040525605999925],[-37.27623356499998,-9.040426882999906],[-37.27642903117159,-9.040292816999978],[-37.276534683999955,-9.040220351999965],[-37.276689812999926,-9.040112587999902],[-37.277009120999914,-9.03990614199993],[-37.27731937799992,-9.039690612999937],[-37.27748359999997,-9.039582890999963],[-37.277580289999904,-9.0395157219701],[-37.27763872799994,-9.039475125999934],[-37.277793855999974,-9.039367360999917],[-37.27794898399995,-9.03925959499997],[-37.27810406899992,-9.039160870999984],[-37.27826829099995,-9.039053148999908],[-37.278423418999985,-9.038945382999925],[-37.27873363099994,-9.038738892999918],[-37.278879662999934,-9.03863108499992],[-37.27903474799991,-9.03853235999993],[-37.2793449589999,-9.038325868999957],[-37.27949094799991,-9.038227101999928],[-37.27964607499995,-9.038119335999982],[-37.27980120199992,-9.038011568999904],[-37.280111411999954,-9.037805077999982],[-37.28026653899993,-9.037697310999905],[-37.28043071699992,-9.037598628999906],[-37.280731874999965,-9.037383052999942],[-37.28088700099991,-9.037275285999966],[-37.28306772499992,-9.03579370899994],[-37.283377888999965,-9.035596254999941],[-37.283688095999935,-9.035389758999958],[-37.28398006999996,-9.035192219999953],[-37.284135193999944,-9.035084450999918],[-37.284427167999944,-9.034886910999921],[-37.284710003999976,-9.034698368999926],[-37.28498374399994,-9.034509783999951],[-37.28525744199994,-9.034330239999932],[-37.28553118199996,-9.034141653999901],[-37.28580487899996,-9.033962109999957],[-37.28608775599995,-9.033764524999947],[-37.2863705899999,-9.033575980999967],[-37.28651657599995,-9.033477209999907],[-37.28680854699992,-9.033279667999965],[-37.28709138099999,-9.033091122999918],[-37.28738335099997,-9.032893579999946],[-37.28766622699993,-9.032695993999956],[-37.28795819699997,-9.032498449999904],[-37.28825926099993,-9.032300947999902],[-37.28841438299999,-9.03219317799994],[-37.288569504999906,-9.032085406999933],[-37.28873372199995,-9.03197767799999],[-37.288888844,-9.031869906999894],[-37.28905310299996,-9.031753137999937],[-37.28921731899993,-9.03164540899997],[-37.289390672999964,-9.031528681999912],[-37.28955488899993,-9.031420952999945],[-37.28972824199993,-9.031304224999934],[-37.2898924579999,-9.031196495999952],[-37.29005671699996,-9.031079724999898],[-37.29021183799993,-9.030971953999956],[-37.29037605399996,-9.030864223999945],[-37.290695389999925,-9.030648722999928],[-37.290859605999955,-9.030540992999917],[-37.29102382099997,-9.030433262999944],[-37.29117894199989,-9.030325490999934],[-37.29134315699993,-9.030217760999935],[-37.291498276999924,-9.030109988999937],[-37.29166249199993,-9.030002258999927],[-37.29181765499989,-9.029885444999943],[-37.291981869999994,-9.029777714999959],[-37.29214608399993,-9.02966998399993],[-37.2923102989999,-9.02956225399996],[-37.29247451399994,-9.02945452299993],[-37.292638727999915,-9.029346792999958],[-37.292802942999984,-9.029239061999931],[-37.29295806199992,-9.029131288999967],[-37.29312231899995,-9.029014516999931],[-37.29328653299993,-9.028906785999904],[-37.29345078999993,-9.028790012999904],[-37.29361500299994,-9.028682281999952],[-37.29377016499997,-9.028565466999925],[-37.29393437899991,-9.028457735999924],[-37.294098591999955,-9.028350004999922],[-37.29425371099995,-9.02824223099994],[-37.29441792499996,-9.02813449899997],[-37.2945730439999,-9.028026724999963],[-37.29473721399991,-9.027928033999988],[-37.294892332999915,-9.027820259999917],[-37.29504745099995,-9.027712485999883],[-37.29520256999995,-9.027604710999974],[-37.295512805999934,-9.027389161999979],[-37.29566788199997,-9.027290428999965],[-37.29582299999997,-9.027182653999915],[-37.29597807599995,-9.02708391999991],[-37.29627917399992,-9.026877368999955],[-37.29643429199993,-9.026769593999942],[-37.29658936699994,-9.026670859999925],[-37.29689960199995,-9.026455309999976],[-37.29705471999992,-9.026347533999985],[-37.297209794999965,-9.02624879999994],[-37.29752912399992,-9.026033290999976],[-37.297684240999935,-9.025925514999948],[-37.29784845199995,-9.025817780999944],[-37.29800356899995,-9.025710005999946],[-37.29816777999997,-9.02560227199993],[-37.29832289699991,-9.025494495999899],[-37.29848710799993,-9.02538676199991],[-37.2986422669999,-9.025269943999932],[-37.29879734099992,-9.02517120899996],[-37.298961551999966,-9.025063474999957],[-37.29911666799995,-9.024955698999928],[-37.299280878999994,-9.02484796399997],[-37.299435994999904,-9.024740186999937],[-37.29959106899995,-9.024641451999978],[-37.29975527899994,-9.024533716999931],[-37.29991039499998,-9.024425939999961],[-37.3000746059999,-9.024318204999942],[-37.30022972099995,-9.024210427999945],[-37.300384836999925,-9.024102650999962],[-37.30054904699991,-9.023994915999955],[-37.300704161999896,-9.023887138999921],[-37.30085923499995,-9.023788401999939],[-37.30101435099989,-9.023680624999892],[-37.30116946599993,-9.023572846999917],[-37.301470558999924,-9.023366290999952],[-37.30162563199998,-9.023267553999972],[-37.30177165199992,-9.023159733999957],[-37.30192672399991,-9.023060996999938],[-37.302227773999945,-9.022863480999963],[-37.30251977199996,-9.022656881999993],[-37.30266574899998,-9.022558101999916],[-37.3029577039999,-9.022360542999948],[-37.303249658999924,-9.022162983999968],[-37.30339559399991,-9.022073245999914],[-37.30368754799997,-9.021875685999904],[-37.3039703649999,-9.021687124999936],[-37.30424408699995,-9.021498521999943],[-37.30439006399997,-9.021399741999955],[-37.3046728799999,-9.021211179999959],[-37.304955738999986,-9.021013577999922],[-37.305247690999984,-9.020816015999939],[-37.30539366699994,-9.020717235999953],[-37.30568557699995,-9.020528714999964],[-37.305831552999926,-9.020429933999909],[-37.30612354699996,-9.020223330999947],[-37.30641545599994,-9.020034809999933],[-37.30670740699994,-9.019837246999908],[-37.30685338299996,-9.019738465999929],[-37.3071453329999,-9.019540902999918],[-37.307437282999906,-9.019343338999901],[-37.30772923299998,-9.01914577599994],[-37.30802114099997,-9.018957252999941],[-37.30831309099991,-9.01875968899995],[-37.30860503999992,-9.01856212399998],[-37.308751013999945,-9.018463341999984],[-37.30904296299995,-9.018265776999911],[-37.30934400599995,-9.018068252999964],[-37.309480884999964,-9.017969428999915],[-37.309772874999936,-9.017762821999897],[-37.31007391799993,-9.017565297999923],[-37.310365864999916,-9.017367731999986],[-37.310511838999936,-9.017268947999955],[-37.31081287999993,-9.017071422999939],[-37.31110486899995,-9.016864814999952],[-37.31125084199991,-9.016766031999927],[-37.31155188199995,-9.016568505999931],[-37.311852964999964,-9.01636193899998],[-37.311998937999896,-9.016263154999923],[-37.31215404699996,-9.016155370999934],[-37.31230915599996,-9.016047587999937],[-37.31262842599994,-9.015841102999952],[-37.312783534999944,-9.01573331999998],[-37.31294773799992,-9.01562557799994],[-37.31310284699999,-9.015517793999924],[-37.313267049999965,-9.015410050999957],[-37.31358636099995,-9.015194524999927],[-37.31374146899994,-9.015086740999951],[-37.313896535999916,-9.014987996999938],[-37.314051643999925,-9.01488021299996],[-37.314206751999926,-9.014772427999915],[-37.314516925999975,-9.014565899999951],[-37.314672033999905,-9.014458114999957],[-37.314836235999955,-9.014350371999926],[-37.31499130099993,-9.014251627999963],[-37.31514640899994,-9.01414384299992],[-37.31530151599994,-9.014036057999899],[-37.315602594999945,-9.013829486999917],[-37.31575765999996,-9.013730742999941],[-37.31604960199996,-9.013533170999965],[-37.316341542999965,-9.013335598999912],[-37.31663348399994,-9.013138025999943],[-37.316934518999986,-9.012940494999961],[-37.31708048999995,-9.01284170799993],[-37.317372471999924,-9.012635093999943],[-37.317673505999906,-9.012437561999958],[-37.31781947599991,-9.012338774999915],[-37.31811141599996,-9.012141200999954],[-37.318412490999904,-9.011934626999958],[-37.31870442999998,-9.011737052999921],[-37.318996368999926,-9.01153947799993],[-37.31928830699994,-9.011341901999998],[-37.31943423399996,-9.011252155999975],[-37.3197261719999,-9.011054579999929],[-37.31999987999997,-9.010865961999981],[-37.3202736279999,-9.010668302999912],[-37.32055642899991,-9.01047972599996],[-37.320830135999984,-9.010291107999924],[-37.32109474799994,-9.010102446999909],[-37.3213594009999,-9.009904744999988],[-37.321633147999904,-9.009707084999903],[-37.32190689499998,-9.009509423999926],[-37.32204381099997,-9.009401551999918],[-37.32233578699989,-9.009194932999947],[-37.32262780599994,-9.008979271999975],[-37.32276476199994,-9.008862358999973],[-37.32291077099992,-9.008754527999947],[-37.323202746999975,-9.008547907999946],[-37.323485669999926,-9.008332204999911],[-37.323631678999966,-9.00822437399995],[-37.32392369599996,-9.008008711999922],[-37.32421567099995,-9.007802089999924],[-37.324507686999944,-9.007586426999984],[-37.32465369499992,-9.007478595999894],[-37.32479970299993,-9.00737076399994],[-37.32509171799993,-9.007155100999961],[-37.325237725999905,-9.007047268999905],[-37.32552064699993,-9.00683156399995],[-37.32580352599996,-9.00662489999995],[-37.32608644599997,-9.006409193999954],[-37.326232411999925,-9.006310402999892],[-37.32637841899997,-9.00620256999997],[-37.3266612969999,-9.005995904999942],[-37.32694425699996,-9.005771156999973],[-37.32709026399991,-9.005663324999954],[-37.327391370999955,-9.005447699999907],[-37.3275374189999,-9.005330825999943],[-37.327847619999964,-9.00511524199989],[-37.32800276199995,-9.00499840899991],[-37.32815786199995,-9.00489061699996],[-37.3283130039999,-9.004773783999928],[-37.328468145999935,-9.004656950999973],[-37.32862328699996,-9.004540117],[-37.32877842799996,-9.004423283999891],[-37.32893356999991,-9.004306449999943],[-37.32907957499994,-9.00419861699992],[-37.32938981599993,-9.003973989999944],[-37.32969092099991,-9.00375836299995],[-37.32983692599994,-9.003650528999987],[-37.32998293099996,-9.00354269499996],[-37.33012893599995,-9.003434860999958],[-37.33043003899994,-9.003219232999973],[-37.3305760439999,-9.003111398999973],[-37.33086805299991,-9.002895728999937],[-37.33115096799995,-9.002680018999959],[-37.33143388199993,-9.002464306999947],[-37.331579885999886,-9.00235647199998],[-37.3318627589999,-9.002149801999927],[-37.33214567199994,-9.00193408999998],[-37.33243763799993,-9.001727460999986],[-37.33258364199996,-9.00161962499995],[-37.33286655399994,-9.0014039129999],[-37.3330125579999,-9.001296076999916],[-37.33330452299996,-9.001089445999952],[-37.33359652899998,-9.000873773999919],[-37.33373343699997,-9.000765896999926],[-37.33403453699997,-9.000550265999966],[-37.334180539999934,-9.000442428999975],[-37.33447254499996,-9.000226755999975],[-37.334764549999896,-9.00001108299995],[-37.334778398583964,-8.999999999999948],[-37.33491059299996,-8.999894204999993],[-37.33505659499993,-8.999786367999915],[-37.335202596999956,-8.999678531999917],[-37.33549460099992,-8.999462857999927],[-37.33564969699994,-8.999355061999907],[-37.335795698999966,-8.999247223999939],[-37.33594170099996,-8.999139386999925],[-37.336233703999895,-8.998923711999954],[-37.336525747999936,-8.998698995999977],[-37.33682684399999,-8.998483361999927],[-37.33698193899989,-8.998375564999954],[-37.33712798199993,-8.99825868599989],[-37.3372830769999,-8.998150888999906],[-37.33742907799994,-8.998043050999987],[-37.337739308999936,-8.997818415999935],[-37.33788530899991,-8.997710577999916],[-37.33804044499992,-8.997593738999958],[-37.33818644499993,-8.9974859009999],[-37.33834153999993,-8.997378102999962],[-37.338487580999974,-8.997261223999937],[-37.33863358099991,-8.997153384999939],[-37.33877958199995,-8.99704554599999],[-37.33892558199992,-8.996937706999992],[-37.339217580999936,-8.99672202999995],[-37.33950958099995,-8.996506351999939],[-37.33966471599993,-8.99638951199995],[-37.339956713999946,-8.996173833999903],[-37.34011180799997,-8.996066034999947],[-37.340257806999944,-8.995958195999973],[-37.34041294199992,-8.995841355999973],[-37.34056803499994,-8.995733556999916],[-37.34071403399998,-8.995625717999893],[-37.34086916799997,-8.99550887799993],[-37.34101520799994,-8.995391996999945],[-37.34117030099996,-8.995284197999952],[-37.341316339999906,-8.995167315999913],[-37.34147143299999,-8.99505951699997],[-37.34161743199997,-8.994951676999953],[-37.34177256499992,-8.994834836999903],[-37.34192765699994,-8.99472703699993],[-37.34208279099993,-8.994610196999902],[-37.34222878899991,-8.994502355999922],[-37.34239301599994,-8.99438555599995],[-37.34254814899997,-8.994268714999997],[-37.34270328199995,-8.994151873999915],[-37.342858414999974,-8.994035032999896],[-37.34302264199994,-8.993918232999938],[-37.34317777499996,-8.993801390999943],[-37.34334200199993,-8.993684590999985],[-37.34349713399995,-8.993567749999928],[-37.34365226699994,-8.993450907999957],[-37.34380739899993,-8.993334065999923],[-37.343962489999925,-8.993226265999974],[-37.34425452499992,-8.99300154199991],[-37.344555612999926,-8.992785898999934],[-37.34484760699996,-8.992570215999926],[-37.34499360299998,-8.992462373999953],[-37.34514869399994,-8.992354572999961],[-37.345294689999925,-8.992246730999987],[-37.345595776999936,-8.992031087999958],[-37.34574177299992,-8.991923244999905],[-37.34589686299995,-8.9918154439999],[-37.34605195299994,-8.991707641999906],[-37.34620700199998,-8.991608881999934],[-37.346526233999946,-8.991402359999945],[-37.34668132399998,-8.99129455899993],[-37.34684546699995,-8.991195838999937],[-37.34700055599992,-8.991088036999942],[-37.347164697999965,-8.990989315999945],[-37.347328840999936,-8.9908905959999],[-37.34749298299991,-8.990791875999895],[-37.347537425230605,-8.990765147090867],[-37.347657124999955,-8.99069315599994],[-37.34783036099994,-8.990594475999952],[-37.34799446199995,-8.990504796999964],[-37.348167697999905,-8.990406116999976],[-37.34833183999995,-8.990307395999903],[-37.348505074999906,-8.990208715999952],[-37.348851545999956,-8.990011354999982],[-37.34902478199991,-8.98991267499997],[-37.349207110999906,-8.989814034999908],[-37.34938034599993,-8.989715354999957],[-37.34956267499993,-8.98961671499996],[-37.349735909999886,-8.989518033999968],[-37.34990918599995,-8.98941031199993],[-37.350091514999974,-8.989311670999916],[-37.35026474999994,-8.989212989999947],[-37.35044707799994,-8.989114349999976],[-37.350620312999965,-8.989015667999952],[-37.35079350699992,-8.988926027999991],[-37.35095764699997,-8.988827305999925],[-37.35113088199993,-8.98872862499997],[-37.35130411599992,-8.988629942999998],[-37.351468214999976,-8.988540261999926],[-37.351641448999935,-8.988441579999979],[-37.35180554899995,-8.988351897999927],[-37.35197878299991,-8.98825321599998],[-37.35214292299996,-8.988154493999954],[-37.35231611599989,-8.988064852999923],[-37.352480214999936,-8.987975170999949],[-37.352653447999934,-8.987876487999907],[-37.352817587999915,-8.987777765000002],[-37.352990780999946,-8.987688123999922],[-37.35315491999993,-8.98758940099994],[-37.353319018999954,-8.987499717999974],[-37.35349225199998,-8.987401034999921],[-37.35365634999994,-8.987311352999921],[-37.3538295829999,-8.987212669999982],[-37.35399368199992,-8.987122987999918],[-37.35416691499995,-8.987024303999949],[-37.3545042859999,-8.986826896999949],[-37.3546775189999,-8.986728212999942],[-37.354841616999956,-8.986638529999924],[-37.35501484999998,-8.986539845999967],[-37.35533395099999,-8.986360438999924],[-37.35548899599993,-8.986261673999904],[-37.35564403999994,-8.986162908999948],[-37.3559541289999,-8.985965377999955],[-37.35610917299991,-8.985866612999947],[-37.35626421699989,-8.985767846999986],[-37.35656521099994,-8.985570274999946],[-37.35685711099995,-8.985372661999985],[-37.357149051999954,-8.985166007999956],[-37.35744099199992,-8.984959352999933],[-37.357586981999894,-8.984851504999945],[-37.35786982799989,-8.984644809999931],[-37.35814361999992,-8.984429031999937],[-37.35828960999989,-8.984321183999949],[-37.358563442999944,-8.984096363999942],[-37.3586912449999,-8.983988434999954],[-37.358965035999994,-8.983772655999891],[-37.359229692999975,-8.983565878999936],[-37.35948525599994,-8.983359059999906],[-37.35974991199999,-8.98315228199992],[-37.36000551399994,-8.982936420999968],[-37.36027930399997,-8.982720641999956],[-37.36042529299994,-8.98261279199992],[-37.36071726999993,-8.982397092999992],[-37.36100928699992,-8.982172351999953],[-37.361155356999966,-8.982046418999962],[-37.36131047999989,-8.98192956799995],[-37.36146564299994,-8.981803675999995],[-37.36162080599996,-8.981677783999938],[-37.36177596899995,-8.98155189099998],[-37.36193113099991,-8.981425997999981],[-37.3620862939999,-8.981300105999937],[-37.36225059099997,-8.981165211999938],[-37.362405794,-8.981030277999935],[-37.36256095599995,-8.980904384999961],[-37.36272525299996,-8.980769490999899],[-37.36288041499996,-8.980643596999947],[-37.36304467099992,-8.980517743999902],[-37.36319987299996,-8.980382810000012],[-37.36336412899989,-8.980256956999906],[-37.36351933099992,-8.98012202199991],[-37.363683586999954,-8.979996168999941],[-37.36383874799995,-8.9798702749999],[-37.364003002999894,-8.979744420999953],[-37.364158164999886,-8.97961852799993],[-37.364313325999916,-8.979492633999929],[-37.36446848699991,-8.9793667399999],[-37.36462364799998,-8.979240844999907],[-37.36477880899994,-8.97911495099993],[-37.36493396999994,-8.97898905699994],[-37.36508912999994,-8.97886316299995],[-37.36524424999993,-8.978746309999968],[-37.36539941099993,-8.978620414999973],[-37.36555453099993,-8.978503561999913],[-37.36585567699994,-8.978269814999988],[-37.36601079599991,-8.978152960999925],[-37.36615682199993,-8.978036066999932],[-37.36620748149212,-8.97799551401579],[-37.366302847999954,-8.977919172999966],[-37.36644883299994,-8.977811320999946],[-37.36671360299992,-8.977577411999945],[-37.366850533999965,-8.977460477999974],[-37.36713345099994,-8.977235689999949],[-37.36740727299993,-8.977010861999933],[-37.36755325699991,-8.976903008999958],[-37.36783617299995,-8.976678220999947],[-37.368119127999925,-8.976444390999962],[-37.36826511199998,-8.976336536999947],[-37.368548066999956,-8.976102706999935],[-37.36869409199991,-8.975985811999976],[-37.36884011599994,-8.975868916999943],[-37.36898613999993,-8.97575202199992],[-37.369132163999964,-8.975635125999919],[-37.36927818799992,-8.975518230999922],[-37.36942425199989,-8.975392293999915],[-37.369734485999935,-8.975158582999912],[-37.36988050999996,-8.975041686999925],[-37.37002653299989,-8.974924790999948],[-37.370181690999964,-8.97479889399992],[-37.37033680699991,-8.974682037999935],[-37.370482870999936,-8.97455610099994],[-37.37063802799995,-8.974430202999919],[-37.370784050999916,-8.97431330699992],[-37.37093920799999,-8.974187409999953],[-37.371085229999956,-8.974070512999948],[-37.371240386999965,-8.97394461499994],[-37.371386409999964,-8.973827718999926],[-37.371532431999995,-8.973710821999946],[-37.371687547999976,-8.973593965999923],[-37.371833529999904,-8.973486109999948],[-37.371970458999954,-8.973369173999968],[-37.372262502999924,-8.973135379999944],[-37.372408524999926,-8.97301848299999],[-37.37255454699989,-8.97290158499994],[-37.372691514999886,-8.972775606999964],[-37.37284662999993,-8.972658749999923],[-37.3729926519999,-8.972541851999912],[-37.37314776699994,-8.972424994999898],[-37.373293828999984,-8.972299055999933],[-37.37344894399993,-8.972182197999889],[-37.37359500499996,-8.972056258999949],[-37.373741025999905,-8.971939361999942],[-37.37389614099992,-8.971822503999936],[-37.37404220199996,-8.97169656399994],[-37.37418822299996,-8.97157966699996],[-37.374334242999936,-8.971462767999958],[-37.37448939799995,-8.971336868999984],[-37.37463541899995,-8.97121997099991],[-37.37478143899993,-8.971103071999933],[-37.374927458999935,-8.970986173999922],[-37.375082572999915,-8.970869315999956],[-37.375228633999896,-8.970743375999971],[-37.375383746999916,-8.970626516999923],[-37.37552980799995,-8.970500576999926],[-37.37568492099994,-8.970383717999903],[-37.37584007499996,-8.970257817999899],[-37.37599518799995,-8.970140958999927],[-37.37615034099997,-8.970015058999884],[-37.37630549499992,-8.969889157999953],[-37.37646064799994,-8.969763257999949],[-37.37661580099997,-8.969637356999915],[-37.37678004699994,-8.969511495999896],[-37.37693523999993,-8.969376553999945],[-37.37709948699993,-8.969250692999916],[-37.377263732999964,-8.969124831999936],[-37.377427978999904,-8.96899897099992],[-37.37758317199992,-8.968864027999924],[-37.37773832399995,-8.968738126999892],[-37.377893435999944,-8.968621266999914],[-37.37804858799997,-8.96849536499999],[-37.378203699999965,-8.968378504999949],[-37.37834975899994,-8.968252563999961],[-37.378504869999965,-8.968135702999966],[-37.37879694699996,-8.967892860999905],[-37.378942963999975,-8.967775960999948],[-37.3790980759999,-8.96765909999993],[-37.37924409399991,-8.967542199999947],[-37.3793901509999,-8.967416257999968],[-37.37953616899991,-8.967299356999906],[-37.37968218599996,-8.967182455999895],[-37.37982820399997,-8.967065554999959],[-37.38012933199992,-8.966831792999916],[-37.38027534899994,-8.966714891999942],[-37.38042136599992,-8.966597990999944],[-37.38055828899996,-8.966481049999915],[-37.380841188999945,-8.966256248999985],[-37.380987205999894,-8.966139346999956],[-37.381270104999956,-8.965914545999972],[-37.38155300399995,-8.965689743999986],[-37.38168988699995,-8.965581843999926],[-37.38197278599994,-8.96535704099992],[-37.38225572399993,-8.965123197999953],[-37.38240169999996,-8.965015336999956],[-37.382538621999934,-8.964898394999974],[-37.3828306129999,-8.964673630999918],[-37.38311351099996,-8.964448827999902],[-37.38325039199998,-8.964340926999977],[-37.38352415599996,-8.964125124999924],[-37.383797958999914,-8.963900280999923],[-37.38407176099994,-8.963675436999935],[-37.384208642999944,-8.963567535999973],[-37.38449153799995,-8.963342730999921],[-37.384765379999976,-8.963108844999935],[-37.38491139499993,-8.962991940999949],[-37.38505740899996,-8.962875037999902],[-37.385203422999915,-8.96275813399998],[-37.38550454399995,-8.962524366999913],[-37.38565055799991,-8.962407463000002],[-37.38580570499995,-8.962281556999933],[-37.38596085199997,-8.96215565099994],[-37.38611599899994,-8.96202974499992],[-37.38627114499995,-8.961903838999902],[-37.38642629199993,-8.961777932999945],[-37.38658143799994,-8.961652026999927],[-37.386745717999894,-8.96151711899994],[-37.38690995799989,-8.961391252999938],[-37.38707419699992,-8.961265385999944],[-37.38722938299996,-8.961130437999914],[-37.38739362299995,-8.961004570999922],[-37.387557861999944,-8.96087870399994],[-37.38832445699996,-8.960258170999957],[-37.38847956199994,-8.96014130599997],[-37.38862557399991,-8.960024399999936],[-37.38876249199996,-8.959907454999941],[-37.38890850399993,-8.959790549999974],[-37.389054515999895,-8.959673643999952],[-37.389328311999975,-8.959448794999917],[-37.389474283999945,-8.959340930999906],[-37.389757173999925,-8.959116120999946],[-37.39004006299992,-8.958891309999956],[-37.39032295099997,-8.958666499999895],[-37.39046896199994,-8.958549592999894],[-37.39075184999994,-8.958324782999986],[-37.390888767999925,-8.958207835999943],[-37.391180787999936,-8.957974022999972],[-37.391326758999945,-8.957866157999955],[-37.39147276899991,-8.957749250999917],[-37.39161877899993,-8.95763234399993],[-37.391764788999964,-8.957515436999916],[-37.391910838999934,-8.957389488999974],[-37.39205684899998,-8.957272580999943],[-37.392211951999926,-8.957155713999947],[-37.392358000999906,-8.957029764999948],[-37.39251310399993,-8.95691289699996],[-37.39266824699995,-8.956786987999953],[-37.392814296,-8.956661038999929],[-37.39296943799995,-8.956535128999969],[-37.39312457999991,-8.956409218999932],[-37.3932797219999,-8.956283309999924],[-37.39344395799998,-8.956157438999963],[-37.39359909999994,-8.956031528999965],[-37.39376333499994,-8.955905658999944],[-37.39391847599997,-8.955779748999944],[-37.3940827109999,-8.95565387799992],[-37.39423785299993,-8.955527966999968],[-37.39440212699998,-8.955393054999924],[-37.39456640099992,-8.955258141999927],[-37.39473063599993,-8.955132270999941],[-37.394894909999906,-8.954997358999922],[-37.39505918399992,-8.9548624459999],[-37.3952234569999,-8.954727532999941],[-37.395387690999904,-8.954601660999975],[-37.3955610579999,-8.954466787999893],[-37.39572533199994,-8.954331874999973],[-37.395889564999955,-8.954206002999967],[-37.3960538379999,-8.95407108899994],[-37.39621807199991,-8.953945216999976],[-37.396373250999915,-8.953810263999936],[-37.396537484999925,-8.953684391999932],[-37.39669262499996,-8.953558480999941],[-37.39684772499989,-8.953441609999977],[-37.39700286399992,-8.953315698999962],[-37.397158003999955,-8.95318978699989],[-37.397304049999946,-8.953063834999941],[-37.397459149999975,-8.952946964999969],[-37.39761428899995,-8.952821052999962],[-37.39776942799991,-8.95269513999995],[-37.39792456699991,-8.952569227999941],[-37.39807966699994,-8.95245235699994],[-37.39824389899996,-8.952326483999983],[-37.398399036999926,-8.95220057199995],[-37.39855417599996,-8.952074658999935],[-37.398709314999934,-8.951948745999935],[-37.39886445299994,-8.951822832999923],[-37.39901959099991,-8.951696919999948],[-37.39932986799992,-8.951445093999936],[-37.3993569908899,-8.951424656090618],[-37.39948496599989,-8.951328222999948],[-37.39964923699991,-8.951193306999924],[-37.39980437499995,-8.951067393999924],[-37.399959511999924,-8.950941480999974],[-37.4001237429999,-8.950815605999907],[-37.40027888099994,-8.95068969299997],[-37.40043401799992,-8.950563778999902],[-37.40058915499996,-8.950437864999962],[-37.40074425299997,-8.950320992999943],[-37.40089938999994,-8.950195078999938],[-37.40104543399993,-8.95006912599996],[-37.40120057099991,-8.949943211999955],[-37.4013267019999,-8.949848165999942],[-37.401355667999916,-8.949826338999932],[-37.40151080499989,-8.94970042499994],[-37.40166594099994,-8.94957450999993],[-37.40182107799991,-8.949448595999952],[-37.401976174999916,-8.949331722999915],[-37.4021313109999,-8.949205807999919],[-37.40228644699991,-8.949079893999967],[-37.40243245099997,-8.948962980999937],[-37.40258758699998,-8.948837066999895],[-37.40273358999998,-8.94872015399993],[-37.40288868599999,-8.94860327999993],[-37.40303472899992,-8.948477325999919],[-37.403180731999946,-8.948360412999891],[-37.40332673499991,-8.94824349999989],[-37.403472737999905,-8.948126586999912],[-37.40362783299999,-8.948009713999966],[-37.403919877999954,-8.947766845999976],[-37.40407497399996,-8.94764997199996],[-37.40422097599999,-8.94753305799994],[-37.40436697799999,-8.94741614499995],[-37.404522112999935,-8.947290229],[-37.404668114999936,-8.947173314999917],[-37.40481411699991,-8.947056401999902],[-37.404969250999955,-8.946930484999921],[-37.40511525299992,-8.94681357199992],[-37.40526125499996,-8.946696657999926],[-37.4054163499999,-8.946579782999931],[-37.405562390999904,-8.946453826999926],[-37.40571748499992,-8.946336951999918],[-37.405863525999926,-8.946210996999943],[-37.40601861999994,-8.946094120999932],[-37.40617375399996,-8.945968204999906],[-37.406328847999916,-8.945851328999932],[-37.4064839819999,-8.945725411999913],[-37.40678511599999,-8.945482580999952],[-37.40694934199992,-8.945356702999934],[-37.407104474999976,-8.94523078499995],[-37.40725047499995,-8.945113869999899],[-37.407405607999934,-8.944987952999957],[-37.4075607409999,-8.944862034999986],[-37.40771587299995,-8.944736117999968],[-37.40788005999995,-8.944619280999982],[-37.40803519199991,-8.944493362999921],[-37.40819032399996,-8.94436744499995],[-37.40850058899997,-8.944115608999903],[-37.40865568099993,-8.943998731999912],[-37.40881081299995,-8.943872814000004],[-37.40896594499995,-8.943746895999931],[-37.40927616899993,-8.943504099999874],[-37.40943126099995,-8.943387223999952],[-37.40958639299995,-8.943261304999963],[-37.40973239199992,-8.943144388999896],[-37.409887522999945,-8.943018469999933],[-37.41003352199992,-8.942901553999954],[-37.41017951999991,-8.942784636999882],[-37.41032551899994,-8.942667720999982],[-37.41046242499994,-8.942550764999948],[-37.410608383999914,-8.9424428899999],[-37.41088215499994,-8.94221801999992],[-37.41114679399995,-8.942002152999992],[-37.411402260999964,-8.941804328999947],[-37.411639502999954,-8.94161546899994],[-37.41165009454205,-8.941607037412835],[-37.41187674399994,-8.94142660899997],[-37.41212307799997,-8.941237786999984],[-37.41236945099995,-8.941039923999902],[-37.412624955999945,-8.940833057999898],[-37.412880460999936,-8.94062619099994],[-37.413135925999896,-8.940428365999903],[-37.41338225899994,-8.94023954299995],[-37.413628630999916,-8.940041678999954],[-37.413875001999926,-8.939843813999977],[-37.41411228099992,-8.939645909999975],[-37.41434042699994,-8.939457008999932],[-37.41456853299992,-8.939277148999949],[-37.414796599999896,-8.939106330999937],[-37.41501561399999,-8.93892643199994],[-37.41524371999997,-8.938746571999955],[-37.41548095699991,-8.938557707999943],[-37.415727326999956,-8.938359841999974],[-37.41598278899992,-8.938162013999937],[-37.41622919699995,-8.937955105999906],[-37.41648465899991,-8.937757277999909],[-37.416731027999965,-8.937559410999935],[-37.41697739599989,-8.937361543999899],[-37.41722376399995,-8.937163675999946],[-37.41746099999996,-8.936974810999915],[-37.41769823599993,-8.936785945999949],[-37.417944602999924,-8.936588077999934],[-37.418172705999915,-8.936408214999961],[-37.41840084799994,-8.936219310999931],[-37.41861981899994,-8.936048449999902],[-37.41879320799993,-8.93590452099996],[-37.41894829399994,-8.93578763899996],[-37.419139946999934,-8.935625703999921],[-37.419249957999966,-8.935418210999934],[-37.41933288599991,-8.935165393999984],[-37.419360943999905,-8.934984677999966],[-37.41936176199989,-8.93479480399998],[-37.41935352599994,-8.934595848999956],[-37.41933619799993,-8.934396856000003],[-37.41931883099992,-8.934206903999929],[-37.41930150199992,-8.934007910999975],[-37.41929322799996,-8.933817997999952],[-37.41926715699999,-8.933537590999967],[-37.41925012393011,-8.93338506810283],[-37.41979836999993,-8.933408259999933],[-37.4210105556349,-8.933905736710761],[-37.42144548296103,-8.934078720096316],[-37.42278098999995,-8.93460988999992],[-37.422976043108264,-8.93467108273624],[-37.42387532999992,-8.934953209999948],[-37.4273729299999,-8.935747149999901],[-37.42775916999994,-8.93587588999995],[-37.429686017789216,-8.936332775656771],[-37.42984055999993,-8.93636941999994],[-37.434132099999914,-8.937399389999907],[-37.43488311999992,-8.937549589999923],[-37.43773698999996,-8.938279149999952],[-37.438552379999976,-8.938472269999938],[-37.43893861999988,-8.938536639999919],[-37.43930339999998,-8.938472269999938],[-37.43964671999995,-8.938279149999952],[-37.43996858999995,-8.938086029999926],[-37.44239329999994,-8.936734199999897],[-37.44346618999995,-8.936197759999944],[-37.44516164430649,-8.935263524933731],[-37.44556903999992,-8.935039039999946],[-37.44683444452743,-8.93432658722483],[-37.44767284186651,-8.933854548862051],[-37.448122499999926,-8.933601379999958],[-37.44853019999991,-8.933429719999925],[-37.44895934999991,-8.933451179999942],[-37.45056867999997,-8.934073449999943],[-37.45256423999996,-8.934760089999962],[-37.452971939999934,-8.93488883999993],[-37.4533581699999,-8.934974669999953],[-37.45419501999988,-8.935253619999989],[-37.45440030020568,-8.935292720777086],[-37.45464562999996,-8.935339449999974],[-37.45550393999997,-8.93542527999992],[-37.457799909999935,-8.935532569999948],[-37.458271979999914,-8.935511109999904],[-37.458679679999946,-8.93531798999993],[-37.459323409999946,-8.934803009999932],[-37.45994567999994,-8.934330939999935],[-37.46056795,-8.933815959999897],[-37.462108208285976,-8.932624666867268],[-37.46331452999989,-8.931691649999934],[-37.46428253604913,-8.930941446190573],[-37.46503114999993,-8.930361269999953],[-37.46535300999992,-8.93014668999991],[-37.46580361999997,-8.929932119999888],[-37.471196445113314,-8.927938290970037],[-37.47149236073846,-8.927828885073756],[-37.47189759999999,-8.927679059999955],[-37.47525079316097,-8.926413708627958],[-37.4764466299999,-8.925962449999894],[-37.48049138627008,-8.924486898272312],[-37.481446269999914,-8.924138549999956],[-37.4851618901516,-8.922752126491572],[-37.488634589999904,-8.921456339999958],[-37.48951434999996,-8.921134469999927],[-37.491059299999975,-8.920555109999952],[-37.49309777999997,-8.9198255499999],[-37.49680995999996,-8.918409349999928],[-37.49728202999991,-8.918280599999909],[-37.498419279999915,-8.918323519999955],[-37.49934195999994,-8.918280599999909],[-37.503204349999976,-8.918302059999963],[-37.50410556999993,-8.918280599999909],[-37.504556179999945,-8.918237689999907],[-37.50698089999998,-8.917915819999951],[-37.50824689999997,-8.917722699999938],[-37.511358259999966,-8.917272089999882],[-37.5158429099999,-8.91667127999995],[-37.52161502999996,-8.915834429999958],[-37.52247333999994,-8.915770049999919],[-37.52285956999998,-8.915855879999981],[-37.52322434999998,-8.916070459999984],[-37.52388953999994,-8.916563989999934],[-37.52461909999991,-8.917036059999894],[-37.52658730613838,-8.918402328929526],[-37.534166728341994,-8.923663685887098],[-37.53528356999995,-8.924438949999963],[-37.535648349999946,-8.924653529999967],[-37.53601312999991,-8.924803729999958],[-37.538758420247405,-8.925701725003576],[-37.540605069999955,-8.926305769999896],[-37.541742319999926,-8.92673491999996],[-37.54369496999988,-8.92733573999994],[-37.545304299999906,-8.927893639999985],[-37.54913714103702,-8.929147241306383],[-37.551012039999925,-8.929760459999969],[-37.55302905999992,-8.930447099999938],[-37.554767129999924,-8.931004999999919],[-37.55639790999991,-8.931562899999966],[-37.55725621999989,-8.93182038999992],[-37.563221449999936,-8.933815959999897],[-37.56367206999995,-8.934030529999971],[-37.56474494999995,-8.934717179999947],[-37.57116078999994,-8.938579559999914],[-37.572495390081365,-8.93939961334275],[-37.57407607928852,-8.940359521668292],[-37.57776975999994,-8.942592139999924],[-37.57933616999999,-8.943493369999942],[-37.581074239999964,-8.944566249999987],[-37.58182525999997,-8.944952489999961],[-37.58598803999993,-8.946540359999934],[-37.58633083999997,-8.946668713999918],[-37.58943529299993,-8.947831107999948],[-37.595386509999976,-8.950059409999916],[-37.59888410999998,-8.951411249999978],[-37.60332583999994,-8.953084949999951],[-37.60678052999994,-8.95441531999995],[-37.608540059999946,-8.955059049999942],[-37.61150121999993,-8.95619630999995],[-37.61193036999994,-8.956346509999902],[-37.613196369999926,-8.956689829999943],[-37.61386216547143,-8.95690482692409],[-37.61525630999996,-8.957355019999953],[-37.61548503050508,-8.95743544977968],[-37.61642079199993,-8.957764510999903],[-37.61720895999995,-8.958041669999929],[-37.619419099999924,-8.958921429999934],[-37.62014865999996,-8.959178919999966],[-37.62059926999994,-8.959286209999943],[-37.62128591999994,-8.959372039999954],[-37.622587347138825,-8.959499354250504],[-37.62433991751313,-8.959670802259673],[-37.62523412999995,-8.95975827999994],[-37.626042456316654,-8.959824076760569],[-37.627079489999936,-8.959908489999965],[-37.62933253999995,-8.960123059999948],[-37.629697319999885,-8.960123059999948],[-37.63008355999995,-8.96010159999997],[-37.630448339999894,-8.96003722999995],[-37.63247998500818,-8.959423754440875],[-37.63592004999995,-8.958384989999946],[-37.63637065999996,-8.958213329999962],[-37.63670489517129,-8.958029494827677],[-37.63679980999997,-8.957977289999967],[-37.637207509999946,-8.957698349999939],[-37.637572289999945,-8.957376479999931],[-37.63789414999991,-8.956990239999907],[-37.64381646999991,-8.948922159999904],[-37.64446232866231,-8.948180578281628],[-37.64613389999994,-8.946347239999948],[-37.64714182939931,-8.945242862256242],[-37.650618549999905,-8.94143342999992],[-37.65128373999993,-8.940682409999951],[-37.65154122999993,-8.940253259999976],[-37.6519918399999,-8.93939494999994],[-37.656583789999914,-8.930296899999947],[-37.65681981999997,-8.929867739999938],[-37.657133277136026,-8.929512494426865],[-37.65714168999997,-8.929502959999969],[-37.65754937999994,-8.929202559999949],[-37.661347389999904,-8.926992419999987],[-37.66169070999994,-8.926756379999928],[-37.66199111999997,-8.92647742999993],[-37.66220569999995,-8.926155569999905],[-37.66276359999994,-8.924696449999939],[-37.662978169999924,-8.924310209999952],[-37.663278579999925,-8.923945429999955],[-37.664008139999964,-8.923344609999953],[-37.669115069999954,-8.919289109999985],[-37.67328425424076,-8.915927584949571],[-37.677311899999914,-8.912680149999963],[-37.68422126999998,-8.907337189999922],[-37.68462895999995,-8.907058239999925],[-37.68505811999996,-8.906822199999915],[-37.68550872999994,-8.906650539999907],[-37.68992900999993,-8.905663489999938],[-37.69085168999988,-8.905341629999926],[-37.696859839999895,-8.90276669999995],[-37.69937037999991,-8.901414869999932],[-37.69979953999992,-8.90113591999996],[-37.70016431999992,-8.900814059999924],[-37.705357069999884,-8.895020479999946],[-37.705936429999944,-8.894290919999918],[-37.70876883999991,-8.890428539999963],[-37.712674139999926,-8.885450359999941],[-37.71299600999999,-8.88508557999992],[-37.722396539121696,-8.87574485192494],[-37.723525163206766,-8.874623391537444],[-37.74852696655668,-8.849779403557811],[-37.74934533357036,-8.848966173831503],[-37.75108405903893,-8.847238357222935],[-37.753582041152384,-8.844756033392464],[-37.75374412999996,-8.844594959999931],[-37.75380483139403,-8.844541399084871],[-37.75410890999996,-8.844273089999975],[-37.75449513999996,-8.844015599999956],[-37.754967209999975,-8.843865389999971],[-37.755460739999926,-8.84380101999994],[-37.765696049999946,-8.843457699999886],[-37.76621102999992,-8.843479159999966],[-37.76672601999997,-8.843543529999986],[-37.767219539999985,-8.84360789999994],[-37.76773452999997,-8.843693729999913],[-37.76822804999992,-8.843865389999971],[-37.77108191999996,-8.844938279999973],[-37.77582406999991,-8.846826549999928],[-37.78213937149108,-8.849270499693255],[-37.78843550747569,-8.851743467118416],[-37.79043201718767,-8.85251846773408],[-37.791542575714956,-8.85297143135315],[-37.791958515238264,-8.853300218595036],[-37.79561878304361,-8.857034281646664],[-37.79592543162706,-8.857318946862987],[-37.79612825274185,-8.857531597955708],[-37.79630269990964,-8.857714499824297],[-37.796807699815474,-8.858342599831053],[-37.797805600148266,-8.859566499794077],[-37.79812449974581,-8.859954800073917],[-37.79889611477045,-8.860894117841237],[-37.799521399592905,-8.861655300251844],[-37.79968360041778,-8.861848800181923],[-37.79984459974846,-8.862040899867576],[-37.80018929999614,-8.862431800087412],[-37.80052990023462,-8.86278690009529],[-37.80142690023116,-8.863634699981361],[-37.80451169985504,-8.866576500205294],[-37.804620300186635,-8.866679999582276],[-37.8064400999306,-8.868411899589406],[-37.806815699984504,-8.868760400372107],[-37.807179099835544,-8.869046599720749],[-37.81043659986912,-8.871279399624548],[-37.81126810044241,-8.871833200341845],[-37.811484700358584,-8.871959100032344],[-37.81225379967311,-8.872382499952394],[-37.81409379998882,-8.87337160041896],[-37.81696509965957,-8.874917999965676],[-37.81982839986074,-8.876439099784596],[-37.82061180019436,-8.876862200230297],[-37.821039399948276,-8.877101599758985],[-37.8212902001825,-8.877269899785926],[-37.82148470015871,-8.877464700135748],[-37.8235245001555,-8.880272399751387],[-37.82509389986351,-8.882438800010558],[-37.8266478995808,-8.884584100375854],[-37.82686920025332,-8.88493389977959],[-37.82703009975924,-8.88524789987065],[-37.827175000325944,-8.885630799721573],[-37.82831520038612,-8.888641200231174],[-37.828533199647374,-8.88899599986543],[-37.828796600282836,-8.889338700020897],[-37.82912260002787,-8.889710399715081],[-37.829448599772974,-8.890080000391608],[-37.83006710041628,-8.890834799586317],[-37.8313353999087,-8.89234129981112],[-37.83258759973789,-8.89386260017877],[-37.8331385803963,-8.894570983730931],[-37.83362868258743,-8.895201096042637],[-37.834032748104036,-8.895717528675112]]}},{"type":"Feature","properties":{"fid":464,"CODIGO_SRE":"425EPE0040","UF":"PE","RODOVIA":"425","LOCAL_INIC":"Carnaubeira da Penha","LOCAL_FIM":"Floresta ***","KM_INICIAL":37.51,"KM_FINAL":81.14,"EXTENSAO":43.63,"SITUACAO":"PAV","DESC_SITUA":"PAVIMENTADA","TIPO_REVES":"TSD","DESC_REVES":"TRATAMENTO SUPERFICIAL DUPLO","IDENTIFICA":"Eixo Principal","OBSERVACAO":"26","EXTENSAO_1":43.63,"REGISTRO":"M26","STATUS_FED":"73.380.220,39","CONCT_ROD":"PE425","COD":"M26","Fase (Obra":"-","STATUS":"FINALIZADA","ROD.":"PE425","DRO":"6","CUSTO OBRA":"73380220.390000001","CUSTO TOTA":"87.959.752,05"},"geometry":{"type":"LineString","coordinates":[[-38.745820200042104,-8.320577200177567],[-38.743822932172286,-8.321400104362045],[-38.74303530003898,-8.32177369959653],[-38.74292330027001,-8.321822899707021],[-38.74326999971064,-8.322599199893066],[-38.743530351114515,-8.323509515866922],[-38.74356956522606,-8.323959633239605],[-38.742503574691185,-8.325870677012942],[-38.741931599863385,-8.326553900242237],[-38.74177340012223,-8.326733100052463],[-38.74161649990149,-8.326924099867258],[-38.741273100073464,-8.327383299999243],[-38.7406923997344,-8.328106499715146],[-38.74051539966594,-8.328320800064818],[-38.74034239978184,-8.328537700354534],[-38.740201600123704,-8.328724799809578],[-38.74000180044269,-8.328937100067106],[-38.73939559982707,-8.32952760031844],[-38.73924400021038,-8.329681600225591],[-38.73907239967145,-8.329838100248093],[-38.73895300028064,-8.329938999685014],[-38.73881960024428,-8.330035499638566],[-38.738533300171646,-8.330207000352743],[-38.73827849975289,-8.330329100407612],[-38.73804509960159,-8.330414000006067],[-38.73770710020246,-8.3305335001209],[-38.735590900099886,-8.331311099827353],[-38.735346799814884,-8.33140659973472],[-38.73511079972357,-8.331486199628355],[-38.734890800370074,-8.331563199581906],[-38.73456899955963,-8.331666699858221],[-38.734048599663076,-8.331860400337199],[-38.733646299636945,-8.332054199741464],[-38.73341019972084,-8.332184200340544],[-38.733219799753876,-8.33235400043669],[-38.73300519993002,-8.33257170022371],[-38.732466100430145,-8.333113100189378],[-38.731944400113896,-8.33364909972613],[-38.73173119963514,-8.333837600324973],[-38.73125909962767,-8.334193200355804],[-38.73108740016332,-8.334283399659105],[-38.730929200422196,-8.334370999921616],[-38.73073099973579,-8.334448599723007],[-38.730634200307996,-8.334490400211736],[-38.73052819991645,-8.334531599953353],[-38.73031899962212,-8.33458599994389],[-38.72996090037516,-8.334655000427848],[-38.72867469987745,-8.334886600136418],[-38.728121900105556,-8.334970800062333],[-38.72693740034068,-8.33518399964176],[-38.72501859962865,-8.335482200443112],[-38.72431199959905,-8.33556729969113],[-38.72354576089804,-8.335642306950673],[-38.72279089978015,-8.335716200442281],[-38.721614100010605,-8.335844500423327],[-38.72012819965663,-8.336023800058241],[-38.71943780001442,-8.336103099578295],[-38.71823430027268,-8.336321999960296],[-38.71741929956092,-8.336455200347203],[-38.71604849983833,-8.336676799594514],[-38.7149117001148,-8.33684849995823],[-38.713716299667446,-8.337007599920753],[-38.7119344000525,-8.337244799707737],[-38.709771400129945,-8.337527899992546],[-38.707654299806045,-8.337803400106749],[-38.705817600002206,-8.338046799819885],[-38.70469410035239,-8.33819590022051],[-38.7008223004088,-8.338726199854152],[-38.69887679972447,-8.33898100027286],[-38.69790500041537,-8.339121600281606],[-38.69727269967525,-8.339186700405813],[-38.69668049970528,-8.33919519989851],[-38.69597479989704,-8.339165899986236],[-38.695388299830135,-8.339107399986451],[-38.69440220040111,-8.338971599659546],[-38.693591799721744,-8.338843000204237],[-38.69339429960719,-8.33881160037502],[-38.69301079990843,-8.338750799909473],[-38.69212676471482,-8.338621104214521],[-38.690844377457466,-8.33842345620075],[-38.69035479973415,-8.338342200132383],[-38.68926860036554,-8.338201600123725],[-38.68868689998037,-8.338110999722797],[-38.68839220023978,-8.338068600285611],[-38.688223400189635,-8.338059099847547],[-38.687758900352904,-8.338046899644635],[-38.68745470017422,-8.338067600239514],[-38.686810999627845,-8.338165700086991],[-38.685515000117086,-8.338371400219868],[-38.68437530007996,-8.338553600168423],[-38.683857500123516,-8.33862340014976],[-38.68350750017095,-8.33863660039868],[-38.683276699959734,-8.338633799909863],[-38.682873300062646,-8.338599800140624],[-38.68262950015126,-8.33855300032062],[-38.68258340000386,-8.33854409973032],[-38.68225249985291,-8.338461999721424],[-38.68189200031554,-8.33831950034458],[-38.681628800228914,-8.338198799634794],[-38.68039570020131,-8.337577899600289],[-38.67936380009923,-8.337084400224894],[-38.67829859990042,-8.336538099853378],[-38.67774170011929,-8.33626719977134],[-38.677504199958825,-8.336175700048463],[-38.67719420005227,-8.336086099693759],[-38.67689579960139,-8.336027599693896],[-38.67653339979652,-8.33597950035361],[-38.67631019975585,-8.335971900182978],[-38.676110900097875,-8.335980399675623],[-38.67540709965786,-8.33605119970307],[-38.674512499951845,-8.33615500035293],[-38.671585800244394,-8.336480000051896],[-38.66869260028321,-8.336812599921547],[-38.668346599615866,-8.33689479975518],[-38.667964299612706,-8.337032799823803],[-38.667524300006384,-8.337260300422443],[-38.66723480014586,-8.33743090001594],[-38.66668220002344,-8.337814100240484],[-38.66619350699995,-8.338152964017725],[-38.66162340019971,-8.34132189958597],[-38.66155649963266,-8.34137049984867],[-38.65901016399996,-8.343106072580838],[-38.658330099954135,-8.343569600356723],[-38.65692969994561,-8.344564399827156],[-38.65666959982208,-8.344766099775622],[-38.65643080014129,-8.345007600120585],[-38.65580589992228,-8.345694999624456],[-38.6548939001333,-8.346732599629712],[-38.6545451997011,-8.347187699752537],[-38.65426499972985,-8.34762959962625],[-38.65374600007773,-8.348476099991938],[-38.653008900440355,-8.34954469962812],[-38.65261679962554,-8.350126800211584],[-38.65242899959862,-8.350317899851152],[-38.65108000034171,-8.351259999948981],[-38.65065710044476,-8.351605700242864],[-38.6502939002432,-8.351907500131027],[-38.65025910007734,-8.351932700033986],[-38.64935519958276,-8.352334699686542],[-38.64887069444585,-8.352592621616408],[-38.64797919998003,-8.353067200191088],[-38.647595599557214,-8.35337229969185],[-38.64561750024741,-8.35516889962496],[-38.64491702290461,-8.35586528754881],[-38.642826699792245,-8.357943399867906],[-38.64186640011419,-8.358855000357943],[-38.64168670028092,-8.35900890044037],[-38.641551300152294,-8.359077900024957],[-38.64021689959016,-8.35964840025344],[-38.63859419976247,-8.360314500213999],[-38.63850560035313,-8.36035700037523],[-38.638148899552014,-8.360616999774624],[-38.63808449999963,-8.360664799640727],[-38.637558800398224,-8.360932800308417],[-38.63740459994222,-8.36104820041405],[-38.63703579966239,-8.361309600057924],[-38.63692720023,-8.361415100426484],[-38.63679440004148,-8.361548499563543],[-38.636499300102564,-8.361880200111116],[-38.636280700094176,-8.36213630005017],[-38.63606749961536,-8.362345899643516],[-38.635873100363234,-8.362486499652135],[-38.635568599811,-8.362657699992846],[-38.63456150031289,-8.363298600050305],[-38.63381450003908,-8.363753700173115],[-38.633456399892886,-8.363944799812634],[-38.63319350017984,-8.364081399636817],[-38.63291990033306,-8.364225999829962],[-38.63270669985423,-8.364316299857308],[-38.63252700002098,-8.364360100438255],[-38.632315099961815,-8.364398499690928],[-38.62999769993388,-8.364809800132138],[-38.6280369998076,-8.365035399563936],[-38.62765610004888,-8.365097799923461],[-38.625050300031255,-8.365481199797491],[-38.62487200044244,-8.365485199981928],[-38.62464800000512,-8.365458699659188],[-38.62450179991809,-8.36544810024956],[-38.62440389972015,-8.365475900092697],[-38.62427520044007,-8.365548899861771],[-38.624194700325084,-8.365587399838605],[-38.62407670027944,-8.365632499939895],[-38.62395200028452,-8.365665700211794],[-38.6237614995935,-8.36569350005493],[-38.62315129969262,-8.365789099787058],[-38.622659099837556,-8.365879299989679],[-38.62168280032091,-8.365993399675597],[-38.620857999696874,-8.366062400159594],[-38.62013920036374,-8.366175200325154],[-38.61936540029295,-8.366319799619017],[-38.61909519988352,-8.366380799734113],[-38.618900000234724,-8.366415300425741],[-38.61865799986674,-8.36647900030556],[-38.61846819974752,-8.366534699816466],[-38.61828980033398,-8.366585200346659],[-38.61815640029763,-8.366607699585616],[-38.61798469993391,-8.36661240034199],[-38.6177949996395,-8.36663560015277],[-38.617536100110875,-8.366673399557666],[-38.61723170028263,-8.366711900433845],[-38.61688170033013,-8.366753700023176],[-38.61660410029893,-8.36677289964957],[-38.616356599677296,-8.366780900018457],[-38.616146099862576,-8.366777499681824],[-38.615903999669776,-8.366766900272184],[-38.615728999693566,-8.36675100025843],[-38.615162399824825,-8.366655500351001],[-38.61493569962278,-8.36661899956718],[-38.61481470033809,-8.366595399558006],[-38.61468230034784,-8.36656459957658],[-38.61458640024217,-8.366540700093223],[-38.614485800279354,-8.366528800263906],[-38.61426720027107,-8.366533400296095],[-38.61392860012474,-8.366540700093223],[-38.61340820022818,-8.366583200254492],[-38.613156800146115,-8.36660570039268],[-38.61307429993892,-8.366620299986845],[-38.6130126001513,-8.366634199908319],[-38.612889199676765,-8.366690000143333],[-38.61277049995857,-8.366769600036944],[-38.61267860003732,-8.366845199746143],[-38.6125786997471,-8.366952700206946],[-38.61250030044841,-8.367078099874403],[-38.61242250009822,-8.367310900177863],[-38.61233670027842,-8.367616100402644],[-38.61224280026496,-8.367991599732473],[-38.61220120032507,-8.368225099708512],[-38.61213150016857,-8.368459999929003],[-38.61192899982339,-8.368892500088775],[-38.61177740020677,-8.369252100304168],[-38.611582300382764,-8.36976420035746],[-38.611515899838835,-8.369917499692802],[-38.6114286997746,-8.370045500199614],[-38.611303999779736,-8.370191499737892],[-38.61121009976621,-8.370304200078728],[-38.61117119959108,-8.37039450010606],[-38.61114039960968,-8.370515199916476],[-38.611126999711246,-8.37066120035401],[-38.61114580003854,-8.370868100182662],[-38.611198100112176,-8.371142799900305],[-38.611338899770345,-8.371769100363622],[-38.61145560029569,-8.372250699909827],[-38.611517300083285,-8.372549200185412],[-38.61157360034133,-8.372930000119343],[-38.61164600026266,-8.373335999956348],[-38.611726500377614,-8.373856100378706],[-38.611767999593454,-8.374203700040624],[-38.61178550040043,-8.374640300209606],[-38.6117961996348,-8.37508339977903],[-38.61178550040043,-8.375554399915544],[-38.6117612996442,-8.377279299599948],[-38.611739900276085,-8.3774331996824],[-38.61169699991653,-8.377614899607849],[-38.61164059983376,-8.37775029973645],[-38.61149579999115,-8.377975800242934],[-38.611033099697714,-8.37857160019914],[-38.61054630027148,-8.37924959998899],[-38.61022849964545,-8.379707300051772],[-38.61002729972006,-8.379899700111007],[-38.60982279075001,-8.38004550567032],[-38.6097053999842,-8.380129199902633],[-38.609414400054426,-8.380357400173814],[-38.60932989975502,-8.38045159966159],[-38.60931249967205,-8.380490099638335],[-38.609299099773544,-8.380557100030087],[-38.6092897000595,-8.380647999905225],[-38.60928030034552,-8.380828400310367],[-38.6092347002212,-8.380971700083835],[-38.60918240014763,-8.381091100373931],[-38.60893960028221,-8.381446700404888],[-38.6087278000479,-8.38173730013626],[-38.6085641000531,-8.38194429978957],[-38.608174500252915,-8.382505000105589],[-38.60811490038226,-8.38259170014679],[-38.607903000323205,-8.382927399979454],[-38.60757439973871,-8.383472700304848],[-38.607410799568655,-8.38379250012372],[-38.607284700228696,-8.384100300288587],[-38.607198900408896,-8.384413400158186],[-38.60705139990215,-8.385155099827983],[-38.60697220020678,-8.385498700204721],[-38.6067644001569,-8.386792300324371],[-38.60669729994034,-8.387337599750369],[-38.60648809964601,-8.389554600364445],[-38.60642909962319,-8.390562899558121],[-38.6063862001629,-8.391024599805416],[-38.60629499991428,-8.391380199836297],[-38.606126000214694,-8.391857800097348],[-38.60578089976864,-8.392666199785252],[-38.605688800197925,-8.392980199876249],[-38.60560029971403,-8.393284099681404],[-38.60545950005576,-8.39364629983677],[-38.605281099742896,-8.394032400374941],[-38.60519129973861,-8.394260599746776],[-38.60509069977593,-8.394588300109849],[-38.60498339986393,-8.394991600182172],[-38.60477280022449,-8.39579560038659],[-38.6045542002161,-8.396472199932052],[-38.60429939979739,-8.397159499611172],[-38.60402400040723,-8.397739299728848],[-38.60345450022499,-8.398825800370311],[-38.6030871001895,-8.399584699574193],[-38.6030106002589,-8.399767100071605],[-38.602979099705614,-8.399883199849702],[-38.60296369971489,-8.400000000199737],[-38.60294842751058,-8.400145122999975],[-38.602922099775,-8.400395299903058],[-38.60291410030539,-8.400638099768456],[-38.60289930016252,-8.400981700145257],[-38.60285639980297,-8.401345299645769],[-38.6027450997065,-8.401840100340365],[-38.60266459959156,-8.402137300196221],[-38.60261900036655,-8.40230579987265],[-38.60256000034373,-8.402632199816095],[-38.60237900009074,-8.40381289994531],[-38.602348100284495,-8.404058399575401],[-38.602315900058684,-8.404441800348778],[-38.602278400128,-8.404643500297281],[-38.60223949995294,-8.40478670024596],[-38.60218450011451,-8.40493669996865],[-38.60201419999523,-8.405383799722523],[-38.60179829975168,-8.405824200426432],[-38.60153680028301,-8.406268700240295],[-38.60148979991428,-8.406363499575786],[-38.60141709961941,-8.406492199755178],[-38.60134230030691,-8.406595000358914],[-38.60123770015967,-8.406717100413783],[-38.60109689960214,-8.406892899887389],[-38.60095740036367,-8.407111099697463],[-38.6006743999036,-8.407574100364425],[-38.60005080010425,-8.408570499728745],[-38.60001189992919,-8.4086753004247],[-38.59998240036739,-8.408793400295131],[-38.59996629980484,-8.408959200206901],[-38.59997840018299,-8.4091701002199],[-38.60002799959243,-8.40945669976686],[-38.600119199841124,-8.409739300028603],[-38.600293500144815,-8.410186399782502],[-38.60045310013045,-8.410543200408286],[-38.60066910019876,-8.410984999558067],[-38.60100299958869,-8.411584699873922],[-38.60106399970378,-8.411687499578402],[-38.601133100012504,-8.411788999762488],[-38.601188099850866,-8.411856699826794],[-38.601224300261165,-8.411919700034122],[-38.60125579991515,-8.412011900328862],[-38.60129799970288,-8.412147199733429],[-38.60142280042186,-8.412424500290351],[-38.6014307475851,-8.412445002878131],[-38.60148040020024,-8.412573099768652],[-38.60168959959531,-8.413231100434881],[-38.60196590010612,-8.413944799712699],[-38.60227170017875,-8.414679800332415],[-38.60259619985469,-8.415470499563833],[-38.60271960032922,-8.415733199627422],[-38.60300660007448,-8.416306299795862],[-38.60329090005494,-8.417051899825257],[-38.60335529960732,-8.417264200082734],[-38.603424999763845,-8.417640900007466],[-38.6034947997452,-8.418145100415929],[-38.60355379976802,-8.41888530001651],[-38.603671799813654,-8.419904200418454],[-38.60370669980429,-8.42019079996539],[-38.60372009970277,-8.420373800310529],[-38.60374960016391,-8.42057019965497],[-38.6038193003204,-8.420859400041246],[-38.60389709977126,-8.421244100334853],[-38.603974900121514,-8.421727000300761],[-38.60402849971544,-8.421971099686477],[-38.604087499738256,-8.422194000252864],[-38.60422699987613,-8.422568100237598],[-38.60441210013822,-8.423080200290915],[-38.60462669996215,-8.42374620042675],[-38.60471790021081,-8.424035399913759],[-38.60481709992918,-8.424385600415084],[-38.60488949985047,-8.424836700353419],[-38.60489490027937,-8.425091400047993],[-38.604860000288724,-8.425492000355455],[-38.60472860034455,-8.426059799919743],[-38.60467759979131,-8.426295899835868],[-38.6045810998378,-8.42657719967797],[-38.604425500036754,-8.4268557997553],[-38.60400169991843,-8.42746069995125],[-38.6037844003297,-8.427712799705917],[-38.603445099611605,-8.42803380011973],[-38.603231900032114,-8.428240799773015],[-38.602973100328214,-8.428541899988662],[-38.60268740010335,-8.428906700084088],[-38.60255330039444,-8.429126999811157],[-38.602438000113565,-8.429357800022348],[-38.60229310044616,-8.429689399845863],[-38.60206509982446,-8.430188299650212],[-38.60195250020769,-8.430469499667616],[-38.60172990001481,-8.431042599836083],[-38.601485799729865,-8.431753700073171],[-38.60145089973916,-8.431855800105046],[-38.60141339980848,-8.431968600270633],[-38.60139999991,-8.432082699956549],[-38.60138919995161,-8.43228699984514],[-38.60138119958263,-8.432432899558629],[-38.601373100288306,-8.43252969988571],[-38.601346299591995,-8.432650399696126],[-38.60129000023327,-8.432881299732156],[-38.601231000210454,-8.433108099758895],[-38.60115589962503,-8.43338009971178],[-38.60100570025274,-8.433839100194291],[-38.600922500372995,-8.434109699902722],[-38.60084470002281,-8.434364399597309],[-38.60079380019368,-8.434619100191318],[-38.60073480017086,-8.434953399779555],[-38.600606000166735,-8.43565389970762],[-38.60050950021323,-8.436165899936253],[-38.60033779984951,-8.437046800269536],[-38.6001124998919,-8.438683800217168],[-38.60001189992919,-8.439243600311826],[-38.59996899956961,-8.439527500094004],[-38.599920699680496,-8.439850499700752],[-38.599883400298644,-8.440180100331293],[-38.59980269963479,-8.440893900333204],[-38.59975980017454,-8.441143300322997],[-38.59972089999948,-8.441425799860708],[-38.59967930005959,-8.441825099748453],[-38.59965520002744,-8.44222579988069],[-38.599644499893664,-8.44292219979967],[-38.59964709983371,-8.443264499756818],[-38.599653799782935,-8.44365580017496],[-38.59966859992588,-8.443979500353647],[-38.599694100202505,-8.444357599623459],[-38.59973029971353,-8.444900100359268],[-38.59992209992494,-8.446836900102806],[-38.60002400030728,-8.447728300020941],[-38.600083000330095,-8.448431399889156],[-38.60018220004843,-8.4496280000321],[-38.600209099670124,-8.449938400137027],[-38.60031369981736,-8.45068920004648],[-38.600391500167554,-8.451108400132481],[-38.60043699956778,-8.451365699767141],[-38.60046659985364,-8.451697400314714],[-38.60046659985364,-8.452119200340801],[-38.600458499659986,-8.452686999905076],[-38.60045050019037,-8.453010700083738],[-38.600407500006106,-8.453448400123527],[-38.60035119974805,-8.453724300436086],[-38.6002894999604,-8.453979000130687],[-38.60007230019645,-8.454552100299141],[-38.59993819958821,-8.454928800223872],[-38.59971289963054,-8.455486000378546],[-38.59954120016616,-8.455889199726709],[-38.59942589988528,-8.456199599831624],[-38.599299799645976,-8.456589599830089],[-38.59924879999211,-8.456908000303955],[-38.599200500102924,-8.45722639987836],[-38.59915499980336,-8.45744659978068],[-38.599061099789836,-8.457749000415978],[-38.599018200329624,-8.457918799612827],[-38.598983300338986,-8.458168199602696],[-38.59893229978577,-8.45840960012286],[-38.598857200099616,-8.458664299817524],[-38.59865069957011,-8.459258599704578],[-38.59848710029939,-8.459767999993124],[-38.59832080036457,-8.46041259986154],[-38.59815179976568,-8.461014900117467],[-38.59797750036126,-8.462092000145578],[-38.59735789984713,-8.464986399802443],[-38.59720769957562,-8.465654999878225],[-38.596931399964106,-8.466732099906462],[-38.59687868099519,-8.466924221015582],[-38.5966845999143,-8.46763150019355],[-38.59627960012337,-8.468727100175487],[-38.59600340033658,-8.469560199743412],[-38.595802200411185,-8.470170299819406],[-38.59567610017179,-8.470594799610252],[-38.595541999563544,-8.471159900309065],[-38.59520939969398,-8.472893599859683],[-38.59502569967619,-8.474059499846014],[-38.594968000073095,-8.474404399743184],[-38.59488759978286,-8.474698899834358],[-38.59476949991243,-8.475168499726369],[-38.59476150044282,-8.475306399970332],[-38.59477090015681,-8.475493500324696],[-38.59484330007817,-8.475630100148928],[-38.595016299962204,-8.475795900060687],[-38.59521749988766,-8.475988200295134],[-38.595335499933334,-8.476148699602739],[-38.59541459980392,-8.476319800118599],[-38.595454800398635,-8.476473700201051],[-38.595454800398635,-8.47664610023732],[-38.59537709987316,-8.477010900332747],[-38.59530870013636,-8.477277499856688],[-38.59529120022865,-8.477436699643937],[-38.59528989980892,-8.477650300321027],[-38.59532610021928,-8.478033600370308],[-38.595356900200684,-8.478298900373893],[-38.595386399762496,-8.479012499826947],[-38.59546289969303,-8.479523199635953],[-38.59550734542659,-8.480171136486312],[-38.59554470022767,-8.480715699769684],[-38.59563989976152,-8.48200229956639],[-38.59563050004747,-8.482401600353496],[-38.59562520034269,-8.48266419969304],[-38.595623200250415,-8.483017599982205],[-38.595666699558464,-8.483177500341274],[-38.59567390206459,-8.483202988032005],[-38.59583839992218,-8.483785100302098],[-38.59603690008281,-8.484244000060539],[-38.59633600020614,-8.484846199592397],[-38.59656659986863,-8.485318400323852],[-38.59669270010796,-8.485505399954171],[-38.59679590001072,-8.48572559985649],[-38.59687909989047,-8.485947100178437],[-38.596987700222165,-8.486124899744224],[-38.59724249974155,-8.486440599553985],[-38.597390100073014,-8.4867031997928],[-38.59748929979135,-8.486992300354379],[-38.59763680029806,-8.487812099848457],[-38.597703899615205,-8.488358599869434],[-38.59773070031146,-8.488668900149523],[-38.59777090000697,-8.488939499857917],[-38.59786210025567,-8.48921809993535],[-38.597923800043255,-8.48954699999394],[-38.5979546998494,-8.489868000407867],[-38.597957100140015,-8.490307300341584],[-38.59794770042596,-8.49059470028518],[-38.5979694001676,-8.490771300155359],[-38.598008300342734,-8.491073699891247],[-38.59808609979365,-8.491641399630812],[-38.598254800018914,-8.492723499889584],[-38.59842469993992,-8.493721199673582],[-38.59858630001769,-8.494757099960138],[-38.598701700123286,-8.495388499579509],[-38.59873379962508,-8.495688199550715],[-38.598725800155535,-8.496576899704117],[-38.598763300086155,-8.496823599929112],[-38.59881029955561,-8.497017300408025],[-38.59881700040417,-8.497131400094005],[-38.5987968996571,-8.497229499941367],[-38.598696299694396,-8.4973767000746],[-38.59860639986545,-8.497524000032492],[-38.59852729999484,-8.497714999847362],[-38.59839189986621,-8.49822690025122],[-38.59834760016155,-8.498470999636899],[-38.598348899681945,-8.498733599875662],[-38.59841749996758,-8.499392300214419],[-38.59852200029003,-8.500301399689823],[-38.59852460023008,-8.500451299587802],[-38.598529999759634,-8.500945999558189],[-38.59854610032221,-8.501293500294741],[-38.598529999759634,-8.501619800413437],[-38.5984092999492,-8.502277700355522],[-38.59835029992638,-8.502524399681235],[-38.59824569977915,-8.502779100275195],[-38.59804180008893,-8.503150399771048],[-38.598019512391524,-8.5031889013263],[-38.597867499785266,-8.503451499986694],[-38.59772529988266,-8.503690299667579],[-38.59764079958319,-8.503868000307923],[-38.597504699781965,-8.504171900113066],[-38.59700780006985,-8.505142599551268],[-38.59675170013078,-8.505618799567891],[-38.59628970040928,-8.506289299911154],[-38.59576583022483,-8.507045816823055],[-38.595409682823295,-8.507560125698397],[-38.59472560040608,-8.508548000289915],[-38.594391299918485,-8.509084499849736],[-38.59416869972568,-8.50948770009722],[-38.59397019956505,-8.509901599579118],[-38.593893800358565,-8.51015360040828],[-38.59374489960738,-8.510816700230473],[-38.593389500125255,-8.51238579956493],[-38.59322060025045,-8.513256499787609],[-38.59299929957793,-8.514262500314075],[-38.59276059972189,-8.515209499918443],[-38.59267069989285,-8.515624699819943],[-38.59261970023891,-8.515996000215182],[-38.592625099768505,-8.516278599577655],[-38.592689500220224,-8.51684359955241],[-38.59275789995703,-8.517470900061952],[-38.59280479960176,-8.517738800005597],[-38.59285179997055,-8.518038599801502],[-38.59287590000277,-8.518604900195909],[-38.592909399748926,-8.519279999672193],[-38.59293089984113,-8.519469699966631],[-38.59309850019557,-8.520317200378441],[-38.59318840002458,-8.520872899564631],[-38.59322460043487,-8.521179300384366],[-38.59326079994591,-8.521333099742712],[-38.59331979996873,-8.521497600134099],[-38.59336669961346,-8.521668699750613],[-38.593526299598956,-8.522366300264498],[-38.593704699911925,-8.523301300214786],[-38.59375804089235,-8.523560707999916],[-38.59396420018765,-8.524563299956274],[-38.594053400344066,-8.525087799862053],[-38.59407619995659,-8.525330599727297],[-38.594088300334775,-8.52557989989238],[-38.59407350019183,-8.525826600117439],[-38.59402790006748,-8.526306699594416],[-38.59399970002606,-8.52648709999961],[-38.59392329992031,-8.526827899887568],[-38.593614800082854,-8.52787700042316],[-38.593570600203016,-8.5280707000027],[-38.59354509992633,-8.528209899766994],[-38.59352099989411,-8.528412800310415],[-38.59345660034173,-8.529408900200588],[-38.59339219989005,-8.530355799980118],[-38.59339360013449,-8.530605199969962],[-38.59340299984854,-8.530893000111801],[-38.593411000217415,-8.53108919980664],[-38.59344049977916,-8.531342599980997],[-38.59350619975127,-8.531833299766909],[-38.593557899977036,-8.53214629981181],[-38.59360950037808,-8.532419500359559],[-38.59364030035951,-8.532542800110084],[-38.59365239983833,-8.532706000081847],[-38.59364169970462,-8.532965899656515],[-38.59364839965387,-8.533091900071097],[-38.59367389993046,-8.53322320019046],[-38.59371139986115,-8.533392699913124],[-38.59375969975032,-8.533610500424253],[-38.59378250026215,-8.533801500238997],[-38.59379719968095,-8.53407999959227],[-38.59381199982386,-8.534204599762399],[-38.5938468998145,-8.53435849984489],[-38.59390990002178,-8.53463099982075],[-38.593943399768,-8.534851799570824],[-38.59396890004465,-8.535123099851154],[-38.59400509955562,-8.535725800305348],[-38.594041999638506,-8.53612110000867],[-38.594058799873665,-8.536292199625235],[-38.59407619995659,-8.536607799610247],[-38.594096299804285,-8.537213900401087],[-38.59410840018246,-8.537415499625585],[-38.59411240036695,-8.537972500130696],[-38.59409090027476,-8.538668800224864],[-38.594058799873665,-8.539429999894546],[-38.59402120011819,-8.540040099970593],[-38.593981000422744,-8.540485699655276],[-38.59388579998956,-8.541143499772687],[-38.5936819002994,-8.542634199808449],[-38.593483699612996,-8.543910999692844],[-38.593348219538335,-8.544899605591095],[-38.593332810845084,-8.545012043550152],[-38.593254099996685,-8.545586399792432],[-38.59303680040792,-8.546886100013463],[-38.59294029955512,-8.547604900245883],[-38.5927901001829,-8.548763999558895],[-38.59257429976406,-8.550220400351119],[-38.59251650033612,-8.550610099976115],[-38.59218000010681,-8.552960399902451],[-38.59174391834491,-8.555715150891256],[-38.59162329997524,-8.556477099838238],[-38.59154279986026,-8.55680599989693],[-38.59143819971309,-8.557145500264571],[-38.59126892851735,-8.557529516272524],[-38.5909618610375,-8.558247996488713],[-38.58916500229666,-8.562440965405614],[-38.58868964284144,-8.563296475810922],[-38.58771040236361,-8.565110903601097],[-38.58728257885392,-8.565787786363504],[-38.58656003248191,-8.566558679153616],[-38.58546670573485,-8.567639806653961],[-38.5845920443372,-8.568363690305926],[-38.58379344045239,-8.568702128943233],[-38.58278567840729,-8.569068770460358],[-38.58235785489757,-8.56947301582591],[-38.58204411765712,-8.570084083585781],[-38.58175890198397,-8.571484835206157],[-38.58146417912172,-8.572725765215669],[-38.580808183073444,-8.573985493050905],[-38.5787070942813,-8.577886862463062],[-38.57722397278097,-8.580293470359422],[-38.57605458852104,-8.581759989567615],[-38.57541760685103,-8.582596655039739],[-38.57495175458491,-8.583508524296976],[-38.57458097420979,-8.584608404919447],[-38.57450491669692,-8.585717683002692],[-38.57463801734443,-8.589299312980271],[-38.574561959831556,-8.590060757514575],[-38.57407709318726,-8.590888004165077],[-38.573164403033175,-8.591950261422372],[-38.572831651414525,-8.59267409873382],[-38.57210910504251,-8.594779799418975]]}},{"type":"Feature","properties":{"fid":378,"CODIGO_SRE":"265EPE0030","UF":"PE","RODOVIA":"265","LOCAL_INIC":"Div. PB/PE (Pernambuquinho)","LOCAL_FIM":"Entr. BR-232 (Cruzeiro do Nordeste) (MP/82-2003)","KM_INICIAL":0,"KM_FINAL":47.68,"EXTENSAO":47.68,"SITUACAO":"PAV","DESC_SITUA":"PAVIMENTADA","TIPO_REVES":"TSD","DESC_REVES":"TRATAMENTO SUPERFICIAL DUPLO","IDENTIFICA":"Eixo Principal","OBSERVACAO":"27","EXTENSAO_1":47.67,"REGISTRO":"M27","STATUS_FED":"42.027.796,52","CONCT_ROD":"PE265","COD":"M27","Fase (Obra":"O","STATUS":"EM ANDAMENTO","ROD.":"PE265","DRO":"5","CUSTO OBRA":"42027796.519999996","CUSTO TOTA":"54.079.910,92"},"geometry":{"type":"MultiLineString","coordinates":[[[-37.2650679755438,-8.089052041896274],[-37.2648850005476,-8.089916020512648],[-37.26463513558508,-8.09106323276874],[-37.26438492028555,-8.092291816749858],[-37.2641721921522,-8.09324027237823],[-37.26390359563901,-8.094523026339116],[-37.263690825421904,-8.095480522486747],[-37.26342237941357,-8.096727109947109],[-37.26317226969206,-8.097928567287402],[-37.262903973983384,-8.099138988184478],[-37.26265370468279,-8.10037660982265],[-37.262394282947234,-8.101632274952038],[-37.262218102694156,-8.102517592335648],[-37.26204207648318,-8.103366744069083],[-37.26181052673778,-8.104468821052775],[-37.26166191000788,-8.105272881527037],[-37.261548418174506,-8.10634833676235],[-37.261507428956754,-8.107442184066045],[-37.26156608336004,-8.108572622370273],[-37.261651722583984,-8.109757424831558],[-37.261737167345785,-8.110987434009079],[-37.26183149038098,-8.112262688616301],[-37.26184178622611,-8.11240397991722],[-37.261900032277744,-8.113203297567809],[-37.26198547630429,-8.114433306808124],[-37.26204510043278,-8.115337711712977],[-37.2621138361495,-8.116233114016824],[-37.26217349884446,-8.117128477605114],[-37.26225913635535,-8.118313280222681],[-37.26231872095863,-8.119226726511013],[-37.26240412477783,-8.120465777192045],[-37.26247262648073,-8.12141542759834],[-37.26255020106029,-8.122365116766055],[-37.26263552644436,-8.12362225018088],[-37.26269507125326,-8.124544737868936],[-37.26275469367541,-8.125449142891213],[-37.262811583795525,-8.12623623879969],[-37.26284032949732,-8.126633945655938],[-37.26292588728569,-8.127836831116808],[-37.263020206765844,-8.129112086063026],[-37.263088512547995,-8.130106943279241],[-37.26319151566528,-8.131472650414715],[-37.26325966537654,-8.132503673011339],[-37.26335371144731,-8.133842217407812],[-37.263431128625946,-8.134828072139214],[-37.26353436430574,-8.136139531365643],[-37.26358463895732,-8.137107187088866],[-37.263651619523365,-8.138409449835171],[-37.26371988465955,-8.139413348505892],[-37.263813890088194,-8.14076093435761],[-37.26389122826124,-8.141764871868057],[-37.26395933699963,-8.142804935926721],[-37.2640366359015,-8.143817914806933],[-37.264130796146446,-8.145129335404519],[-37.26419022028721,-8.14607894733506],[-37.26422044718402,-8.146466246734542],[-37.26428480862814,-8.147290913289876],[-37.264353578769686,-8.148177274730214],[-37.26443025331152,-8.149334915060201],[-37.26418876566894,-8.149704103999968],[-37.26446024464505,-8.149704103999968],[-37.264525035955394,-8.1505016744127],[-37.26460159308934,-8.151686438783537],[-37.26469614145433,-8.152907446193803],[-37.264764754918325,-8.15382997305908],[-37.264824372464375,-8.154734378420697],[-37.264910002456205,-8.155919181706269],[-37.264995671215765,-8.157094943679567],[-37.265081261753544,-8.158288788342372],[-37.26511849737079,-8.158853664380592],[-37.26514087856467,-8.159193193755426],[-37.26521397800579,-8.160144604682538],[-37.265235386537945,-8.160423242655312],[-37.26532078136444,-8.161662294045508],[-37.265415171837425,-8.162919466997463],[-37.26551859703882,-8.164185720188794],[-37.26558564796385,-8.165469900549553],[-37.26565402539891,-8.166446675593203],[-37.265731398664265,-8.167441572205078],[-37.26579961965023,-8.168454512608834],[-37.26590249730437,-8.169847344580791],[-37.265970600733766,-8.170887409014139],[-37.26604793428879,-8.171891347032659],[-37.26614208843638,-8.173202768182085],[-37.26619709952172,-8.173965489905116],[-37.26621058175339,-8.174152419337643],[-37.26630496975052,-8.175409592538928],[-37.26639040042583,-8.176639602853319],[-37.26645009236465,-8.177525925814479],[-37.26650982322263,-8.178403207452986],[-37.26660432757731,-8.179633256742273],[-37.266672741753936,-8.180600990652449],[-37.26676685494938,-8.18192145330254],[-37.26683511243242,-8.18292535256913],[-37.266912483249484,-8.1839202494576],[-37.26698089673646,-8.184887983427672],[-37.26707539990442,-8.186118032850771],[-37.267152027496735,-8.187284715082987],[-37.26723780755928,-8.188433353622822],[-37.26732343101965,-8.189618157507164],[-37.267392117327226,-8.190522602243286],[-37.26746072530392,-8.191445129654587],[-37.26755503172998,-8.19272038586584],[-37.26764914233099,-8.194040848754305],[-37.26774317440335,-8.195379394327876],[-37.26781139045328,-8.196392335109088],[-37.26789626897031,-8.197748924399683],[-37.26794633500681,-8.198761787231541],[-37.267978251162006,-8.19977457207853],[-37.268008836150706,-8.201094762088635],[-37.26803187229012,-8.202062301247022],[-37.26806261265406,-8.203346325871259],[-37.26810242726136,-8.204630389468067],[-37.268134341167084,-8.205643174200974],[-37.268157062245365,-8.20668304387734],[-37.26819664021961,-8.208021355353525],[-37.268219634526695,-8.208997935687549],[-37.268250449723055,-8.210263877460338],[-37.26829037852823,-8.21152081691022],[-37.26832134923475,-8.21275059331317],[-37.26836139446307,-8.213980408731807],[-37.2684013215428,-8.215237348098944],[-37.26843209445257,-8.21651233102695],[-37.26846423910553,-8.217470867592832],[-37.26849501089695,-8.218745850458411],[-37.2685347788522,-8.220038955005723],[-37.26855780775663,-8.221006493757024],[-37.26859002927685,-8.221946947601912],[-37.26862111270405,-8.223149599767826],[-37.26865235251932,-8.224316086615984],[-37.26865926472709,-8.224511309079062],[-37.268684690629854,-8.225229416443687],[-37.26870965372807,-8.225983406393711],[-37.26872480869111,-8.22644114894878],[-37.26874810994679,-8.22734539832381],[-37.26877027244398,-8.228511845965588],[-37.26880296250379,-8.229343803849606],[-37.2688266553717,-8.230157639971246],[-37.2688670853824,-8.231297041816303],[-37.26889042421787,-8.232192249781274],[-37.268921463621005,-8.233403943010982],[-37.26896153875737,-8.234624716659818],[-37.26898483715418,-8.235528965880093],[-37.26910356463638,-8.239534856658828],[-37.269134246828735,-8.240827921548833],[-37.26916630430516,-8.241804540339897],[-37.269189246340545,-8.242790161264159],[-37.269228924026905,-8.244101347860004],[-37.269261098304206,-8.245050842649073],[-37.26929189569395,-8.246316783437711],[-37.26932406919985,-8.247266278189759],[-37.26934700912293,-8.248251898994761],[-37.2693789065512,-8.249264682910278],[-37.26942742093324,-8.250630156424748],[-37.26945939620337,-8.251624857674907],[-37.269482295107274,-8.2526195197016],[-37.269522164809594,-8.253885499496],[-37.26956238823682,-8.255070107455248],[-37.26959365319507,-8.256227552236833],[-37.26963379686637,-8.257430242772081],[-37.26966600594846,-8.258370696037625],[-37.26970579423113,-8.259654758327937],[-37.269736623884306,-8.260911657418028],[-37.26976887117488,-8.261843069317866],[-37.269801118163,-8.26277448120497],[-37.26983206452211,-8.264004256285318],[-37.26985531330641,-8.264917546263762],[-37.26990456891304,-8.266111234571873],[-37.26992789581471,-8.267006441897554],[-37.26996937512204,-8.267901727741892],[-37.26998370390468,-8.268778813151714],[-37.270015081155414,-8.269909133697622],[-37.27004771977199,-8.27075013238907],[-37.27007116340475,-8.271618215710275],[-37.270111379278156,-8.27280282332101],[-37.270134625016844,-8.273716113138544],[-37.27017452439586,-8.274973051154314],[-37.27019757210141,-8.275931547457592],[-37.270229656546626,-8.276899124348413],[-37.270269357139206,-8.278201268816161],[-37.27030140132774,-8.279177886974843],[-37.27031819182925,-8.279737376683647],[-37.270341021887155,-8.280498113997533],[-37.27037298631155,-8.281492814725713],[-37.27037312754163,-8.281497557859721],[-37.270412566260326,-8.282822082995423],[-37.270461182797284,-8.284160431868163],[-37.27050072196114,-8.285498741378024],[-37.270523528805825,-8.286511485282826],[-37.270572183092035,-8.287840792774158],[-37.27060410536353,-8.288844534677605],[-37.27063468386494,-8.290155680807509],[-37.27066668430009,-8.291141340063865],[-37.27069876342808,-8.292108916702608],[-37.2707386148347,-8.293374895606478],[-37.2707617348103,-8.29431530893498],[-37.2707938128225,-8.295282885519756],[-37.27082585096441,-8.296259503388676],[-37.27085780968235,-8.297254203839993],[-37.270889807589796,-8.298239862975654],[-37.27092949796295,-8.299542006934832],[-37.27096157416601,-8.300509583435208],[-37.270992304998785,-8.301784564043484],[-37.27099461691655,-8.301858016225815],[-37.271032151916394,-8.303050542724563],[-37.27105530796778,-8.303981914562693],[-37.27109527257957,-8.305220769301291],[-37.271135157479655,-8.30647770660608],[-37.27116588535792,-8.307752687046383],[-37.27117104464164,-8.307908330737908],[-37.27119795865345,-8.308720263402478],[-37.27123748558072,-8.310058572281534],[-37.271269280878805,-8.311089437662655],[-37.27130107578743,-8.312120303024335],[-37.27134056141703,-8.313467653110326],[-37.27137251387539,-8.314462353251132],[-37.271412077571426,-8.315791620689943],[-37.271444029190164,-8.31678632078958],[-37.271474553855114,-8.318106507407192],[-37.27150646498272,-8.319110248754205],[-37.27155502466397,-8.320457638134334],[-37.271594466480444,-8.321814029295798],[-37.27163382830796,-8.323188503002536],[-37.271673229077784,-8.324553935380209],[-37.27170505853264,-8.325575759191253],[-37.27175357547274,-8.32693218972035],[-37.27179305370136,-8.328279539423033],[-37.271824961127805,-8.329283280588285],[-37.271864517540926,-8.33061254765216],[-37.27190415266869,-8.331923732105075],[-37.271943747471276,-8.33324395781318],[-37.27198481036307,-8.33422965584696],[-37.272015286453936,-8.335558883250348],[-37.2720639177357,-8.336888189699604],[-37.27208682347829,-8.337873808588704],[-37.27211888625582,-8.338841384434216],[-37.272150988419874,-8.339799918978347],[-37.272181898589984,-8.341029692074946],[-37.2722143178042,-8.341915896298826],[-37.27224669702433,-8.342811141797027],[-37.27228656471037,-8.344068078245227],[-37.2723187445711,-8.34500853013625],[-37.27234188570218,-8.345939901147894],[-37.272365105983525,-8.34685318957134],[-37.27239752339558,-8.347739393713809],[-37.27243802491221,-8.34885166951849],[-37.272469606791816,-8.34992774057724],[-37.272493263096024,-8.350741574818167],[-37.27252591791551,-8.351573531214347],[-37.27255745895431,-8.352658643500641],[-37.272590391651974,-8.35342731090215],[-37.27261333093862,-8.354403888159915],[-37.27262830533774,-8.355127269901597],[-37.27266044170575,-8.356076762895906],[-37.272675455410976,-8.356791103327415],[-37.27268967307756,-8.357686269352728],[-37.272732359393906,-8.358301274563164],[-37.27276821063929,-8.358446800375265],[-37.2728572293715,-8.358808141096882],[-37.27304612637832,-8.359206789672383],[-37.2733661900565,-8.359783105224487]],[[-37.255040596934805,-8.063355291538006],[-37.25540918468182,-8.063873071685707],[-37.25622270484837,-8.064548965843963],[-37.25622763545474,-8.06455497757578],[-37.25943364996839,-8.068464454586309],[-37.26102224713181,-8.070351839768012],[-37.261391583425954,-8.071914204922356],[-37.26177616611844,-8.072253760843543],[-37.2625609676858,-8.073134127575425],[-37.26463353491061,-8.074950826549495],[-37.26594027512425,-8.076137242710766],[-37.26624646375367,-8.07643536896561],[-37.2662001162068,-8.07755785480923],[-37.26636055002291,-8.077614332001973],[-37.26651383308284,-8.077628233890175],[-37.266870624622186,-8.077660592820248],[-37.26729463135244,-8.077699047776168],[-37.267323152919815,-8.077917896777329],[-37.267287500960634,-8.078645039380676],[-37.26705576322619,-8.079848704597811],[-37.26661612315623,-8.08182215379008],[-37.26658102033137,-8.0819780081066],[-37.266514399683246,-8.082273799393823],[-37.266366427153145,-8.082933204135156],[-37.26635941527235,-8.082967387414678],[-37.26621818363184,-8.083655898308269],[-37.26608858576017,-8.084261131439256],[-37.26589412994148,-8.085182542928575],[-37.26575821858158,-8.085839201214228],[-37.265690330123064,-8.08616720517503],[-37.26551463443259,-8.08694403115565],[-37.26530137312075,-8.088019067888268],[-37.265245847815976,-8.088260499782058],[-37.26511648688738,-8.088822978870683],[-37.265104483187784,-8.088879658428962],[-37.265067975543786,-8.089052041896272]],[[-37.206986304168645,-7.952573451833031],[-37.20792986099995,-7.953258172999919],[-37.20816471199999,-7.953476175999955],[-37.208427161999936,-7.9536038869999075],[-37.208707945999926,-7.953686468999921],[-37.21035794899994,-7.9538201619999285],[-37.21065695099999,-7.953884739999967],[-37.21091456699997,-7.953985896099039],[-37.21098288499997,-7.9540127219999714],[-37.21125420999991,-7.954185675999911],[-37.21151638699992,-7.954376671999986],[-37.212111610999905,-7.955147743999915],[-37.212499148999896,-7.955709972999963],[-37.21270539179817,-7.9559663838242285],[-37.2131486339999,-7.956517442999889],[-37.21333775299996,-7.956825660999925],[-37.21349055599991,-7.957142763999994],[-37.21349554287448,-7.957171913351514],[-37.21355247299992,-7.957504681999932],[-37.21355098499996,-7.957848243999907],[-37.21346795299992,-7.95817337299996],[-37.213339771999976,-7.958453100999993],[-37.21312062499992,-7.95879572599992],[-37.21147013899998,-7.96085906699995],[-37.21127858899995,-7.961111396999957],[-37.21113207099991,-7.961436250999953],[-37.210678380999994,-7.963577074999907],[-37.210631621999894,-7.963902358999942],[-37.21063912099989,-7.964264041999979],[-37.210679283999966,-7.9675461959999305],[-37.21065933899993,-7.967962007999968],[-37.21030979499992,-7.969090656999982],[-37.21027182899995,-7.969479267999887],[-37.21029557899992,-7.970275001999939],[-37.21049955124312,-7.972373629999927],[-37.21050392999995,-7.972418681999961],[-37.21054758699994,-7.972807644999892],[-37.21070027299991,-7.973151871999947],[-37.212139005999965,-7.976006084999913],[-37.212912933,-7.977401782999934],[-37.21310209699991,-7.97770096099993],[-37.21333652999989,-7.978018417999946],[-37.21358239306162,-7.9783177385286255],[-37.21436503899998,-7.979270551999909],[-37.21457560595999,-7.979495947999945],[-37.21464489999989,-7.979570121999925],[-37.21742187935933,-7.981911030723267],[-37.21771738599993,-7.982160132999948],[-37.21804259999991,-7.982459895999953],[-37.21834048699998,-7.982786666000006],[-37.21862007999993,-7.98314952199997],[-37.21907031199991,-7.983901887999957],[-37.22073330485755,-7.987020799142986],[-37.221687527439805,-7.988810414501223],[-37.22226419599995,-7.989891934999899],[-37.22288457599996,-7.991151345999995],[-37.22323431099995,-7.992075063999946],[-37.22337739499991,-7.992545827999906],[-37.22434904099996,-7.996473937999972],[-37.224625829999965,-7.997487755999933],[-37.2248407339999,-7.9981306129999155],[-37.225119244999924,-7.998746620999957],[-37.22546112999999,-7.99939002399996],[-37.22585994329741,-7.99999999999996],[-37.22591166099993,-8.000079100999907],[-37.226347591334545,-8.00066620266021],[-37.22857190899996,-8.003661852999876],[-37.228806170999945,-8.00402451199991],[-37.22904938599993,-8.00441433299995],[-37.22923810299991,-8.004822002999905],[-37.22951568699994,-8.005654997999933],[-37.23250453599993,-8.015079862999944],[-37.23282720799996,-8.015976340999966],[-37.233015931999915,-8.016384010999936],[-37.23580692712387,-8.02091606997684],[-37.23702432699994,-8.02289288599995],[-37.237951979999906,-8.024433890999934],[-37.23902438199998,-8.026065927999966],[-37.2395833789999,-8.02685491999993],[-37.240503495999924,-8.028043275999954],[-37.24338277099994,-8.031382812999956],[-37.24397822099996,-8.03213579199995],[-37.24428495999992,-8.032525881999918],[-37.244798503999945,-8.033341799999972],[-37.245266540999936,-8.03419368999995],[-37.24548230099999,-8.034646680999932],[-37.24585024799995,-8.035570473999933],[-37.2462079219999,-8.036774507999924],[-37.24640325099991,-8.037760854999922],[-37.24713774099993,-8.042049616999943],[-37.24724457499993,-8.04252022599996],[-37.24741498499995,-8.042973023999927],[-37.247801276999915,-8.04385168899993],[-37.247908110999916,-8.044322297999958],[-37.24833366499993,-8.046620632999987],[-37.248422512999966,-8.047054999999903],[-37.24854768499993,-8.047480480999946],[-37.24874550499992,-8.047888187999918],[-37.24969072699996,-8.04958296599996],[-37.24990649799998,-8.050035956999993],[-37.25183863799999,-8.054284621999935],[-37.25198195699995,-8.054710179999962],[-37.25205266699989,-8.055144469999908],[-37.25189759099991,-8.057458413999909],[-37.251920846999965,-8.058380738999974],[-37.25198240699991,-8.058833072999976],[-37.252089519,-8.059240393999982],[-37.252287461999984,-8.059620977999936],[-37.25286509099995,-8.060310588999911],[-37.253163170999976,-8.060610226999904],[-37.25350680399998,-8.060864850999923],[-37.253885650584806,-8.061051355101618],[-37.25402972575419,-8.061203963212213],[-37.254248391103594,-8.061505187004826],[-37.25477604009889,-8.062954823369715],[-37.25504059693482,-8.063355291538004]]]}},{"type":"Feature","properties":{"fid":1,"CODIGO_SRE":null,"UF":null,"RODOVIA":"AEROPORTO","LOCAL_INIC":"SERRA TALHADA","LOCAL_FIM":"SERRA TALHADA","KM_INICIAL":null,"KM_FINAL":null,"EXTENSAO":null,"SITUACAO":null,"DESC_SITUA":null,"TIPO_REVES":null,"DESC_REVES":null,"IDENTIFICA":null,"OBSERVACAO":"109","EXTENSAO_1":1.78,"REGISTRO":"M109","STATUS_FED":"14.258.174,78","CONCT_ROD":"Aerop Serra Tal","COD":"M109","Fase (Obra":"O","STATUS":"EM ANDAMENTO","ROD.":"-","DRO":"5","CUSTO OBRA":"14258174.779999999","CUSTO TOTA":"15.131.205,95"},"geometry":{"type":"LineString","coordinates":[[-38.336442410652154,-8.058839608705558],[-38.3211346235203,-8.063942204416174]]}},{"type":"Feature","properties":{"fid":56,"CODIGO_SRE":"017EPE0010","UF":"PE","RODOVIA":"017","LOCAL_INIC":"Entr. PE-007(Jaboatão)","LOCAL_FIM":"Entr. BR-101 (Muribeca dos Guararapes)","KM_INICIAL":0,"KM_FINAL":12.01,"EXTENSAO":12.01,"SITUACAO":"PAV","DESC_SITUA":"PAVIMENTADA","TIPO_REVES":"CBUQ","DESC_REVES":"CONCRETO BETUMINOSO USINADO QUENTE","IDENTIFICA":"Eixo Principal","OBSERVACAO":null,"EXTENSAO_1":12.01,"REGISTRO":"M3","STATUS_FED":"36.121.782,17","CONCT_ROD":"PE017","COD":"M3","Fase (Obra":"O","STATUS":"EM ANDAMENTO","ROD.":"PE017","DRO":"1","CUSTO OBRA":"36121782.170000002","CUSTO TOTA":"45.928.366,78"},"geometry":{"type":"LineString","coordinates":[[-35.00714196991583,-8.110695802718878],[-35.00723180829229,-8.112749609305075],[-35.00729607021399,-8.11424731533812],[-35.00730046043455,-8.114530298489292],[-35.007276065914276,-8.114816580531844],[-35.00716136948727,-8.115148535603021],[-35.00693847340166,-8.115518824701454],[-35.00633889599621,-8.11618267954651],[-35.00585960812267,-8.116675801731677],[-35.00570968139926,-8.116935779183843],[-35.00556637482126,-8.117253125727235],[-35.00538656420997,-8.11762741757896],[-35.00530762410047,-8.117977629915364],[-35.00527881799031,-8.118346242432253],[-35.00530761688927,-8.11870467654373],[-35.00537801580171,-8.119217524514841],[-35.00560966165185,-8.120505564004329],[-35.00592137442823,-8.122055841568656],[-35.006243477982224,-8.123645618785776],[-35.006686740673175,-8.125884842595951],[-35.00720044719172,-8.128450679053895],[-35.007232897106725,-8.128803180803192],[-35.00721179491205,-8.129119340671263],[-35.00718523502523,-8.12938172407087],[-35.007018843753194,-8.129851653802907],[-35.00685505371891,-8.130058964339234],[-35.00651626260008,-8.130395875174699],[-35.00633521281328,-8.130531385165117],[-35.006064377293974,-8.130660042310216],[-35.00576377087481,-8.130770498649621],[-35.00540303124548,-8.130904239576301],[-35.004957548906475,-8.131126683608947],[-35.00460671715221,-8.131469442298577],[-35.004388308223525,-8.13174784330013],[-35.00425387253745,-8.132015132536795],[-35.00416023964777,-8.132396237746336],[-35.004236340913536,-8.133178949047998],[-35.004486045183086,-8.135181082181056],[-35.00455668816874,-8.1359100175592],[-35.004554201336425,-8.136160698487773],[-35.00450320448142,-8.136470593306354],[-35.00436165085805,-8.136851226044707],[-35.00420301596926,-8.1371421526939],[-35.003911895810695,-8.137503403787175],[-35.003543263883685,-8.137828075522732],[-35.00328280221439,-8.138117997781556],[-35.00315524024084,-8.138295815502287],[-35.002947915366455,-8.138663860172493],[-35.00237806749942,-8.139947581255104],[-35.001630716096436,-8.141611574888845],[-35.00091994710479,-8.14321026447714],[-35.000227732801676,-8.144749441778286],[-35.00009850481546,-8.145094376450563],[-35.00000563086789,-8.145397885887114],[-34.9999363005455,-8.145743411686647],[-34.999709566794415,-8.146857402404038],[-34.999534964577,-8.147548098350962],[-34.999263098310166,-8.148381092474722],[-34.998702637872086,-8.149921561416152],[-34.99826013788645,-8.1510453543289],[-34.99782249487222,-8.152282606978769],[-34.99772919910827,-8.152627893945834],[-34.997684595096366,-8.152896063614559],[-34.99765784183347,-8.153176348003257],[-34.99771304532531,-8.153648454793835],[-34.99801459520615,-8.154648280837632],[-34.9980893139767,-8.154965383503],[-34.99812204358984,-8.155288040105077],[-34.99807079473821,-8.155621804480198],[-34.99800104067348,-8.156009107935654],[-34.99790270397735,-8.156258838684307],[-34.99770828965293,-8.156531495507382],[-34.997514112890435,-8.156780277962934],[-34.996963969597466,-8.157282210603105],[-34.99547230666085,-8.158485147256089],[-34.99427023922661,-8.159482023767547],[-34.9924817156291,-8.161016269962637],[-34.991868078815855,-8.161516366761328],[-34.99142294146497,-8.161819958896325],[-34.99118815116767,-8.161935819018353],[-34.990917921421854,-8.162001187314809],[-34.99059036645561,-8.16204807974489],[-34.9902307516795,-8.162066002399834],[-34.98970652853427,-8.162010663350316],[-34.989315713020275,-8.161913669676215],[-34.988964932698764,-8.161766932711403],[-34.988332088348194,-8.161431162719104],[-34.98680526069172,-8.160635261304254],[-34.98633293260649,-8.160422851145455],[-34.98595329655624,-8.160286570582484],[-34.98555181071939,-8.160178724290484],[-34.98527550523922,-8.160133004512291],[-34.984730082654366,-8.16004163584019],[-34.98387536567328,-8.159968683895544],[-34.98272285367782,-8.159842632714575],[-34.981200705673686,-8.159659184855283],[-34.979963127710434,-8.159414095142068],[-34.97604246923465,-8.158626599689986],[-34.97318739696635,-8.158032331350945],[-34.971906965271835,-8.157761725373767],[-34.970676671818396,-8.157509522301924],[-34.969773531318545,-8.157249831256124],[-34.96806073272026,-8.156727794977304],[-34.966383700466025,-8.15622401677058],[-34.96450944649007,-8.155675290714909],[-34.962377238493026,-8.15504519552941],[-34.960238034653806,-8.154397115791193],[-34.95886564419328,-8.153982307553076],[-34.9582023421853,-8.153821687801415],[-34.957825643214214,-8.153753462283325],[-34.95726217605123,-8.15367262707565],[-34.95676997252753,-8.153653385215238],[-34.95636746958896,-8.153649364149421],[-34.95563387125118,-8.15368859122124],[-34.95507244997325,-8.153761769300521],[-34.95430916496037,-8.153893810673194],[-34.95336507394261,-8.154135062499755],[-34.95198171396069,-8.154454287530193],[-34.95023807578745,-8.15485943337042],[-34.94879351363693,-8.155188776327682],[-34.94788974804515,-8.155351628138819],[-34.94758025195331,-8.155391503967499],[-34.9473140615297,-8.15541390694037],[-34.94709110452903,-8.155425998960654],[-34.946807378979926,-8.155405250836907],[-34.94643765654109,-8.155358572273915],[-34.94616500158139,-8.155309284582042],[-34.945287028200035,-8.155053381735703],[-34.944340992763124,-8.154775307912239],[-34.94404336374793,-8.154707862571366],[-34.943397649556395,-8.15458679058439],[-34.942564592665576,-8.154510395652032],[-34.94220939293735,-8.154449534469844]]}},{"type":"Feature","properties":{"fid":299,"CODIGO_SRE":"145EPE0010","UF":"PE","RODOVIA":"145","LOCAL_INIC":"Entr. BR-104 (Cachoeira Seca)","LOCAL_FIM":"Brejo da Madre de Deus","KM_INICIAL":0,"KM_FINAL":43.45,"EXTENSAO":43.45,"SITUACAO":"PAV","DESC_SITUA":"PAVIMENTADA","TIPO_REVES":"TSD","DESC_REVES":"TRATAMENTO SUPERFICIAL DUPLO","IDENTIFICA":"Eixo Principal","OBSERVACAO":"2","EXTENSAO_1":43.45,"REGISTRO":"M2","STATUS_FED":"39.325.785,72","CONCT_ROD":"PE145","COD":"M2","Fase (Obra":"-","STATUS":"FINALIZADA","ROD.":"PE145","DRO":"3","CUSTO OBRA":"39325785.719999999","CUSTO TOTA":"56.377.639,29"},"geometry":{"type":"LineString","coordinates":[[-36.02167369482554,-8.107080464079056],[-36.021998800304324,-8.107519600249256],[-36.022188499699396,-8.107802699634808],[-36.02230399962985,-8.108001199795423],[-36.022818099775414,-8.10883010042872],[-36.02307829972369,-8.109276200136458],[-36.023357999671894,-8.109626700112031],[-36.023437700289605,-8.10966520008885],[-36.023661400353305,-8.109778600102265],[-36.025628199681606,-8.11035039985103],[-36.02598310003997,-8.110463200016639],[-36.02601530026582,-8.1104730997537],[-36.02645339960464,-8.110597400449631],[-36.02672428936754,-8.110671106684594],[-36.02693890040986,-8.110729500066283],[-36.02699579961639,-8.11074470040755],[-36.027196399694006,-8.110805099775458],[-36.02824369978686,-8.111112800115524],[-36.02851779965667,-8.11119340005531],[-36.03114590016307,-8.111961299674174],[-36.031557400253824,-8.112072300296349],[-36.031920200256984,-8.112167900028476],[-36.03234970027837,-8.112285200401642],[-36.03335379963809,-8.112595399957662],[-36.03384469997284,-8.112784000381266],[-36.03420409963942,-8.112960500426697],[-36.03447229995664,-8.113107900209375],[-36.03466930004807,-8.113237499710767],[-36.034847800185794,-8.11335489990862],[-36.035408399777765,-8.113798299851586],[-36.03583219989603,-8.114162099900941],[-36.03683260034422,-8.11499320027593],[-36.03731810025007,-8.115396799822399],[-36.038058399675364,-8.116023499584829],[-36.039595299683285,-8.117292700197913],[-36.040953800277634,-8.118406599584834],[-36.04225200042937,-8.119508600041682],[-36.043691000239406,-8.120691599737478],[-36.04572680005172,-8.122402899873888],[-36.0461111999718,-8.122710000366153],[-36.04628729981897,-8.122850700199558],[-36.04644710035334,-8.122978400332803],[-36.04651269960132,-8.123030900055907],[-36.0477197004038,-8.124042499761492],[-36.04839300033664,-8.124606800063669],[-36.04988430022024,-8.12584280040479],[-36.05095709969039,-8.126745600129317],[-36.051092599643674,-8.126869100428598],[-36.05122799977231,-8.126997900432636],[-36.05135679977641,-8.127167800353657],[-36.05174710014854,-8.127692200434598],[-36.05282260028275,-8.129188499649466],[-36.053740399799565,-8.130465799556891],[-36.054194599700956,-8.131086999965015],[-36.05429919984813,-8.131222400093627],[-36.05448690005033,-8.131428200051317],[-36.05467439970373,-8.13160749968628],[-36.054843699776896,-8.131769400137646],[-36.05544829959924,-8.132324500375313],[-36.05608020014108,-8.13289389983354],[-36.05661969983926,-8.133385599665639],[-36.05709940001724,-8.133817900175949],[-36.057749799613504,-8.134421900150564],[-36.05835150002165,-8.134982999765516],[-36.05874469980802,-8.135167299631101],[-36.05885830037023,-8.135220499926094],[-36.05905230032335,-8.13527129993046],[-36.05919240030892,-8.135308000363842],[-36.05950190019249,-8.135332300045556],[-36.05981290014514,-8.135307199967219],[-36.0599833000892,-8.135293399870495],[-36.060437400165775,-8.135202599820095],[-36.06134939995476,-8.135008699691683],[-36.061640399884496,-8.134951699761087],[-36.061868399606865,-8.134880000411664],[-36.06207890032093,-8.134780399595728],[-36.062231800357274,-8.13468219992354],[-36.0623780004443,-8.13457199969799],[-36.062461099599965,-8.134498900104026],[-36.06260330040193,-8.134383400173732],[-36.06275890020305,-8.134222800142082],[-36.06287960001348,-8.134099299842775],[-36.06369919985813,-8.133237900408737],[-36.06529619975976,-8.13159940039194],[-36.06570119955069,-8.131171899563459],[-36.06637720014758,-8.130423199570934],[-36.0669431003437,-8.129621300182805],[-36.067230100088956,-8.12912469994491],[-36.067353499664264,-8.128845900218094],[-36.067495999940384,-8.128367000436636],[-36.067543899631225,-8.128142300326813],[-36.06757750010147,-8.127760899645757],[-36.06764589983835,-8.12537819984403],[-36.067672699635324,-8.124857700122739],[-36.06765929973689,-8.124061100439377],[-36.06764320007358,-8.123654900053541],[-36.06758949975557,-8.12309860012029],[-36.06761230026739,-8.122940600028638],[-36.06766859962609,-8.122785299701745],[-36.067839100294194,-8.12251910037612],[-36.06811199956902,-8.122176699694863],[-36.06828150019103,-8.122036499884523],[-36.06838350039818,-8.12195020004164],[-36.068557799802605,-8.121845300420192],[-36.06874149982032,-8.121774899691793],[-36.068934700276095,-8.121727099825742],[-36.06916930012307,-8.121715199996437],[-36.06932630016859,-8.121735100194629],[-36.069576999678766,-8.121793500369641],[-36.07008129991202,-8.121947500276843],[-36.07053590001175,-8.122093599639843],[-36.07072770022309,-8.122182500322046],[-36.071485399731344,-8.122641900103579],[-36.07202719989529,-8.122985700129904],[-36.07220290044345,-8.123087999811279],[-36.072349099631175,-8.123146399986265],[-36.072463100391666,-8.123174299654162],[-36.0726039000499,-8.123192900331997],[-36.07273940000324,-8.123198200036867],[-36.07303440011738,-8.123216699990696],[-36.073201999572554,-8.12324199971843],[-36.0733548996089,-8.123284499879713],[-36.07354130029074,-8.123356899800983],[-36.07461960001451,-8.123981499646433],[-36.07513730014623,-8.124265599977429],[-36.075389399900786,-8.124374499783276],[-36.07565760021804,-8.124464699985896],[-36.07597139976024,-8.124555000013167],[-36.07693449992718,-8.124731400233923],[-36.07785569978064,-8.12485109999819],[-36.078711300386146,-8.124932100136279],[-36.08032730026461,-8.125113999711278],[-36.08062910015277,-8.125139199614303],[-36.08105689955622,-8.125206899678647],[-36.0812794997491,-8.125253400024315],[-36.08153299974806,-8.125335699682749],[-36.08173280032841,-8.125418000240414],[-36.082381900404314,-8.125776399860905],[-36.08328849976443,-8.126365900066155],[-36.08441739984307,-8.1271002001141],[-36.08480389968021,-8.127356300053153],[-36.08521699966474,-8.12760729993686],[-36.0858500000774,-8.127945800258454],[-36.08618130042662,-8.128107799635147],[-36.08659569993149,-8.128261800441695],[-36.08691890008711,-8.12837330018759],[-36.08777310044821,-8.128626900011396],[-36.08832299990651,-8.128796799932301],[-36.08869180018634,-8.128909699922636],[-36.08896540003315,-8.12902250008822],[-36.08918529956187,-8.129146000387541],[-36.089428100326515,-8.129310599704345],[-36.08957640033051,-8.129436899593188],[-36.089677500316306,-8.129522999786571],[-36.09224840034333,-8.131765399953183],[-36.094886399687525,-8.13404489985215],[-36.096381699755526,-8.13534600031762],[-36.09826189976681,-8.136977599836325],[-36.09939670029747,-8.137967399975492],[-36.09947959980363,-8.13803970007204],[-36.10069870008486,-8.139097800123333],[-36.10136520024373,-8.139681899899653],[-36.102326800341544,-8.140507699670502],[-36.102934299578216,-8.141039100074309],[-36.10298530013146,-8.141083799977322],[-36.10365579957541,-8.141653399984317],[-36.103788599764,-8.14177419961957],[-36.103948199749595,-8.14189500015403],[-36.10413060024692,-8.142019799973733],[-36.10491649979653,-8.142411399866134],[-36.10589680039693,-8.142922599698144],[-36.106073900290205,-8.143019499849936],[-36.106309900381554,-8.143125699890986],[-36.10648829979515,-8.143184100066074],[-36.10758129983705,-8.143419100111302],[-36.108166000360605,-8.143542499686578],[-36.10832420010172,-8.143582399907723],[-36.10847309995355,-8.143630199773812],[-36.10860590014214,-8.143687199704447],[-36.1087440000355,-8.143757600432846],[-36.108915700399216,-8.143867799759114],[-36.10929250014869,-8.144181100177608],[-36.10956069956658,-8.144398799964604],[-36.109803500331225,-8.144584699724088],[-36.10998449968485,-8.144704199838872],[-36.110136700048564,-8.144794400041455],[-36.111712900429914,-8.145567399715642],[-36.11233610003093,-8.145860499562312],[-36.11312940010165,-8.146244799657714],[-36.11397870005687,-8.146654400380235],[-36.114820499666266,-8.147059300346344],[-36.11524029960004,-8.147262399640006],[-36.11576269958881,-8.147512600026397],[-36.116230400112826,-8.147735300044015],[-36.11662159980692,-8.147922900421447],[-36.116922399648914,-8.148070900051943],[-36.11709839967137,-8.1481571998948],[-36.11793989980648,-8.148558800248345],[-36.118450899988986,-8.148808300062951],[-36.11875999967415,-8.14896570030675],[-36.11891489980273,-8.149050599905205],[-36.11905139980219,-8.149133299761868],[-36.11919320040583,-8.149235799992137],[-36.1192837000826,-8.14931079985347],[-36.11951240037692,-8.149498699705212],[-36.12004949978452,-8.149959300081624],[-36.12047144430595,-8.150329598270838],[-36.12053970044674,-8.15038949977552],[-36.12084549962007,-8.150656899696111],[-36.12112640016318,-8.150902599874998],[-36.121383199774804,-8.151124899694272],[-36.121595800405785,-8.151308800260898],[-36.12218319979477,-8.151822600032931],[-36.12276390013384,-8.152323699579046],[-36.12332380005325,-8.15280699974317],[-36.123794499816256,-8.15320850027198],[-36.124322900081694,-8.15367979988283],[-36.124685700084925,-8.15399780015829],[-36.124863700199526,-8.154150899844133],[-36.125054500364826,-8.154315000037139],[-36.12553130022924,-8.154724599860327],[-36.12607439991357,-8.155181899724829],[-36.12643719991674,-8.155485900254028],[-36.12653510011468,-8.155560300267583],[-36.126635000404875,-8.15562929985227],[-36.12687770044544,-8.155791300128335],[-36.12720699980314,-8.15599900035347],[-36.12767909981055,-8.156293700094103],[-36.128342900204615,-8.15670789994957],[-36.12896449991169,-8.157100900086412],[-36.12918180039975,-8.157230999610873],[-36.12976180016686,-8.15759810017211],[-36.13029419971751,-8.157938599686604],[-36.13089170029167,-8.158311599800491],[-36.13098289964107,-8.158367300210642],[-36.13116120012922,-8.15847620001659],[-36.131292000225564,-8.158545199601203],[-36.13144419969002,-8.158611000297311],[-36.13160310000303,-8.158668699900511],[-36.13237359956186,-8.158917000019484],[-36.13307699980364,-8.159147900055462],[-36.133632900438,-8.159335799907142],[-36.13413450000709,-8.15950509998032],[-36.13441539965096,-8.159604000224395],[-36.13462059976077,-8.159680299606135],[-36.134921699976424,-8.159801799813199],[-36.135140299984805,-8.159899299812732],[-36.135397800168256,-8.16002349978463],[-36.13560429979852,-8.160118399844256],[-36.136170299819426,-8.160403100023004],[-36.136759399826374,-8.160693699754388],[-36.13696280039288,-8.16079410006764],[-36.13768020038089,-8.161144799692648],[-36.137964700010826,-8.161283899632231],[-36.13854130034072,-8.161562100410512],[-36.1390676996146,-8.161812999570161],[-36.13954820018926,-8.162049300035106],[-36.14009699977664,-8.162317399628238],[-36.140209000444976,-8.16237379971103],[-36.140548999936314,-8.162545099876365],[-36.14116629998472,-8.162848200184241],[-36.14124499965693,-8.162886899810497],[-36.14159439976166,-8.163044899902173],[-36.14188069983435,-8.16316239992475],[-36.14199530044268,-8.16321079963867],[-36.14207569983365,-8.163233699975201],[-36.142107300211684,-8.16324270039021],[-36.14223410012354,-8.163269900385554],[-36.14289860019019,-8.163353499564307],[-36.14342760030346,-8.163413299983732],[-36.14387150026948,-8.163464400361782],[-36.14424770017116,-8.163500199674457],[-36.14436859963113,-8.163510600333856],[-36.144462999667645,-8.163518800352344],[-36.14462259965321,-8.163522799637486],[-36.14476199996626,-8.163512800075624],[-36.14485990016418,-8.163498900154101],[-36.14493969970731,-8.163482299568422],[-36.145056400232626,-8.16344379959164],[-36.14520060022747,-8.163385400315885],[-36.14537090034675,-8.163313000394627],[-36.145557300129255,-8.163223499864571],[-36.14587249991587,-8.163074099989673],[-36.14619699959181,-8.16290279982429],[-36.14661009957637,-8.162698400111013],[-36.14706609992051,-8.162481999844388],[-36.147356400177664,-8.162345999867947],[-36.14754620029682,-8.162276899559187],[-36.1476642003425,-8.16224310033873],[-36.147805699673214,-8.162213199679382],[-36.14790889957601,-8.162199299757807],[-36.14800209991691,-8.16219729966559],[-36.14812279972738,-8.162203200117533],[-36.14829650018328,-8.162231099785405],[-36.148710899688226,-8.16228749986816],[-36.14910720033692,-8.162352599992456],[-36.14938280027595,-8.162397100245906],[-36.14974889989178,-8.162445499959787],[-36.150047300342536,-8.162483999936631],[-36.15044899962156,-8.162544400203837],[-36.15063810006818,-8.162566299595015],[-36.15075279960201,-8.16257560038358],[-36.15088549996575,-8.16257489981173],[-36.15101019996067,-8.162565699747173],[-36.15119199971099,-8.16254180026384],[-36.15145209983446,-8.16248270041625],[-36.15171370002717,-8.162424300241213],[-36.15177019993473,-8.162415399650941],[-36.151969799966245,-8.162383800172137],[-36.15218970039429,-8.162359899789546],[-36.152730899811154,-8.162324700324596],[-36.153149199675774,-8.162301600338541],[-36.15327339964758,-8.162294799665249],[-36.15347589999276,-8.162290199632931],[-36.153601900407345,-8.162293500144841],[-36.153713900176285,-8.162313799642055],[-36.15377629963649,-8.162336699978663],[-36.15382389985305,-8.162359899789546],[-36.15400630035044,-8.162460800125725],[-36.15434150016002,-8.16266259989899],[-36.15455140012698,-8.162797300355075],[-36.1545769004036,-8.162812999820023],[-36.155000699622526,-8.163074099989673],[-36.15541240026201,-8.16333100032531],[-36.15553000010939,-8.163405000140623],[-36.15578660007151,-8.163566600218381],[-36.15594009995562,-8.163656900245677],[-36.156113800411475,-8.163739199904098],[-36.15617819996386,-8.163763299936301],[-36.156213099954535,-8.163776400360522],[-36.15629620000957,-8.163800200019157],[-36.15648459988432,-8.163839399668479],[-36.15662080040949,-8.163859299866747],[-36.1570116997301,-8.163920399806555],[-36.157246400301055,-8.163949599894092],[-36.1573831997748,-8.163961499723346],[-36.15760110011063,-8.163968199672581],[-36.15783779987449,-8.16395949963114],[-36.15812150000715,-8.163935000299992],[-36.15917890038585,-8.163778299728644],[-36.159560999840174,-8.163664600241045],[-36.15970929984426,-8.163620400361113],[-36.16028330023404,-8.16344379959164],[-36.160833800439505,-8.163273199998104],[-36.16103799960395,-8.163213899601695],[-36.161256999810604,-8.163150400270684],[-36.16180409967935,-8.162977900409691],[-36.162375400304434,-8.162798599875394],[-36.16306069989133,-8.162604199723992],[-36.163481200396994,-8.162483300264066],[-36.163624699819955,-8.162443499867607],[-36.16378090036824,-8.162406400135227],[-36.16391769984191,-8.16238440001998],[-36.16404310040869,-8.162378499568046],[-36.164195299873114,-8.162383099600312],[-36.16432879973426,-8.162398399766289],[-36.16445880033329,-8.16241629987225],[-36.165215200321164,-8.162523199585953],[-36.16611110044684,-8.162650000397171],[-36.166814499789254,-8.162746199977102],[-36.16767409967991,-8.162868300031919],[-36.16825949987595,-8.16295790038675],[-36.16838829988005,-8.162982500442022],[-36.16850629992576,-8.163017699906906],[-36.1686155999299,-8.163056799731478],[-36.168797299855434,-8.163127900132418],[-36.16910710011251,-8.16325129970763],[-36.17003180012745,-8.16363559980307],[-36.170507199747426,-8.163833400291093],[-36.17113419988339,-8.164100300188604],[-36.17174370011161,-8.16435909989253],[-36.17219430002689,-8.164550999928649],[-36.1725417000394,-8.164697000366195],[-36.1726562997484,-8.164758700153858],[-36.172740800047805,-8.164808500112128],[-36.17288840037937,-8.164909400448435],[-36.17498640000231,-8.166591200123726],[-36.178366599938606,-8.169300700067215],[-36.17870749965134,-8.16947739976213],[-36.17902020022195,-8.169612000393428],[-36.179402400400384,-8.16966619983522],[-36.18334550039445,-8.170026899921398],[-36.18482440042562,-8.170173299658018],[-36.188709799917255,-8.170519199601324],[-36.18896539983331,-8.170542000113144],[-36.18929279982275,-8.170575099661063],[-36.19125979969994,-8.170769700361372],[-36.19170299999338,-8.170807200292032],[-36.19217419977944,-8.17084709961392],[-36.19236330022608,-8.170877299747541],[-36.19268200017406,-8.17090160032854],[-36.19340600028665,-8.170979899802447],[-36.1939345003768,-8.17103839980227],[-36.19448709959993,-8.171017600281964],[-36.19503370034492,-8.170862200130397],[-36.19526310031174,-8.170786100398194],[-36.19580419990389,-8.170550899804109],[-36.19630850013714,-8.170232900427907],[-36.196986999950035,-8.169738999954836],[-36.197613500062914,-8.169379700113048],[-36.19782299983153,-8.169292000025724],[-36.198214400074455,-8.169101400409222],[-36.198566599768704,-8.168957400063931],[-36.199737900183905,-8.16847850028251],[-36.200699799755895,-8.1680851997721],[-36.20100039994846,-8.167962300219944],[-36.20322480018429,-8.167075299785179],[-36.20373270040376,-8.16687280033941],[-36.20405279969691,-8.1667422997173],[-36.204200800226715,-8.166681900349326],[-36.20510920002954,-8.1663114003508],[-36.20566900012421,-8.166083100254768],[-36.20607569963379,-8.16591719961898],[-36.206381700255186,-8.16579239979934],[-36.213667000231844,-8.162862699953607],[-36.21654530022537,-8.16184860013275],[-36.223108899655884,-8.160363000152309],[-36.22355729982948,-8.160262500014296],[-36.223590799575646,-8.160254999668387],[-36.22407130015034,-8.160140499784177],[-36.224418299964526,-8.160057899752225],[-36.22454869986256,-8.160026900121277],[-36.22459839999612,-8.160015000291946],[-36.22491910003637,-8.159938700010974],[-36.2275254999018,-8.159318100349989],[-36.2281485996781,-8.15918859977405],[-36.22903860025115,-8.159003799885358],[-36.23698800009606,-8.157147299708088],[-36.23928089989357,-8.15585950021572],[-36.24264710008352,-8.153976100416598],[-36.245885399591465,-8.151589000232143],[-36.246039199849136,-8.151475600218689],[-36.24807759960149,-8.149978100408944],[-36.249407999979134,-8.149351499571969],[-36.2587742996941,-8.147556600256818],[-36.26092119995333,-8.147099300392341],[-36.2609233143853,-8.147098868778412],[-36.261018199929886,-8.147079500018899],[-36.26145470027411,-8.14699060023593],[-36.262060999815176,-8.14682009956786],[-36.26417910018524,-8.145832199696224],[-36.26641750016745,-8.144740400249237],[-36.27031340014322,-8.142895200053353],[-36.27106450042628,-8.142528899888724],[-36.271513200074054,-8.14235039975105],[-36.271865200118796,-8.142267600069639],[-36.272217899836164,-8.142210000291213],[-36.27370709980277,-8.141984499784765],[-36.27425400002202,-8.141898699965],[-36.27468140012647,-8.141753599748775],[-36.275072900194075,-8.141574999786364],[-36.275394100257486,-8.141335500432954],[-36.276874299809045,-8.140037099732318],[-36.27902999993448,-8.138186699656426],[-36.27998669962642,-8.137642199727681],[-36.28150890021554,-8.137250099812224],[-36.28179060025592,-8.137177600066153],[-36.28435299989098,-8.13650499980582],[-36.28510110003572,-8.136316599931074],[-36.285726199904154,-8.136084500199487],[-36.28663950011279,-8.135721299997924],[-36.2876668987181,-8.13532521204383],[-36.288132800088604,-8.135145599889498],[-36.28871749971276,-8.134929400171654],[-36.288789923861906,-8.13490048220812],[-36.289474600272484,-8.134627100260438],[-36.29041270018588,-8.134314399689723],[-36.290902499750544,-8.134216399667096],[-36.29199449974626,-8.134001100170536],[-36.29212729993491,-8.133975900267536],[-36.29233319971735,-8.133933999954033],[-36.29386940005268,-8.133657200319462],[-36.29392123648949,-8.133647323682247],[-36.29493010004401,-8.133455100172664],[-36.29666629970989,-8.133131499818779],[-36.29758090033822,-8.132957599713347],[-36.29866659968372,-8.132752399603485],[-36.298846199692335,-8.132719899903385],[-36.29937330043744,-8.132627699608545],[-36.30054519980111,-8.132409899996825],[-36.3012071997524,-8.1322752004401],[-36.301530499732735,-8.13221880035728],[-36.301788599764016,-8.132192200209829],[-36.30201930015055,-8.132194200302099],[-36.30226670004806,-8.132217400112879],[-36.30390749963132,-8.132439799756929],[-36.304271699878996,-8.132483299964282],[-36.304582699831684,-8.132527900042545],[-36.30577369989631,-8.13267550037394],[-36.30817389960572,-8.132995800215943],[-36.30927530021489,-8.133137500095549],[-36.3109477001762,-8.133358500394415],[-36.31229849987582,-8.13353510026458],[-36.31283129962471,-8.133604099849256],[-36.31296140004853,-8.133623699673905],[-36.31365670009655,-8.133718300259334],[-36.314410799618656,-8.133837800374115],[-36.315638900314966,-8.133967200225996],[-36.3167242003615,-8.134071499999639],[-36.3177416996197,-8.134173699856289],[-36.319174000379746,-8.134302499860418],[-36.31974940011471,-8.134355600330673],[-36.320000800196695,-8.134390100122992],[-36.32031530031082,-8.134469100168811],[-36.322049400059704,-8.134948300323762],[-36.322365199694154,-8.135010699783953],[-36.322595200408095,-8.13504130011584],[-36.32289629972438,-8.135054600189587],[-36.324201799673276,-8.135077499626835],[-36.32543699961781,-8.135096399778982],[-36.326800899741656,-8.13510039996343],[-36.32746610038019,-8.135137499695825],[-36.327983699787865,-8.135189299746363],[-36.3290505997054,-8.135310100280847],[-36.32990079988194,-8.135427299929907],[-36.33150649982503,-8.135604800021419],[-36.33280369993077,-8.135749599864075],[-36.33491110016713,-8.13598419971096],[-36.33844160019962,-8.13571610011784],[-36.3415704998786,-8.135817799951399],[-36.34223430027267,-8.136009799812353],[-36.34315829971564,-8.136301799788127],[-36.3433796003882,-8.13635490025837],[-36.343610299875394,-8.136394799580257],[-36.34389459985582,-8.136427999852232],[-36.34677530013989,-8.136458500359447],[-36.34808819971063,-8.1364479000505],[-36.348762800063085,-8.136474400373228],[-36.34889689977202,-8.136488999967355],[-36.34903770032956,-8.136524900004037],[-36.3492120995587,-8.136576700054576],[-36.34943469975154,-8.136680200330956],[-36.3496721000873,-8.136814300039852],[-36.35002749956943,-8.137026700122078],[-36.35013879966584,-8.137078500172604],[-36.35021180033421,-8.137106800038744],[-36.350529000213164,-8.137229800314985],[-36.35073559966811,-8.137294900439244],[-36.3508498000781,-8.137323999802659],[-36.35092329987035,-8.137342700305384],[-36.35106010024339,-8.137366599788717],[-36.35168660035627,-8.1374136999822],[-36.35244410021496,-8.137449600018922],[-36.353437899639246,-8.137506000101741],[-36.35407890042086,-8.137533200097034],[-36.355715900368466,-8.137639099764641],[-36.35687110022103,-8.137685199911992],[-36.3606851996622,-8.137901600178694],[-36.36417139999006,-8.138102700279356],[-36.36439140024289,-8.138112699841205],[-36.36452280018704,-8.138129900274599],[-36.364727299725025,-8.138165099739508],[-36.36487280013954,-8.138196999591806],[-36.36531939987036,-8.138315800034059],[-36.36574450040831,-8.138457900111932],[-36.366948900371405,-8.138896600197908],[-36.36723919972923,-8.139012799800792],[-36.368140299735,-8.139346399716501],[-36.36827920002501,-8.13939779956876],[-36.36902620029879,-8.139666599733715],[-36.36980809966401,-8.139974300073835],[-36.370638899665416,-8.14026270006349],[-36.37078239998771,-8.140311199602118],[-36.371193900078325,-8.140444200339477],[-36.371207499626294,-8.140448599822976],[-36.3714166999207,-8.140505999951865]]}}]}
